:020000040800F2
:10000000A0480020490100086308000845080008CE
:100010005F08000821070008710D000800000000BB
:10002000000000000000000000000000C90A0008F5
:10003000250700080000000065080008B50B00084F
:100040006301000863010008630100086301000800
:1000500063010008630100086301000863010008F0
:1000600063010008630100086301000863010008E0
:1000700063010008630100086301000863010008D0
:1000800063010008630100086301000863010008C0
:1000900063010008630100086301000863010008B0
:1000A00063010008630100086301000863010008A0
:1000B0006301000863010008630100086301000890
:1000C0006301000863010008630100086301000880
:1000D0006301000863010008630100086301000870
:1000E0006301000863010008630100086301000860
:1000F0006301000863010008630100086301000850
:10010000630100086301000863010008630100083F
:10011000630100086301000863010008630100082F
:10012000630100086301000863010008630100081F
:10013000DFF810D000F054FA00480047DD3900081D
:10014000AFF30080A04800200648804706480047DB
:10015000FEE7FEE7FEE7FEE7FEE7FEE7FEE7FEE777
:10016000FEE7FEE7ED0B00083101000840EA01035D
:100170009B0703D009E008C9121F08C0042AFAD25D
:1001800003E011F8013B00F8013B521EF9D2704721
:10019000D2B201E000F8012B491EFBD270470022C9
:1001A000F6E710B513460A4604461946FFF7F0FF76
:1001B000204610BDCAB2401E10F8011F8A4202D06C
:1001C0000029F9D10020704730B5044600200346CD
:1001D00000E05B1C934203D2E05CCD5C401BF8D096
:1001E00030BD30B50B46014600202022012409E035
:1001F00021FA02F59D4205D303FA02F5491B04FAE0
:1002000002F52844151EA2F10102F1DC30BD2DE9F2
:10021000F05F0546002092469B468846064681468A
:1002200040241BE0284641464746224600F0F9F9A3
:1002300053465A46C01A914110D3114618462246D9
:1002400000F0E0F92D1A67EB01084F462246012025
:10025000002100F0D7F917EB00094E41201EA4F150
:100260000104DFDC484631462A464346BDE8F09F9C
:100270002DE9FE4F804681EA0300C00F0C46009036
:1002800021F0004123F00045B8EB0200A94105D25E
:100290004046214690461C460B46024623F000404D
:1002A000104347D0270DC7F30A00C3F30A51029049
:1002B000401A019040286BDAC3F3130040F4801B0E
:1002C0000098924620B10023D2EB030A63EB0B0B9C
:1002D00001985946C0F14002504600F093F9064695
:1002E0000D4650465946019A00F0ABF910EB080054
:1002F0006141002487EA115284EAE7731A4340D02F
:10030000009A62B3019A012A4FEA075215DC001BDA
:1003100061EB02014FF0004202EA0752CDE90042D0
:10032000001C41F5801132462B4600F0ABF903B0BA
:10033000BDE8F08F40462146F9E7001B61EB020162
:10034000001C41F5801300185B412018A2F500172E
:1003500047EB030140EAD570B6196D4111E06D0815
:100360004FEA360645EAC0754FEA0752001B61EBBB
:100370000201001C41F5801149084FEA30000019C4
:10038000514132462B4603B0BDE8F04F00F06BB947
:100390000098012240000023D0EB020263EBE073DF
:1003A000009821464FEAE074B8EB000061EB0401CD
:1003B000E9E783F000435BE781F0004158E72DE96E
:1003C000FE4F81EA030404F0004421F00041009450
:1003D0004FF0000B23F0004350EA01045ED052EAD4
:1003E00003045BD0C3F30A54C1F30A552C44A4F2AE
:1003F000F3340194A0FB0254C1F3130141F48011C2
:10040000C3F3130343F4801301FB024400FB034EC8
:10041000840A970A44EA815447EA8357A4FB076891
:1004200002958D0A05FB07854FEA932C04FB0C54BB
:100430002705029D4FEA065847EA1637B5EB08052F
:100440006EEB070C870E920E47EA811742EA831281
:10045000A7FB0201B6EB0B0164EB00042B0D43EA92
:100460000C335E1844EB1C50DA465146E7FB0201A0
:10047000C5F313044FEA0B3343EA14534FEA043233
:10048000019C43EA0603A4F10C040294009CCDE90C
:1004900000B400F0F7F803B0BDE8F08F002001468B
:1004A000F9E72DE9F04D81EA030404F0004B21F057
:1004B000004514464FF0000A23F0004150EA0502BF
:1004C00020D054EA01021DD0C5F30A570246C5F3F5
:1004D0001303C1F31300C1F30A5640F4801543F42B
:1004E0008013A7EB0608101BD64608F2FD3873EB05
:1004F000050002D308F1010801E092185B41B8F150
:10050000000F03DA00200146BDE8F08D00204FF413
:100510008011064684460EE0171B73EB050705D3D2
:10052000121B63EB050306434CEA010C49084FEA32
:10053000300092185B4150EA0107EDD152EA030006
:1005400012D082EA040083EA0501084305D0101B9B
:10055000AB4106D20122002306E000224FF0004307
:1005600002E06FF0010253101AEB06004CEB085149
:1005700010EB0A0041EB0B01BDE8F04D00F073B841
:10058000C1F30A52C1F3130140F2FF3341F4801169
:100590009A4202DA00200146704740F233439A4201
:1005A000A2F2334202DC524200F03BB800F02AB81B
:1005B00030B5041E71F1000404DB4FF000444042EA
:1005C00064EB0101141E73F1000405DB1C464FF0BF
:1005D0000043524263EB0403994208BF904230BD8E
:1005E000064C074D06E0E06840F0010394E8070080
:1005F00098471034AC42F6D3FFF79EFD08F102088D
:1006000028F10208202A04DB203A00FA02F1002037
:1006100070479140C2F1200320FA03F31943904040
:100620007047202A04DB203A21FA02F000217047AB
:1006300021FA02F3D040C2F120029140084319464A
:100640007047202A06DBCB17203A41FA02F043EA32
:10065000E07306E041FA02F3D040C2F1200291407B
:1006600008431946704710B5141E73F1000408DAE8
:10067000401C41F1000192185B411A4301D120F066
:10068000010010BD2DE9F04D92469B4611B1B1FA23
:1006900081F202E0B0FA80F220329046FFF7B2FF1A
:1006A00004460F4640EA0A0041EA0B0153465A4607
:1006B000084313D0114653EA010019D0C8F1400293
:1006C0005046FFF7AEFF05460E4650465946424695
:1006D000FFF798FF084305D0012004E02046394683
:1006E000BDE8F08D0020054346EAE0762C43374311
:1006F0000A986305E40AA0EB08000022FD0A44EA18
:1007000047540A3002D500200146E9E701051019D7
:100710006941DDE9084500196941BDE8F04DA2E7EE
:1007200000BFFEE770472DE9F04102460025002694
:10073000002000230024002791F803C00CF00F05CF
:1007400091F803C00CF0100CBCF1000F03D091F82D
:1007500002C04CEA050591F800C0BCF1000F31D091
:10076000146800202BE04FF0010C0CFA00F3B1F8F4
:1007700000C00CEA03069E4220D183004FF00F0C0C
:100780000CFA03F7BC4305FA03FC4CEA040491F8A5
:1007900003C0BCF1280F06D14FF0010C0CFA00FC8D
:1007A000C2F814C00AE091F803C0BCF1480F05D1AB
:1007B0004FF0010C0CFA00FCC2F810C0401C0828D5
:1007C000D1D31460B1F800C0BCF1FF0F34DD546820
:1007D00000202EE000F1080C4FF0010808FA0CF39D
:1007E000B1F800C00CEA03069E4221D183004FF00D
:1007F0000F0C0CFA03F7BC4305FA03FC4CEA0404A3
:1008000091F803C0BCF1280F05D100F1080C08FADB
:100810000CF8C2F8148091F803C0BCF1480F07D15E
:1008200000F1080C4FF0010808FA0CF8C2F810802B
:10083000401C0828CED35460BDE8F0814161704768
:100840000161704700BFFEE710B5482000F0B4F921
:100850004FF4E13000F08EFA00F080F810BD00BFD8
:10086000FEE770477047000029B1064A92690243CB
:10087000044B9A6104E0034A92698243014B9A61F6
:10088000704700000010024030B500210022002413
:1008900000232D4D6D6805F00C0121B1042905D010
:1008A000082923D105E0294D056022E0274D056088
:1008B0001FE0254D6D6805F47012234D6D6805F439
:1008C0008034022505EB92421CB9214D5543056049
:1008D0000BE01D4D6D6805F400351DB11C4D5543F1
:1008E000056002E0194D5543056002E0174D0560B3
:1008F00000BF00BF144D6D6805F0F0010909154DEA
:100900006B5C0568DD4045600F4D6D6805F4E06186
:10091000090A104D6B5C4568DD4085600A4D6D68C5
:1009200005F46051C90A0B4D6B5C4568DD40C5603C
:10093000054D6D6805F44041890B074D6B5CC5683A
:10094000B5FBF3F5056130BD0010024000127A00DE
:1009500000093D00000000201000002000B587B015
:10096000012141F21500FFF77FFF4FF40050ADF871
:10097000180010208DF81B0003208DF81A0006A91E
:100980002148FFF7D0FEA020ADF8180018208DF800
:100990001B0003208DF81A0006A91B48FFF7C3FEB1
:1009A0004020ADF8180004208DF81B0006A9164859
:1009B000FFF7B9FE1020ADF810000120ADF80C00D3
:1009C0000220ADF80A000720ADF814000020ADF8B1
:1009D0000800ADF80400ADF812004FF48270ADF8D5
:1009E00006004FF40070ADF80E0001A9074800F0B2
:1009F0004DF84FF400510448FFF722FF012103484E
:100A000000F02AF807B000BD0008014000300140A6
:100A100010B50024FF2000F003F80446204610BD66
:100A200010B5044600BF02210A4800F021F8002852
:100A3000F9D02146074800F027F800BF01210548FA
:100A400000F016F80028F9D0024800F01AF8C0B2F9
:100A500010BD00000030014021B1028842F0400288
:100A6000028004E002884FF6BF731A40028070478C
:100A70000246002013890B400BB1012000E000204A
:100A800070470146888970478181704710B5002200
:100A9000028802F441520B884C8823438C882343FC
:100AA000CC8823430C8923434C8923438C892343DB
:100AB000CC8923431A430280838B4FF2FF74234077
:100AC00083830B8A038210BD704710B500F002F8D3
:100AD00010BD00000CB50020019000903348006864
:100AE00040F480303149086000BF3048006800F4AD
:100AF000003000900198401C0190009818B90198AE
:100B0000B0F5A06FF1D12948006800F4003010B1B1
:100B10000120009001E0002000900098012843D1BE
:100B20002348006840F0100021490860084600682A
:100B300020F0030008600846006840F002000860EA
:100B40001A484068194948600846406848600846A5
:100B5000406840F4806048600846406820F47C109B
:100B600048600846406840F4E8104860084600685D
:100B700040F08070086000BF0C48006800F0007012
:100B80000028F9D00948406820F003000749486070
:100B90000846406840F00200486000BF03484068D3
:100BA00000F00C000828F9D10CBD00000010024034
:100BB00000200240704700004FF0E021096921F059
:100BC00004014FF0E0221161C21700EB5272D21003
:100BD000044B1A60194609684FF47A725143024A6D
:100BE000116070472C0000203000002010B5134821
:100BF000006840F00100114908600846406810494B
:100C000008400E494860084600680E4908400B49F4
:100C100008600846006820F48020086008464068A4
:100C200020F4FE0048604FF41F008860FFF74DFF7E
:100C30004FF000600449086010BD00000010024041
:100C40000000FFF8FFFFF6FE08ED00E001F400727F
:100C5000B2F5007F00D100BFCA430280704721B1C6
:100C6000828942F40052828104E082894DF6FF734A
:100C70001A408281704702460020B1F5007F00D102
:100C800000BF13880B400BB1012000E0002070472B
:100C90002DE9F04786B005460E460024A24600BF67
:100CA000A1460027B08900B100BF2F462C8A4CF620
:100CB000FF700440F08804432C82AC894EF6F31098
:100CC0000440B08831890843718908430443AC81EA
:100CD000AC8A4FF6FF400440B0890443AC8201A8BF
:100CE000FFF7D2FD1F48874202D1DDF810A001E0D6
:100CF000DDF80CA0A88900F4004040B10AEBCA005E
:100D000000EB0A1031684900B0FBF1F807E00AEB8C
:100D1000CA0000EB0A1031688900B0FBF1F86420CA
:100D2000B8FBF0F004012009642101FB1089A889B7
:100D300000F4004040B1322000EBC900B0FBF1F0FC
:100D400000F00700044308E0322000EB09106421A2
:100D5000B0FBF1F000F00F0004432C8106B0BDE8B9
:100D6000F087000000380140C1F30802828070471C
:100D700000BFFEE710B586B00446012144F205002D
:100D8000FFF772FD18208DF817004FF40070ADF8D2
:100D9000140003208DF8160005A91448FFF7C3FCC2
:100DA00004208DF817000002ADF8140005A90F48C3
:100DB000FFF7B9FC01940020ADF810000C20ADF84D
:100DC0000E000020ADF80C00ADF80A00ADF80800E8
:100DD00001A90748FFF75CFF60210548FFF736FFD0
:100DE00001210348FFF73BFF06B010BD000801409A
:100DF0000038014010B50446240300F01FF900F04C
:100E00008BF810210B48FFF719FD2020FFF708FE93
:100E1000C4F30740FFF704FEC4F30720FFF700FE0A
:100E2000E0B2FFF7FDFD10210248FFF709FD00F0D9
:100E300073F810BD000801402DE9F04106460C464C
:100E4000174610210F48FFF7F9FC0320FFF7E8FDD4
:100E5000C4F30740FFF7E4FDC4F30720FFF7E0FD0C
:100E6000E0B2FFF7DDFD002504E0FFF7D1FD70558E
:100E7000681C85B2BD42F8DB10210248FFF7E0FC98
:100E8000BDE8F0810008014010B5002410210E4893
:100E9000FFF7D4FC9020FFF7C3FD0020FFF7C0FD53
:100EA0000020FFF7BDFD0020FFF7BAFDFFF7B0FD02
:100EB00044EA0024FFF7ACFD044310210248FFF789
:100EC000BFFC204610BD00000008014010B5002402
:100ED00010210748FFF7B2FC0520FFF7A1FDFFF73F
:100EE00097FD044610210248FFF7AAFC204610BDDA
:100EF0000008014010B510210648FFF79FFCAB2009
:100F0000FFF78EFD10210348FFF79AFC032001F044
:100F1000A5F810BD0008014010B500BFFFF7D6FFCF
:100F200000F001000028F9D110BD00002DE9F05FAC
:100F300081460F461646DFF8A8B04FEA1738C7F3C8
:100F40000B0ACAF58054A64200DC344644E04FEA5E
:100F500008314FF480525846FFF76EFF002508E035
:100F60000AEB05001BF80000FF2800D003E0681C16
:100F700085B2A542F4DB00BFA54216DA4046FFF772
:100F800039FF002507E019F8050005EB0A010BF809
:100F90000100681C85B2A542F5DB4FEA08314FF429
:100FA0008052584600F05AF804E022463946484636
:100FB00000F054F8A64200D10FE008F101084FF00C
:100FC000000AA1442744301B86B2B6F5805F02DDDB
:100FD0004FF4805400E03446B9E700BFBDE8F09F0D
:100FE000A03400202DE9F04106460C46174600F0DB
:100FF00025F810211048FFF721FC0220FFF710FD13
:10100000C4F30740FFF70CFDC4F30720FFF708FD0A
:10101000E0B2FFF705FD002504E0705DFFF700FD7D
:10102000681C85B2BD42F8DB10210348FFF708FCBD
:10103000FFF772FFBDE8F0810008014010B51021F4
:101040000548FFF7FBFB0620FFF7EAFC10210248EA
:10105000FFF7F6FB10BD0000000801402DE9F0414C
:1010600007460E461446F0B2C0F58075AC4200DC6F
:10107000254612E02A4631463846FFF7B3FFAC4218
:1010800000D10BE02F442E44601B84B2B4F5807F66
:1010900002DD4FF4807500E02546EBE700BFBDE8B8
:1010A000F08100000FB4054B10B503A9044A029863
:1010B00000F0DAF810BC5DF814FB0000F936000807
:1010C0003C00002002E008C8121F08C1002AFAD123
:1010D00070477047002001E001C1121F002AFBD1B8
:1010E000704700002DE9FF5F82B00021DDE9043088
:1010F000020DDDF840B0034318D044F61050A2F2C0
:10110000FF3242431514119801281FD0A5EB0B00A4
:10111000401C5FEA000A4FF000064E4FDFF838919E
:10112000B046504615D5CAF1000413E011980124C9
:101130004AA3012801D16FEA0B010298119AC0E974
:101140000031C0E9024206B0BDE8F09FCBF10000DB
:10115000DFE704460021404A491842EB0450CDE93C
:10116000001012E0E00707D032463B4640464946B1
:10117000FFF725F98046894632463B461046194618
:10118000FFF71DF906460F466410002CEAD1DDE991
:101190000401DDE90023BAF1000F06DAFFF70FF9C9
:1011A00042464B46FFF70BF905E0FFF77AF9424656
:1011B0004B46FFF776F904460E460022284BFFF710
:1011C000F7F903D84FF0FF30014607E00022254B26
:1011D00020463146FFF74CF8FFF7D2F9102409E01A
:1011E000002C0ADB0A220023FFF711F8039B3032A0
:1011F0001A55641E50EA0102F2D1641C039AC4F12C
:1012000011031444119A012A03D0012208430DD17D
:101210000AE0084304D000204FF0110B119072E750
:10122000A3EB0B056D1E0DE05B4504DD4FF00002E6
:1012300005F1010504E003DA4FF00002A5F1010514
:10124000002AECD002981199C0E90231C0E90045AA
:1012500079E70000000014400000F03F300000007B
:101260000000F0430000E03F2DE9FF4F95B09A46A3
:10127000884606460025EEE1252877D1002427463A
:10128000F94A0121039400E0044316F8013F203B92
:1012900001FA03F01042F7D130782A2811D06FF00C
:1012A0002F033078A0F13002092A16D8039A44F0AF
:1012B000020402EB820203EB42021044761C03900C
:1012C000EFE758F8042B0392002A03DA504244F463
:1012D0000054039044F00204761C30782E2816D176
:1012E00016F8010F44F004042A280DD06FF02F02E5
:1012F0003078A0F13003092B09D807EB870302EB04
:101300004303C718761CF3E758F8047B761C307843
:101310006C280FD006DC4C2817D068280DD06A281E
:1013200014D104E0742810D07A280FD10DE044F4D1
:1013300000140AE044F4801401E044F4401472788C
:10134000824202D104F58014761C761C307866281F
:101350000BD013DC582877D009DC002875D045283D
:10136000F6D04628F4D047281AD193E118E0632834
:1013700035D0642879D0652812D18BE1702873D0DC
:1013800008DC6728F1D069286FD06E280DD06F284F
:1013900006D1ACE073282CD0752874D0782853D0AF
:1013A0005246179990476D1C54E1C4F3025002282D
:1013B00009D003280DD0D8F8001004280DD00D60F6
:1013C00008F1040846E1D8F80010EA17C1E9005214
:1013D000F6E7D8F800100D80F2E70D70F0E718F886
:1013E000041B8DF8001000208DF80100EB46012051
:1013F00003E058F804BB4FF0FF3061074FF00001E5
:1014000002D40DE009F101018946B9420FDA8145A4
:10141000F8DB1BF809100029F4D108E009F10101FB
:1014200089468142FADB1BF809100029F6D103989E
:101430005346A0EB090721463846179A00F080FA78
:10144000284400EB090507E044E008E10DE01BF843
:10145000010B524617999047B9F10109F7D253464B
:1014600021463846179AF2E039E00A21C4F30252C5
:101470004FF0000B0091022A06D058F8040BC11758
:10148000032A09D00AE023E008F1070020F0070250
:10149000F2E80201904605E000B2C117042A01D12A
:1014A00040B2C117002906DA0A460021404261EB2A
:1014B00002012D2202E0220504D52B228DF8042002
:1014C000012203E0E20701D02022F7E7914657E02E
:1014D0000A2100E010214FF0000B00910BE01021D9
:1014E0004FF0000B44F004040827009103E00820AB
:1014F0004FF0000B0090C4F30252022A05D058F8B6
:10150000040B0021032A08D008E008F1070020F0AE
:101510000702F2E80201904603E080B2042A00D1FB
:10152000C0B24FF0000922072AD53278702A07D0BE
:10153000DDF800C08CF0100C5CEA0B0C05D00EE05E
:1015400040228DF80420012208E050EA010306D071
:1015500030238DF804308DF8052002229146009B3F
:1015600083F0080353EA0B030AD150EA010201D1C8
:10157000620705D530228DF804204FF001097F1E47
:101580003278582A04D039A20C920CAA02920BE0AD
:101590003BA2F9E75B46009AFEF739FE0C9B9B5C89
:1015A000029A521E0292137050EA0102F2D102987E
:1015B00004A9081A00F1200B600702D524F4803436
:1015C00000E001275F4502DDA7EB0B0000E00020F3
:1015D00000EB0B01009003984944401A0390E0038C
:1015E00006D453462146179A039800F0A9F90544FA
:1015F000002706E001A85246C05D179990476D1C70
:101600007F1C4F45F6DBE0030CD553462146179A65
:10161000039800F095F9054404E0302052461799EC
:1016200090476D1C0099481E00900029F5DC08E0E9
:101630000298029952460078491C029117999047E6
:101640006D1CBBF10001ABF1010BF1DC5BE100F0C3
:1016500065F90544761C307800287FF40DAE19B08A
:101660002846BDE8F08F00000928010030313233F0
:1016700034353637383961626364656600000000CE
:1016800030313233343536373839414243444546B8
:1016900000000000600700D4062708F1070020F0D2
:1016A0000700F0E80223804603F0004C5FEA0C00DC
:1016B00001D097A009E0200501D596A005E0E0073C
:1016C00001D095A001E0AFF24C001390307823F0E8
:1016D000004365280CD006DC452809D046281DD0DB
:1016E00047287FD13BE0662818D067287AD136E0BA
:1016F0000021112F01DB112000E0781CCDE9000151
:1017000004A90CA8FFF7EEFCDDE90D010C9A4FF0DF
:10171000000B07F10109109200914EE04FF00040DC
:101720000097CDE9011004A90CA8FFF7DBFCDDE967
:101730000D020C9B0F994FF0000B914610930092F5
:1017400011B9791C00EB0109B7EB090003D4C0F112
:10175000FF3B07F10109A9EB0700019042E0012FCF
:1017600000DA01270021112F01DD112000E03846A9
:10177000CDE9000104A90CA8FFF7B4FCDDE90D01D7
:101780000C9A00914FF0000BB946109221070FD42C
:10179000009A4A4503DA914601E0A9F10109B9F13D
:1017A000010F05DD109AA9F10101515C3029F4D037
:1017B000B84202DA10F1040F03DA0121CDE9011079
:1017C00010E0002803DC8344A9EB000102E0411C87
:1017D000494500DD8946A0EB0B00401C01904FF00D
:1017E00000400290200705D40198484502DB4FF0E5
:1017F000FF30019000208DF84B0002980DF14B074F
:10180000B0F1004F25D002200C902B200D900298B3
:1018100000280CDA404202902D200D9007E00A21AA
:101820000298FEF7DEFC3031029007F8011D0C999A
:10183000481E0C900029F2DC02980028EFD1791E96
:101840000D980870307800F0200040F0450007F84F
:10185000020D11A8C01BC01D02901398007800B1A2
:10186000012000EB0901019801EBE07102980144AD
:101870000398401A401E0390E00306D453462146C5
:10188000179A039800F05CF805441398007818B193
:101890005246179990476D1CE00323D553462146C5
:1018A000179A039800F04CF805441BE0BBF1000FB9
:1018B00007DB0098584504DD1098179910F80B00C5
:1018C00001E0179930205246904701980BF1010B27
:1018D000401E05F10105019004D12E2052461799B2
:1018E00090476D1CB9F10001A9F10109DEDC05E0AA
:1018F00017F8010B5246179990476D1C0299481E24
:1019000002900029F4DC53462146179A03989EE67C
:101910002D0000002B000000200000002DE9F04108
:10192000044600251E461746880404D405E03946BF
:101930002020B0476D1C641EF9D52846BDE8F08113
:101940002DE9F041044600251E469046C80301D506
:10195000302700E02027880404D505E041463846BA
:10196000B0476D1C641EF9D52846BDE8F081000023
:101970002DE9F0410446884600202071401E606237
:101980004146204602F06CFB10B10420BDE8F08116
:1019900004F2362001F0FDFF074694F83850EB2D95
:1019A00003D0E92D01D0E82D43D14AF655208742D6
:1019B00008D1082223A104F18A00FEF705FC08B92A
:1019C0000020E3E704F1430001F0E3FF0646452071
:1019D000055D701E304060BBB6F5007F29DBB6F5B3
:1019E000805F26DC2DB3681E284010BB04F1460042
:1019F00001F0CFFFE8B14820005D401E012818D853
:101A000004F1490001F0C5FF98B104F14B0001F069
:101A1000C0FF802806DA04F1580001F0C0FFB0F5DD
:101A2000803F06D304F14E0001F0B3FF08B100205F
:101A3000ACE74AF65520874201D10220A6E70320F1
:101A4000A4E700004641543332202020000000006B
:101A50000246891ED069801E884201D80020704746
:101A60005389506B03FB0100F9E700002DE9F047B3
:101A700080460C4604F11A0001F08BFF10B10020E3
:101A8000BDE8F087207800F03F00401E00EB8001A9
:101A900001EBC0054FF00109002621E01849895DDE
:101AA000081901F076FF0746B9F1000F11D0FF2D9C
:101AB0000BD8384601F038FD824629466D1C38F8AF
:101AC000110001F031FD824501D00020D8E7B94670
:101AD00005E04FF6FF70874201D00020D0E7761C6A
:101AE0000D2EDBD3207800F0400038B1B9F1000FA3
:101AF00004D038F8150008B10020C1E70120BFE785
:101B00000C4500082DE9F04782468846DAF8004087
:101B1000B8F1000F06D1676917B1E069B84215D86E
:101B2000012713E04146504601F06CFE0546022DA8
:101B300002D20120BDE8F087681C08B92846F9E701
:101B4000E069A84201D92846F4E74746A06908B9E8
:101B50000020EFE70026474518D17E1CE069B0421F
:101B600000D802263146504601F04CFE0546012DB4
:101B700001D0681C08B92846DCE73DB16569022D33
:101B800003D3E069A84200D92F460026E6B93E46B5
:101B900000BF761CE069B04204D80226BE4201D9DB
:101BA0000020C7E73146504601F02CFE054605B936
:101BB00009E0012D01D0681C08B92846BAE7BE42E9
:101BC000E7D10020B6E700BF4FF0FF323146204694
:101BD00002F060FA8146B9F1000F08D1B8F1000FA8
:101BE00005D032464146204602F054FA8146B9F10A
:101BF000000F0FD16661A069A0B1D4E90610801E64
:101C000081420FD8A069401EA061607940F00100B8
:101C1000607107E0B9F1010F02D14FF0FF3000E031
:101C200001200646304685E72DE9F34F85B0814611
:101C3000069800680490D9F80000D0F810A000259C
:101C400000BF04A802F01DFC83460BF1010018B987
:101C5000062007B0BDE8F08FBBF5803F05D34FEA03
:101C60001B4228466D1C2AF810201FFA8BF4202CEA
:101C700003DB2F2C01D05C2C00D111E0802C06DA84
:101C800021467BA0FEF796FA08B10620E1E7FF2D7A
:101C900001D30620DDE728466D1C2AF81040D0E766
:101CA00000BF202C01DA042611E002E00498401C59
:101CB0000490049800782F28F8D0049800785C28C5
:101CC000F4D0002604980078202800D20426049935
:101CD0000698016008E0681E3AF81040202C02D0F7
:101CE0002E2C00D002E06D1E002DF4D100BF00208C
:101CF0002AF815000DB90620ABE7002700E07F1C8D
:101D00003AF817002028FAD01FB93AF817002E2801
:101D100001D146F0030600E06D1E25B1681E3AF8B9
:101D200010002E28F8D120220B2109F12000FEF707
:101D30002FFA4FF00008CDF80C800820029000BF69
:101D400038467F1C3AF8104004B966E0202C03D0D6
:101D50002E2C04D1AF4202D046F00306F0E7DDE9B5
:101D60000210884201D2AF4216D102980B2802D14C
:101D700046F0030651E0AF4201D046F00306AF4201
:101D800000D94AE02F46082003900B2002904FEA2A
:101D900088604FEA1068D3E7802C0ADB46F0020621
:101DA000204601F0C1FB4FF46A71019001F082FB03
:101DB0000446FF2C11DD0298401E0399884204D886
:101DC00046F0030602980390BAE722120398411CDA
:101DD000039109F120010A5418E024B1214627A0FB
:101DE000FEF7E8F918B15F2446F003060EE0412C37
:101DF00003DB5A2C01DC48F00208612C06DB7A2C4C
:101E000004DC48F00108A4F1200084B20398411CCE
:101E1000039109F120010C5492E700BF99F82000CA
:101E2000E52802D1052089F820000298082803D16E
:101E30004FEA88604FEA106808F00C000C2803D0C5
:101E400008F00300032801D146F0020606F0020064
:101E500048B908F0010008B146F0100608F0040087
:101E600008B146F008062B2000F809600020F0E6D3
:101E70002A3A3C3E7C223F7F000000002B2C3B3D59
:101E80005B5D00002DE9FF4F85B09A4603AA012152
:101E9000059800F064FB18B1012009B0BDE8F08F8F
:101EA000DDF80C904FF03F08082701E07806070E98
:101EB00037B1B9FBF7F0B0FBF8F0B0F5806FF5D8AB
:101EC00007B9FF274FF480515046FEF768F90AF52D
:101ED000DF764FF0000B444669E0069850F82B502F
:101EE000642D07D801D1484603E06420B9FBF0F027
:101EF000684305466019484501D8601901D3A9EB2C
:101F0000040505B959E0214606F1080002F01DFA62
:101F1000294606F10C0002F018FA07983071B4FB5C
:101F2000F8F0B0FBF7F00490B4FBF8F0B0FBF7F179
:101F300007FB1100C0B20290B4FBF8F008FB1040A0
:101F4000401CC0B2019002987070C021049801EA50
:101F5000900001990843B0700498F0706019401E19
:101F6000B0FBF8F0B0FBF7F004906019401EB0FB36
:101F7000F8F0B0FBF7F107FB1100C0B20290601956
:101F8000401EB0FBF8F108FB1100401CC0B20190EC
:101F900002987071C021049801EA900001990843E9
:101FA000B0710498F07110360BF1010B2C44BBF1A9
:101FB000040F02D20CB14C458FD300BF4AF6552115
:101FC0000AF5FF7002F0BBF9012300225146059883
:101FD00000F014FB08B101205FE700205DE700007E
:101FE00001460B48007888420FDC09484078884257
:101FF00001DB0120704706488078884205DC0448F0
:10200000C078884201DB0120F4E70020F2E70000FD
:1020100019450008014610480079884219DC0E482D
:102020004079884201DB012070470B488079884263
:1020300005DC0948C079884201DB0120F4E7064845
:10204000007A884205DC0448407A884201DB01209E
:10205000EAE70020E8E70000194500080146114AB8
:1020600012684A434FF0E0235A6100229A611A46EF
:10207000126942F001021A6100BF4FF0E0221069BC
:1020800000F001021AB100F48032002AF5D04FF0BE
:10209000E022126922F001024FF0E0231A610022CF
:1020A0009A6170472C0000202DE9F04104460E464D
:1020B000D4F800800021204600F0E5F90546EDB98E
:1020C000002700BF4046A16901F0CAFF054605B1DF
:1020D00013E0E0690078E52802D0E069007820B9D3
:1020E000781C0746B04201D107E0002701212046B5
:1020F00000F0B7F80546002DE4D000BF042D00D154
:1021000007252846BDE8F0812DE9F04704468946B9
:10211000204602F091F910B10120BDE8F087494650
:102120002046FFF795FC064666624FF4805104F1A5
:102130003800FEF734F804F138080127002500E0E4
:102140003D446089A84207D9721960783B464146F0
:1021500000F054FA0028F3D06089A84201D0012091
:10216000DBE70020D9E72DE9F0470446D4F800A0CA
:102170000021204600F087F9064616B13046BDE83A
:10218000F0874FF0FF08C1464FF0FF30E06200BF1C
:102190005046A16901F064FF064606B15EE0E069C1
:1021A00005780DB9042659E0E069C07A00F03F07D0
:1021B000A771E52D04D007F0080038B10F2F05D026
:1021C0004FF0FF084FF0FF30E06240E00F2F22D1C8
:1021D0002B20005D00F0400098BB05F0400038B1B6
:1021E00005F0BF05A8462069E062E06990F80D900F
:1021F00045450CD1E069407B484508D1E169DAF8F2
:102200001000FFF733FC10B1A8F1010000E0FF203F
:1022100000F0FF081BE0B8F1000F05D1E06902F003
:10222000B2F8484500D119E02B20005D00F0010014
:1022300040B90B2204F12001E069FDF7C5FF08B9A0
:102240000CE004E04FF0FF084FF0FF30E0620021A7
:10225000204600F006F80646002E99D000BF304612
:102260008DE72DE9F041044688462668206900F193
:102270002007B7F5001F01D30020A061A06910B9A5
:102280000420BDE8F081B089B7FBF0F100FB1170CC
:10229000002847D1A069401CA061606938B9308925
:1022A000B0EB571F3ED80020A0610420E9E7B089B9
:1022B000B7FBF0F07189491E084098BB2046616960
:1022C00001F0A0FA0546012D01D80220D9E7681CCB
:1022D00008B90120D5E7F069A8421DD8B8F1000F70
:1022E00003D10020A0610420CBE720466169FFF7FD
:1022F00009FC05460DB90720C3E7012D01D10220D5
:10230000BFE7681C08B90120BBE729463046FFF744
:10231000FBFE08B10120B4E7656129463046FFF7AE
:1023200097FBA0612761B089B7FBF0F100FB117149
:1023300006F138000844E0610020A2E72DE9FE4FD5
:10234000044626682B20005D00F0A00010B1062096
:10235000BDE8FE8F4FF0000901E009F10109306985
:1023600030F819000028F8D1D4E90912206A8DE864
:1023700007009DF80B0000F0010030B340212B2036
:1023800001554FF001080FE01FFA88F3694604F188
:102390002000326901F0C2F92046FFF7E4FE05464D
:1023A00005B104E008F10108B8F1640FECD300BFF7
:1023B000B8F1640F01D10720CAE7042D01D02846E7
:1023C000C6E79DF80B102B2001559DF80B0000F07F
:1023D000020030B109F10C000D21B0FBF1F0401CFE
:1023E00000E00120074639462046FFF75DFE05461E
:1023F00055BB781E071E27D02069A0EB4711204649
:1024000000F041F80546FDB904F1200001F0BBFFE2
:10241000824600BF3046A16901F022FE054605B1A3
:1024200010E0FAB2E1695346306901F0FBFE012089
:10243000307100212046FFF714FF054615B9781EBC
:10244000071EE7D100BF00BFDDB93046A16901F02A
:1024500007FE0546ADB92021E069FDF7A0FEE06961
:10246000216A0160616A4160218D018194F82A101E
:1024700081722B20005D00F01800E16908730120D3
:102480003071284664E72DE9F04104460E46256880
:10249000B6F5001F02D206F01F0010B10220BDE801
:1024A000F0812661A7681FB92878032800DB2F6B0D
:1024B00047B92889B0EB561F01D80220EFE7286BF7
:1024C000A0611DE06889A98900FB01F811E0394687
:1024D000204601F097F90746781C08B90120DEE78D
:1024E000022F02D3E869B84201D80220D7E7A6EB51
:1024F00008064645EBD239462846FFF7A9FAA061FF
:102500006761A06908B90220C9E7A889B6FBF0F0A5
:10251000A1690844A061A889B6FBF0F100FB116134
:1025200005F138000844E0610020B8E770B50446C2
:1025300001267CB9FEF712FA4FF4FA7500BF681E47
:1025400080B2051EFBD1FEF7D5FC002000F041F85B
:10255000064601E0012600BF00BF304670BD10B541
:1025600003460420A3B9012904D0022906D0032977
:102570000BD107E04FF4C064146006E04FF48054C0
:10258000148002E00124146000BF00BF002001E0BD
:10259000042000BF00BF10BD2DE9F04105460E46E6
:1025A00014461F464FF0040865B904F500744FF651
:1025B000FF7000EA073221033046FEF73DFC4FF082
:1025C000000802E04FF0040800BF00BF4046BDE82D
:1025D000F08170B5044601255CB9FEF755FC06464E
:1025E0004EF61770864202D125F0010500E0012564
:1025F00001E0012500BF00BF284670BD2DE9F0476E
:1026000006460F4614461D464FF0040915B904202E
:10261000BDE8F08776B904F500744FEA04384FF648
:10262000FF7000EA053241463846FEF77FFC4FF066
:10263000000902E04FF0040900BF00BF4846E7E789
:1026400038B50546284600F0A6FD04463CB9694663
:10265000284601F03CFF04460CB9002028602046C3
:1026600038BD00002DE9FF4F99B00E4619A801F0C2
:1026700067F903900398002803DA0B201DB0BDE82A
:10268000F08FFE49039851F8200028B10021FB4A41
:10269000039852F8200001700398C0B216900020F1
:1026A00015901698FFF742FF0290029800F0010083
:1026B00008B10320E2E7029800F0040008B10A2004
:1026C000DCE706B9EE4E70681290129820B912AA93
:1026D00003211698FFF743FF129840B11298B0F506
:1026E000004F04D81298401E1299084008B10120EA
:1026F000129014AA02211698FFF731FF08B10120A9
:10270000BCE7BDF85000B0F5805F0BDCBDF85000B1
:10271000B0F5007F06DBBDF85000401EBDF850103C
:10272000084008B10120A9E7307800F00F001890A8
:102730007078012804DB7078022801DC707800E0F2
:1027400001200590B16889B1B168B1F5004F0DD88D
:10275000BDF85000C11700EBD1614911B268B2FB5E
:10276000F1F301FB132109B9B16801E04FF40071E5
:102770000491F068B0F1807F05D8F068411E0840F0
:1027800008B9F06800E000200690BDF850100698E7
:10279000B0FBF1F00690BDF850101C98B0FBF1F0C2
:1027A0001390139808B9112068E71B9C0CB91120ED
:1027B00064E74FF0000ACDF83CA000BF0FAA01214A
:1027C0001698FFF7CCFE08B1012057E7189800F0E3
:1027D000080040B90F983F2805D94FF03F0A0F98DD
:1027E000A0EB0A000F900F98802801D20E2045E739
:1027F00000BF00BF0698802801D980200690189855
:1028000000F0020028B1189800F0010008B9032771
:1028100007E0189800F0010008B913202EE70227FE
:1028200000BF00BF01F088F80F990844109000BF66
:10283000069D032F2DD195B90F984FEA50494FF0BF
:10284000000B012502E00BF1010B6D008D4830F803
:102850001B0020B18B4830F81B004845F3D90F9876
:10286000B0FBF5F8082000EB8800BDF850100844D4
:10287000401EB0FBF1F00890202009900020079046
:102880004FF6F570804502D97F48804539D90E2032
:10289000F4E695B90F984FEA10394FF0000B012577
:1028A00002E00BF1010B6D00784830F81B0020B1FD
:1028B000764830F81B004845F3D90F98B0FBF5F87F
:1028C00040F6F570804503D9042000EB480906E086
:1028D000012708EB4800401C032101EB5009BDF81B
:1028E00050004844401EBDF85010B0FBF1F0089075
:1028F0000120099004984001BDF85010B0FBF1F0A0
:102900000790099850440E90059A08990E9801FB7B
:102910000201079808440D9012990D980844401E32
:10292000491E20EA01010D98A1EB0009032F06D1F1
:102930000998484409900E9848440E9013E0059871
:10294000B9FBF0F100FB119038B1A9F10109099828
:10295000401C09900E98401C0E900598B9FBF0F1B0
:102960000898084408900D9800EB0510A0EB0A00A9
:102970000F99884201D90E2080E60F9909980A1A0A
:102980000599089800FB11210798081AB0FBF5F883
:10299000032F0BD14FF6F570804507D8069818B96C
:1029A0006808069000B135E00E2067E6022F28D1B6
:1029B0004FF6F570804517D9069830B94020B0EB36
:1029C000450F02D36800069024E0189800F002003A
:1029D00008B103271EE0069820B9680006908028F9
:1029E00000D817E00E2049E640F6F570804508D87B
:1029F000069820B968000690802800D80AE00E20CA
:102A00003CE6012F05D140F6F570804501D90E2036
:102A100034E600E00CE700BFBDF850102046FDF79B
:102A2000BEFB1BA0016821604168616001892181B2
:102A3000807AA072BDF8501004F10B0001F07FFC09
:102A40006573099881B204F10E0001F078FC0598D5
:102A50002074032F01D1002000E0049881B204F11A
:102A6000110001F06CFC0F98B0F5803F16D20F9862
:102A700081B204F1130001F062FC14E03400002084
:102A80004045000832450008F5FFFF0F24450008C7
:102A9000EBFE904D53444F53352E300004F120008F
:102AA0000F9901F052FCF82060753F2104F11800E5
:102AB00001F045FCFF2104F11A0001F040FC5146F1
:102AC00004F11C0001F041FC032F25D104F1430067
:102AD000109901F03AFC04F12400089901F035FC4A
:102AE000022104F12C0001F030FC012104F130003E
:102AF00001F025FC062104F1320001F020FC8020C9
:102B000084F84000292084F84200132283A104F1B4
:102B10004700FDF72BFB16E004F12700109901F0A8
:102B200014FC089881B204F1160001F008FC802022
:102B300084F82400292084F8260013227CA104F1C3
:102B40002B00FDF713FB4AF6552104F5FF7001F049
:102B5000F6FB0123524621461698FFF74FFD08B1B8
:102B600001208BE5032F33D101230AF10602214610
:102B70001698FFF743FDBDF850102046FDF70FFBF8
:102B80007049204601F0E1FB6F4904F5F27001F055
:102B9000DCFBA8F1010104F5F47001F0D6FB022181
:102BA00004F5F67001F0D1FB4AF6552104F5FF70EB
:102BB00001F0C5FB01230AF1070221461698FFF731
:102BC0001DFD01230AF1010221461698FFF716FDAB
:102BD000BDF85020139800FB02F12046FDF7DFFA04
:102BE0000E980C904FF0000B40E0032F0FD16FF0C8
:102BF0000701204601F0A9FB391F201D01F0A5FBAC
:102C00006FF0704104F1080001F09FFB09E0012F13
:102C100001D14E4801E06FF007000146204601F067
:102C200094FB0898119000BF13991198884201D91C
:102C3000139800E0119881464B4621460C9A16984D
:102C4000FFF7DCFC08B1012018E5BDF85010204664
:102C5000FDF7A5FA0C9848440C901198A0EB0900D8
:102C6000119011980028DFD10BF1010B05988345D5
:102C7000BBD3032F01D1284600E00798119000BF75
:102C800013991198884201D9139800E01198814650
:102C90004B4621460C9A1698FFF7B0FC08B101206C
:102CA000ECE40C9848440C901198A0EB09001190AA
:102CB00011980028E4D100BF032F02D10C201790F7
:102CC0000DE00F98B0F5803F02D30620179006E084
:102CD000022F02D10420179001E00120179000BFBD
:102CE000189800F0080070B90F980A9000200B9017
:102CF00023460AA9DDE91602FFF7C4F801900198FE
:102D000008B10198BAE4002211461698FFF727FC93
:102D100008B10120B2E40020B0E400004E4F204E84
:102D2000414D4520202020464154333220202000B0
:102D30004E4F204E414D452020202046415420201A
:102D4000202020005252614172724161F8FFFF0061
:102D5000F7B582B016460398019001A800F0F0FD87
:102D60000446002C02DA0B2005B0F0BD0F4850F8E5
:102D7000245025B100200D4941F824002870029804
:102D800040B102994C7000200299087007490298DE
:102D900041F824000EB90020E6E7002202A903A8AA
:102DA00000F0E4FF07463846DEE70000340000206C
:102DB0002DE9F747ADF50D7D0446164624B90920E7
:102DC0000DF5107DBDE8F08706F03F06324680A97C
:102DD0008EA800F0CBFF0546002D73D180982060AF
:102DE000809881908099C1F810D081A88E9900F0C8
:102DF0002FFC05462DB99DF82F0200F0800000B190
:102E0000062506F01C00002854D045B1042D03D13E
:102E100081A8FFF793FA054646F008060AE006F097
:102E2000040008B1082505E09DF80A0200F0110031
:102E300000B10725002D4FD106F0080000284BD027
:102E400000F07AFD8146889901F10E00494601F0B3
:102E50007CFA889901F11600494601F076FA8899C2
:102E6000809800F0A8FD074620208899C8720022AB
:102E70008899809801F075FA889901F11C00002169
:102E800001F063FA01208099087197B18098D0F819
:102E900024800022394681A801F004FA05463DB994
:102EA0004146809801F0DCF80546781E809948611B
:102EB00000BF11E085B99DF80A0200F0100010B1C2
:102EC000042509E076E006F0020028B19DF80A0228
:102ED00000F0010000B107254DB906F0080008B167
:102EE00046F040068098406A206288986062002D13
:102EF00060D18899809800F05EFDA060889901F10A
:102F00001C0000F04CFDE0608098C088A080267412
:102F100000206074E06160614FF4805104F128008A
:102F2000FDF73DF906F02000002843D0E0680028B6
:102F300040D0E0686061809840898099898900FB71
:102F400001F9A768D4F80C800CE03946204600F05F
:102F500059FC0746012F00D80225781C00B901252D
:102F6000A8EB09080DB9C845EFD8A7610DBB80983B
:102F70008089B8FBF0F100FB1180D0B13946809810
:102F8000FEF766FD8246BAF1000F01D102250FE07F
:102F900080988089B8FBF0F05044E061E269809944
:102FA0004878012304F12801FFF7F6FA00B1012562
:102FB00000BF00BF0DB100202060284600E72DE9CA
:102FC000FF4F85B0044615469B46069801900020A9
:102FD000CBF8000003A9204601F079FA0490049888
:102FE00010B9607C049018B1049809B0BDE8F08F66
:102FF000207C00F0010008B90720F6E76169E0686D
:10300000401A02900298854200D9029DBEE0606994
:1030100003998989B0FBF1F201FB1200002879D1F4
:10302000606903998989B0FBF1F003994989491EC8
:1030300000EA010ABAF1000F18D1606910B9D4F89A
:10304000088004E02046A16900F0DCFB8046B8F16E
:10305000020F02D202206074C7E708F1010010B924
:1030600001206074C1E7C4F8188000BFA16903980B
:10307000FEF7EEFC064616B902206074B5E756442A
:1030800003988089B5FBF0F9B9F1000F2FD00AEB56
:10309000090003994989884203D903984089A0EB24
:1030A0000A09039948784B4632460199FFF774FAAA
:1030B00010B10120607498E7207C00F0800088B196
:1030C000E069801B48450DD2E1698B1B0399B1F87B
:1030D0000CC0019903FB0C1003998A8904F12801A3
:1030E000FDF744F80398808900FB09F742E0E069A6
:1030F000B04220D0207C00F0800080B1E2690399CA
:103100004878012304F12801FFF778FA18B101206B
:1031100060746AE710E0207C00F07F00207403995F
:1031200048780123324604F12801FFF735FA10B13F
:103130000120607459E7E661606903998989B0FBF1
:10314000F1F201FB1200039989890F1AAF4200D9ED
:103150002F46606903998989B0FBF1F201FB1201E6
:1031600004F1280001EB00083A4641460198FCF7BB
:10317000FDFF00BFED1BDBF800003844CBF800007A
:10318000019838440190606938446061002D7FF4F3
:103190003EAF002029E7F8B504466946204601F015
:1031A00096F90646002E45D1207C00F0400000280C
:1031B00040D0207C00F0800070B1E269009948782E
:1031C000012304F12801FFF719FA08B10120F8BD25
:1031D000207C00F07F002074216A009800F040FFFE
:1031E00006463EBB656AE87A40F02000E872294650
:1031F000A268206801F0B5F805F11C00E16801F053
:10320000A4F800F099FB0746394605F1160001F0D5
:103210009CF8002105F1120001F091F801200099BD
:103220000871009801F0C0F80646207C00F0BF004D
:10323000207400BF3046CAE72DE9FF4F85B0044631
:1032400015469B46069802900020CBF8000003A983
:10325000204601F03CF90490049810B9607C049079
:1032600018B1049809B0BDE8F08F207C00F002008E
:1032700008B90720F6E700BF606928446169884201
:1032800002D26069C0F1FF35D6E06069039989898F
:10329000B0FBF1F201FB120000287DD160690399B7
:1032A0008989B0FBF1F003994989491E00EA010AB6
:1032B000BAF1000F1ED1606938B9A76857B900216B
:1032C0002046FEF71FFC074604E02046A169FEF7F2
:1032D00019FC074607B9B2E0012F02D10220607441
:1032E000C0E7781C10B901206074BBE7A761A06833
:1032F00000B9A760207C00F0800078B1E2690399F2
:103300004878012304F12801FFF778F910B1012072
:103310006074A7E7207C00F07F002074A169039807
:10332000FEF796FB064616B9022060749AE75644EB
:1033300003988089B5FBF0F9B9F1000F31D00AEBA1
:10334000090003994989884203D903984089A0EB71
:103350000A09039948784B4632460299FFF74EF91D
:1033600010B1012060747DE7E069801B484511D2EF
:10337000E069831B0398B0F80CC0029803FB0C01B2
:103380000398828904F12800FCF7F0FE207C00F00D
:103390007F002074039800E017E0808900FB09F8A3
:1033A00035E0E069B0420FD0E168606988420BD235
:1033B000039948780123324604F12801FFF7ECF81D
:1033C00010B1012060744DE7E66160690399898955
:1033D000B0FBF1F201FB120003998989A1EB00080F
:1033E000A84500D9A846606903998989B0FBF1F224
:1033F00001FB120104F128000844424601900299A1
:10340000FCF7B4FE207C40F08000207400BFA5EBE8
:103410000805DBF800004044CBF800000298404467
:103420000290606940446061E1686069884201D946
:10343000606900E0E068E060002D7FF426AF00BF27
:10344000207C40F04000207400200BE7F0B50246DD
:103450000E4600200021802A01DA104627E0B6F54A
:103460006A7F24D1124B45F220570025102414E026
:10347000A7EB050C05EB5C014FEA410C33F81CC0CF
:10348000944500D10BE04FEA410C33F81CC0944541
:1034900001DA0D4600E00F46641E002CE8D100BFA3
:1034A0002CB14FF0010C0CEB410C33F81C00F0BDBB
:1034B000D49901082DE9F04102460F460020002171
:1034C000802A01D290B22BE0B2F5803F28D2B7F526
:1034D0006A7F25D195B2134B45F2205C002610245B
:1034E00014E0ACEB060806EB58014FEA410833F84C
:1034F0001880A84500D10BE04FEA410833F8188046
:10350000A84501DA0E4600E08C46641E002CE8D186
:1035100000BF2CB14FF0010808EB410833F8180048
:10352000BDE8F0815045000870B5B0F5803F4DD240
:1035300081B2B1F5805F01DA254E00E0254E3246BA
:1035400000BF32F8023B0BB1994200DA3CE032F89E
:10355000024B2512E4B21E198E4230DD092D2CD209
:10356000DFE805F005090F13171B1F232700CE1AEC
:1035700032F8161021E0CE1A06F001068E1BB1B209
:103580001BE0A1F11006B1B217E0A1F12006B1B223
:1035900013E0A1F13006B1B20FE0A1F11A06B1B209
:1035A0000BE001F10806B1B207E0A1F15006B1B29B
:1035B00003E0A1F5E356B1B200BF00BF04E0002D67
:1035C000BFD102EB4402BCE700BF084670BD00005B
:1035D00058EE02084AF002082DE9FF4107460D4661
:1035E00000213846FEF7C4F90646022E06D0032E07
:1035F00000D21DB9304604B0BDE8F08100BF002400
:103600000AE007F5FB7101EB041101F1080000F07D
:10361000C6F94DF82400641C042CF2D30DB1681EC9
:1036200000E00020044600BF5DF8240028B15DF8EA
:1036300024103846FEF79CF900E0032006462DB919
:10364000022E03D3601C04460428EDD33046D2E793
:103650002DE9F3410446276802E00198401C0190DF
:10366000019800782F28F8D0019800785C28F4D0D1
:103670000020A06001980078202808D280212B200B
:10368000015500212046FEF7FEFE054631E000BF51
:1036900001A92046FEF7C8FA054605B128E02B200F
:1036A000065D2046FEF75FFD05463DB1042D04D1C1
:1036B00000BF06F0040000B9052519E006F004007B
:1036C00000B115E0A07900F0100008B905250FE061
:1036D000B9892069B0FBF1F201FB120107F1380052
:1036E00001EB00084146384600F065F9A060CFE7DD
:1036F00000BF2846BDE8FC8170B504460D46E1B226
:103700000548FDF731FB00BF40210348FDF7B3FA40
:103710000128F9D1204670BD003801402DE9FC4751
:1037200007468A4690461C46DAF800003860DAF808
:1037300004007860BAF8080038819AF80A00B87274
:10374000052C18DD204610E038F8021B00250AE0A1
:103750000A4660F35F021046491000F480320AB155
:10376000274A50406D1C102DF2D3B8F80020002AD3
:10377000EAD184B200BF072500BF2046E11704EB61
:1037800011710911A4EB0111303101F0FF09E117AA
:1037900004EB1171C1F30F14B9F1390F03DD09F115
:1037A000070000F0FF0928466D1E0DF800900DB1CE
:1037B000002CE2D17E200DF80500002609E0B85D5E
:1037C000FEF70EFC20B1681EB04200D106E0761C68
:1037D000761CAE4202D2B85D2028F0D100BF00BFF7
:1037E000082D04D228466D1C1DF8000000E02020A2
:1037F0003146761C7854082EF2D3BDE8FC870000D1
:10380000211001002DE9F05F81460D46D9F80040F6
:10381000022D02D3E069A84202D84FF0010887E0E8
:103820004FF0FF382078012804D002283AD003282E
:103830007AD156E02E4606EB5606A089B6FBF0F08C
:10384000E16A00EB010A5146204600F009FC00B194
:103850006DE03046761CA189B0FBF1F201FB12014C
:1038600004F13800475CA089B6FBF0F0E16A00EB98
:10387000010A5146204600F0F3FB00B157E0A08951
:10388000B6FBF0F100FB116104F13800405C47EA3F
:10389000002705F0010008B1380901E0C7F30B006B
:1038A000804644E0B4F80CA00AEBDA704010B5FB97
:1038B000F0F0E16A00EB010B5946204600F0D0FB26
:1038C00000B134E06800A189B0FBF1F201FB120104
:1038D00004F1380001EB000A504600F05AF8804627
:1038E00025E0B4F80CA04FEAEA700AEB9070801063
:1038F000B5FBF0F0E16A00EB010B5946204600F001
:10390000AFFB00B113E0A800A189B0FBF1F201FB0D
:10391000120104F1380001EB000A504600F03FF8B4
:1039200020F0704803E0FFE74FF0010800BF00BF40
:103930004046BDE8F09F0000004870470000215A53
:1039400030B5044620680146024611B94FF0FF30F9
:1039500030BD00BF12F8013B202B01D33A2BF9D127
:103960003A2B14D101250878302808DB087839284B
:1039700005DC881C904202D10878A0F13005012DA9
:1039800002DB4FF0FF30E3E722602846E0E700204B
:10399000DEE7014648780A7842EA0020704701468F
:1039A000C8788A7842EA00204A7842EA00200A78F9
:1039B00042EA0020704770B505460C4604F11A0033
:1039C000FFF7E7FF06462878032805D104F1140025
:1039D000FFF7DFFF46EA0046304670BDFCF734FFD4
:1039E000FDF752FA0446214654A0FDF75BFB012285
:1039F00054A15548FFF7ACF95449087008460078BF
:103A00000D2824D152A0FDF74DFB4FF480535B4AA3
:103A100000214CA0FEF726FE4C49087008460078AD
:103A200088B957A0FDF73EFB012246A10020FFF711
:103A30008FF946490870012242A14348FFF788F9EF
:103A4000424908700DE055A0FDF72CFB09E03F4806
:103A5000007818B155A0FDF725FB02E05AA0FDF74C
:103A600021FB60A0FDF71EFB0A2269A16D48FFF74C
:103A70009FF93649087008460078002820D16AA0CE
:103A8000FDF710FB774B0D2277496648FFF7D4FB13
:103A90002E4908700846007848B97248016873A03A
:103AA000FDF700FB704979A0FDF7FCFA04E0274818
:103AB00001787DA0FDF7F6FA5A48FEF7C1FD02E055
:103AC0007EA0FDF7EFFA82A0FDF7ECFA012250A1EB
:103AD0005448FFF76DF91D49087008460078002822
:103AE0001ED185A0FDF7DEFA5E4B4FF48062864959
:103AF0004C48FFF764FA154908700846007848B941
:103B00005848016881A0FDF7CDFA7F4987A0FDF7ED
:103B1000C9FA08E00D4801788BA0FDF7C3FA02E06E
:103B20008EA0FDF7BFFA3F48FEF78AFD012205A1EE
:103B30000020FFF70DF900BFFEE7000025640D0A25
:103B400000000000303A0000400000201400002077
:103B5000666C617368BBB9C3BBD3D0CEC4BCFECFA7
:103B6000B5CDB3A3ACBCB4BDABBDF8D0D0B8F1CA31
:103B7000BDBBAF2E2E2E0D0A00000000A024002099
:103B8000666C617368D2D1B3C9B9A6B8F1CABDBBBE
:103B9000AFCEC4BCFECFB5CDB30D0A00B8F1CABDDF
:103BA000BBAFCAA7B0DC0D0A00000000CDE2B2BF77
:103BB000666C617368B9D2D4D8CEC4BCFECFB5CD23
:103BC000B3CAA7B0DC0D0A00CDE2B2BF666C617368
:103BD00068B9D2D4D8CEC4BCFECFB5CDB3B3C9B9C1
:103BE000A60D0A000D0A2A2A2A2A2A2A20BCB4BDB8
:103BF000ABBDF8D0D0CEC4BCFED0B4C8EBB2E2CAE4
:103C0000D42E2E2E202A2A2A2A2A2A0D0A00000023
:103C1000303A4661744673B6C1D0B4B2E2CAD42E0B
:103C20007478740078100020B4F2BFAA2FB4B4BD29
:103C3000A84661744673B6C1D0B4B2E2CAD4CEC449
:103C4000BCFE2E747874CEC4BCFEB3C9B9A6A3ACB6
:103C5000CFF2CEC4BCFED0B4C8EBCAFDBEDDA1A37A
:103C60000D0A0000180000201C000020CEC4BCFE7D
:103C7000D0B4C8EBB3C9B9A6A3ACD0B4C8EBD7D6FF
:103C8000BDDACAFDBEDDA3BA25640A00CFF2CEC4F8
:103C9000BCFED0B4C8EBB5C4CAFDBEDDCEAAA3BA83
:103CA0000D0A25730D0A0000CEC4BCFED0B4C8EBCB
:103CB000CAA7B0DCA3BA282564290A00B4F2BFAAB7
:103CC0002FB4B4BDA8CEC4BCFECAA7B0DC0D0A0098
:103CD0002A2A2A2A2A2A20BCB4BDABBDF8D0D0CECD
:103CE000C4BCFEB6C1C8A1B2E2CAD42E2E2E202A70
:103CF0002A2A2A2A2A0D0A00B4F2BFAACEC4BCFE80
:103D0000B3C9B9A60D0A0000A0200020CEC4BCFE95
:103D1000B6C1C8A1B3C9B9A62CB6C1B5BDD7D6BD69
:103D2000DACAFDBEDDA3BA25640D0A00B6C1C8A17A
:103D3000B5C3B5C4CEC4BCFECAFDBEDDCEAAA3BA0F
:103D40000D0A2573200D0A00CEC4BCFEB6C1C8A161
:103D5000CAA7B0DCA3BA282564290A00B4F2BFAA16
:103D6000CEC4BCFECAA7B0DC0D0A00002DE9F74F97
:103D700084B00021059801600498FFF7E1FD0390ED
:103D80000398002803DA0B2007B0BDE8F08FAE4996
:103D9000039851F820400CB90C20F5E70598046011
:103DA000069800F0FE000690207878B16078FEF763
:103DB00010FC074607F0010040B9069820B107F053
:103DC000040008B10A20DFE70020DDE700202070B2
:103DD0006078FEF7ABFB074607F0010008B103204F
:103DE000D2E7069820B107F0040008B10A20CBE71B
:103DF000607804F10C020221FEF7B1FB08B101204A
:103E0000C2E7A089B0F5805F07DCA089B0F5007F2C
:103E100003DBA089411E084008B10120B4E700215E
:103E20002046FFF7D9FB0546042D01D10120ABE761
:103E3000022D01D30D20A7E7D4F8249004F143000C
:103E4000FFF7A7FDA189884201D00D209CE704F16E
:103E50004E00FFF79EFD064626B904F15C00FFF711
:103E60009EFD064626624820005DE070E07801284D
:103E700004D0E078022801D00D2085E7E0784643A1
:103E80004520005D6081608918B16089411E08404D
:103E900008B10D2078E704F14900FFF77AFD208191
:103EA000A089C11700EBD1614911228992FBF1F37E
:103EB00001FB132109B10D2066E704F14B00FFF768
:103EC00068FD8246BAF1000F04D104F15800FFF7F3
:103ED00066FD824604F14600FFF75BFD8346BBF1B9
:103EE000000F01D10D204FE7A089C11700EBD16170
:103EF0004911228992FBF1F10BEB06021144029168
:103F000002998A4501D20D203EE70298AAEB0000F3
:103F10006189B0FBF1F8B8F1000F01D10D2033E752
:103F200000254A48804500D803254FF6F5708045A6
:103F300000D8022540F6F570804500D801250DB95E
:103F40000D2021E708F10200E061C4F8289009EB98
:103F50000B00E062029848446063032D13D104F122
:103F60006200FFF716FD08B10D200DE7208908B1AA
:103F70000D2009E704F16400FFF711FD2063E069FB
:103F80008000019014E0208908B90D20FCE6E06A69
:103F900030442063022D02D1E069400007E0207F19
:103FA00000F00100E16901EB410100EB51000190DB
:103FB000A089401E01990844A189B0FBF1F0216A53
:103FC000884201D90D20DFE64FF0FF30A06160612B
:103FD00080206071032D2CD104F16800FFF7D9FC1B
:103FE000012826D109F10101204600F039F800BB73
:103FF0000020607104F13800FFF7D1FC14498842B9
:1040000017D104F50770FFF7CAFC1249884210D196
:1040100004F50D70FFF7C3FC0F49884209D104F580
:104020000870FFF7BCFCA06104F50970FFF7B7FC4E
:104030006061257009480088401C80B207490880EB
:10404000E0800020A0E6000034000020F5FFFF0F14
:104050005252614172724161000055AA380000203D
:1040600070B504460D460026606AA84210D020466E
:1040700000F0E2F906465EB9607801232A4604F1B1
:104080003801FEF789FA10B14FF0FF35012665625D
:10409000304670BD2DE9F05F04460D4616464FF0E0
:1040A0000209022D72D3E069A8426FD92078012855
:1040B00004D0022857D0032811D179E02F4607EB0E
:1040C0005707A089B7FBF0F0E16A00EB010A5146FF
:1040D0002046FFF7C5FF8146B9F1000F00D09DE0F3
:1040E00038467F1CA189B0FBF1F201FB120104F1FB
:1040F000380001EB000805F0010028B1F1B298F892
:10410000000061F31F1000E0304688F80000012035
:104110002071A089B7FBF0F0E16A00EB010A51467B
:104120002046FFF79DFF8146B9F1000F00D075E0F2
:10413000A089B7FBF0F100FB117104F1380001EB2D
:10414000000805F0010010B1C6F3071006E098F86A
:10415000000000F0F000C6F30321084388F80000D7
:10416000012020715AE0B4F80CA00AEBDA7040107C
:10417000B5FBF0F0E16A00EB010B59462046FFF772
:104180006FFF8146B9F1000F01D047E047E06800BA
:10419000A189B0FBF1F201FB120104F1380001EB3F
:1041A000000AB1B2504600F0CAF80120207135E093
:1041B000B4F80CA04FEAEA700AEB90708010B5FBDF
:1041C000F0F0E16A00EB010B59462046FFF748FF8B
:1041D0008146B9F1000F00D020E0A800A189B0FB12
:1041E000F1F201FB120104F1380001EB000A504624
:1041F000FFF7D5FB66F31B000646A800A189B0FBBC
:10420000F1F201FB120104F1380001EB000A314622
:10421000504600F09AF80120207100BF00BF4846C8
:10422000BDE8F09F2DE9F04707460C461546984635
:1042300084F80D800F20E07200202073002104F12B
:104240001A0000F07CF8681E00EB800101EBC00949
:1042500000200646824600BF4FF6FF70864204D01B
:10426000484609F1010937F810600D4911F80A10A4
:104270000819314600F063F80EB94FF6FF760AF1DF
:10428000010082460D28E7D34FF6FF70864202D028
:1042900037F8190008B945F040052570BDE8F087EA
:1042A0000C4500082DE9F04781460E4617464FF0B1
:1042B0000008D9F80040022E02D3E069B04202D8CB
:1042C0000220BDE8F08767B100BF4FF0FF323946EA
:1042D0002046FFF7DFFE8046B8F1000F01D04046D0
:1042E000EFE700BF31464846FFF78CFA054605B9AF
:1042F00022E0012D01D10220E3E7681C08B901206A
:10430000DFE7002231462046FFF7C4FE8046B8F1C1
:10431000000F01D04046D4E7D4E90610801E814248
:1043200006D2A069401CA061607940F00100607174
:104330002E46E069B042D5D800BF0020C1E700F8A2
:10434000011B091200F8011B704700F8011B090A44
:1043500000F8011B090A00F8011B090A00F8011BFB
:10436000704770B506460C461546A9B204F11A000E
:10437000FFF7E5FF3078032804D1290C04F114007D
:10438000FFF7DDFF70BD30B5014600200B2200BFF6
:10439000431003EBC01411F8015B6319D8B2531E2C
:1043A0001A1EF5D130BD000070B50446204600F05D
:1043B00043F80546002D37D1607901282DD1002022
:1043C00060712078032828D14FF4805104F138001F
:1043D000FBF7E5FE154904F13800FFF7B6FF144975
:1043E00004F50770FFF7B1FF04F50870A169FFF746
:1043F000ACFF04F509706169FFF7A7FF0D4904F5EB
:104400000D70FFF7A2FFA16A491C0A46616260783D
:10441000012304F13801FEF7F1F86078002211461B
:10442000FEF79DF800B10125284670BD525261414A
:1044300072724161000055AA70B5044600252079CA
:10444000E8B16078012304F13801626AFEF7D6F81A
:10445000A0B900202071E16A606A401A216A88428E
:104460000DD2E07802280AD1D4E90831CA18607860
:10447000012304F13801FEF7C1F800E001252846C8
:1044800070BD2DE9F0410646356815F8014B204610
:10449000FDF7A6FD60B115F8017B3846FDF7BAFDC2
:1044A00018B94FF0FF30BDE8F08107EB042084B26B
:1044B0004CB14FF46A712046FEF7C8FF044614B9A8
:1044C0004FF0FF30EFE7A04635604046EBE770B5B0
:1044D00004460D4609268CB1206878B12068007822
:1044E00060B1A0882168C988884207D121684878CE
:1044F000FEF76FF800F0010000B900260EB9206841
:1045000000E000202860304670BD00000103050770
:10451000090E10121416181C1E81FE0000407E8029
:10452000FE00000001000400100040000001000235
:10453000000001000200040008001000200000003C
:104540000700000000000000000000000000000064
:10455000A400E8A1A700ECA1A800A7A1B000E3A1D6
:10456000B100C0A1B700A4A1D700C1A1E000A4A8D8
:10457000E100A2A8E800A8A8E900A6A8EA00BAA855
:10458000EC00ACA8ED00AAA8F200B0A8F300AEA819
:10459000F700C2A1F900B4A8FA00B2A8FC00B9A8BB
:1045A0000101A1A81301A5A81B01A7A82B01A9A877
:1045B0004401BDA84801BEA84D01ADA86B01B1A83A
:1045C000CE01A3A8D001ABA8D201AFA8D401B3A853
:1045D000D601B5A8D801B6A8DA01B7A8DC01B8A8F9
:1045E0005102BBA86102C0A8C702A6A1C902A5A129
:1045F000CA0240A8CB0241A8D90242A89103A1A6B1
:104600009203A2A69303A3A69403A4A69503A5A62A
:104610009603A6A69703A7A69803A8A69903A9A6FA
:104620009A03AAA69B03ABA69C03ACA69D03ADA6CA
:104630009E03AEA69F03AFA6A003B0A6A103B1A69A
:10464000A303B2A6A403B3A6A503B4A6A603B5A666
:10465000A703B6A6A803B7A6A903B8A6B103C1A627
:10466000B203C2A6B303C3A6B403C4A6B503C5A6CA
:10467000B603C6A6B703C7A6B803C8A6B903C9A69A
:10468000BA03CAA6BB03CBA6BC03CCA6BD03CDA66A
:10469000BE03CEA6BF03CFA6C003D0A6C103D1A63A
:1046A000C303D2A6C403D3A6C503D4A6C603D5A606
:1046B000C703D6A6C803D7A6C903D8A60104A7A7CF
:1046C0001004A1A71104A2A71204A3A71304A4A76E
:1046D0001404A5A71504A6A71604A8A71704A9A73C
:1046E0001804AAA71904ABA71A04ACA71B04ADA70A
:1046F0001C04AEA71D04AFA71E04B0A71F04B1A7DA
:104700002004B2A72104B3A72204B4A72304B5A7A9
:104710002404B6A72504B7A72604B8A72704B9A779
:104720002804BAA72904BBA72A04BCA72B04BDA749
:104730002C04BEA72D04BFA72E04C0A72F04C1A719
:104740003004D1A73104D2A73204D3A73304D4A7AD
:104750003404D5A73504D6A73604D8A73704D9A77B
:104760003804DAA73904DBA73A04DCA73B04DDA749
:104770003C04DEA73D04DFA73E04E0A73F04E1A719
:104780004004E2A74104E3A74204E4A74304E5A7E9
:104790004404E6A74504E7A74604E8A74704E9A7B9
:1047A0004804EAA74904EBA74A04ECA74B04EDA789
:1047B0004C04EEA74D04EFA74E04F0A74F04F1A759
:1047C0005104D7A710205CA9132043A81420AAA144
:1047D000152044A81620ACA11820AEA11920AFA125
:1047E0001C20B0A11D20B1A1252045A82620ADA1E7
:1047F0003020EBA13220E4A13320E5A1352046A8EA
:104800003B20F9A1AC2080000321E6A1052147A8A7
:10481000092148A81621EDA1212159A96021F1A261
:104820006121F2A26221F3A26321F4A26421F5A224
:104830006521F6A26621F7A26721F8A26821F9A2F4
:104840006921FAA26A21FBA26B21FCA27021A1A21C
:104850007121A2A27221A3A27321A4A27421A5A2F4
:104860007521A6A27621A7A27721A8A27821A9A2C4
:104870007921AAA29021FBA19121FCA19221FAA168
:104880009321FDA1962149A897214AA898214BA8D8
:1048900099214CA80822CAA10F22C7A11122C6A1A2
:1048A00015224DA81A22CCA11D22D8A11E22DEA1BC
:1048B0001F224EA82022CFA123224FA82522CEA11D
:1048C0002722C4A12822C5A12922C9A12A22C8A120
:1048D0002B22D2A12E22D3A13422E0A13522DFA1A6
:1048E0003622C3A13722CBA13D22D7A14822D6A18F
:1048F0004C22D5A1522250A86022D9A16122D4A174
:104900006422DCA16522DDA1662251A8672252A89B
:104910006E22DAA16F22DBA1952292A89922D1A161
:10492000A522CDA1BF2253A81223D0A16024D9A2D1
:104930006124DAA26224DBA26324DCA26424DDA267
:104940006524DEA26624DFA26724E0A26824E1A237
:104950006924E2A27424C5A27524C6A27624C7A243
:104960007724C8A27824C9A27924CAA27A24CBA227
:104970007B24CCA27C24CDA27D24CEA27E24CFA2F7
:104980007F24D0A28024D1A28124D2A28224D3A2C7
:104990008324D4A28424D5A28524D6A28624D7A297
:1049A0008724D8A28824B1A28924B2A28A24B3A2DF
:1049B0008B24B4A28C24B5A28D24B6A28E24B7A2D7
:1049C0008F24B8A29024B9A29124BAA29224BBA2A7
:1049D0009324BCA29424BDA29524BEA29624BFA277
:1049E0009724C0A29824C1A29924C2A29A24C3A247
:1049F0009B24C4A20025A4A90125A5A90225A6A936
:104A00000325A7A90425A8A90525A9A90625AAA9BA
:104A10000725ABA90825ACA90925ADA90A25AEA98A
:104A20000B25AFA90C25B0A90D25B1A90E25B2A95A
:104A30000F25B3A91025B4A91125B5A91225B6A92A
:104A40001325B7A91425B8A91525B9A91625BAA9FA
:104A50001725BBA91825BCA91925BDA91A25BEA9CA
:104A60001B25BFA91C25C0A91D25C1A91E25C2A99A
:104A70001F25C3A92025C4A92125C5A92225C6A96A
:104A80002325C7A92425C8A92525C9A92625CAA93A
:104A90002725CBA92825CCA92925CDA92A25CEA90A
:104AA0002B25CFA92C25D0A92D25D1A92E25D2A9DA
:104AB0002F25D3A93025D4A93125D5A93225D6A9AA
:104AC0003325D7A93425D8A93525D9A93625DAA97A
:104AD0003725DBA93825DCA93925DDA93A25DEA94A
:104AE0003B25DFA93C25E0A93D25E1A93E25E2A91A
:104AF0003F25E3A94025E4A94125E5A94225E6A9EA
:104B00004325E7A94425E8A94525E9A94625EAA9B9
:104B10004725EBA94825ECA94925EDA94A25EEA989
:104B20004B25EFA9502554A8512555A8522556A824
:104B3000532557A8542558A8552559A856255AA88D
:104B400057255BA858255CA859255DA85A255EA85D
:104B50005B255FA85C2560A85D2561A85E2562A82D
:104B60005F2563A8602564A8612565A8622566A8FD
:104B7000632567A8642568A8652569A866256AA8CD
:104B800067256BA868256CA869256DA86A256EA89D
:104B90006B256FA86C2570A86D2571A86E2572A86D
:104BA0006F2573A8702574A8712575A8722576A83D
:104BB000732577A8812578A8822579A883257AA8E6
:104BC00084257BA885257CA886257DA887257EA8A9
:104BD000882580A8892581A88A2582A88B2583A875
:104BE0008C2584A88D2585A88E2586A88F2587A845
:104BF000932588A8942589A895258AA8A025F6A19B
:104C0000A125F5A1B225F8A1B325F7A1BC258BA854
:104C1000BD258CA8C625F4A1C725F3A1CB25F0A1FD
:104C2000CE25F2A1CF25F1A1E2258DA8E3258EA8FE
:104C3000E4258FA8E52590A80526EFA10626EEA17C
:104C4000092691A84026E2A14226E1A10030A1A1B7
:104C50000130A2A10230A3A10330A8A10530A9A16F
:104C6000063065A9073096A90830B4A10930B5A16E
:104C70000A30B6A10B30B7A10C30B8A10D30B9A1E4
:104C80000E30BAA10F30BBA11030BEA11130BFA1B0
:104C9000123093A81330FEA11430B2A11530B3A185
:104CA0001630BCA11730BDA11D3094A81E3095A8A8
:104CB000213040A9223041A9233042A9243043A900
:104CC000253044A9263045A9273046A9283047A9D0
:104CD000293048A94130A1A44230A2A44330A3A462
:104CE0004430A4A44530A5A44630A6A44730A7A4C8
:104CF0004830A8A44930A9A44A30AAA44B30ABA498
:104D00004C30ACA44D30ADA44E30AEA44F30AFA467
:104D10005030B0A45130B1A45230B2A45330B3A437
:104D20005430B4A45530B5A45630B6A45730B7A407
:104D30005830B8A45930B9A45A30BAA45B30BBA4D7
:104D40005C30BCA45D30BDA45E30BEA45F30BFA4A7
:104D50006030C0A46130C1A46230C2A46330C3A477
:104D60006430C4A46530C5A46630C6A46730C7A447
:104D70006830C8A46930C9A46A30CAA46B30CBA417
:104D80006C30CCA46D30CDA46E30CEA46F30CFA4E7
:104D90007030D0A47130D1A47230D2A47330D3A4B7
:104DA0007430D4A47530D5A47630D6A47730D7A487
:104DB0007830D8A47930D9A47A30DAA47B30DBA457
:104DC0007C30DCA47D30DDA47E30DEA47F30DFA427
:104DD0008030E0A48130E1A48230E2A48330E3A4F7
:104DE0008430E4A48530E5A48630E6A48730E7A4C7
:104DF0008830E8A48930E9A48A30EAA48B30EBA497
:104E00008C30ECA48D30EDA48E30EEA48F30EFA466
:104E10009030F0A49130F1A49230F2A49330F3A436
:104E20009B3061A99C3062A99D3066A99E3067A91C
:104E3000A130A1A5A230A2A5A330A3A5A430A4A50A
:104E4000A530A5A5A630A6A5A730A7A5A830A8A5DA
:104E5000A930A9A5AA30AAA5AB30ABA5AC30ACA5AA
:104E6000AD30ADA5AE30AEA5AF30AFA5B030B0A57A
:104E7000B130B1A5B230B2A5B330B3A5B430B4A54A
:104E8000B530B5A5B630B6A5B730B7A5B830B8A51A
:104E9000B930B9A5BA30BAA5BB30BBA5BC30BCA5EA
:104EA000BD30BDA5BE30BEA5BF30BFA5C030C0A5BA
:104EB000C130C1A5C230C2A5C330C3A5C430C4A58A
:104EC000C530C5A5C630C6A5C730C7A5C830C8A55A
:104ED000C930C9A5CA30CAA5CB30CBA5CC30CCA52A
:104EE000CD30CDA5CE30CEA5CF30CFA5D030D0A5FA
:104EF000D130D1A5D230D2A5D330D3A5D430D4A5CA
:104F0000D530D5A5D630D6A5D730D7A5D830D8A599
:104F1000D930D9A5DA30DAA5DB30DBA5DC30DCA569
:104F2000DD30DDA5DE30DEA5DF30DFA5E030E0A539
:104F3000E130E1A5E230E2A5E330E3A5E430E4A509
:104F4000E530E5A5E630E6A5E730E7A5E830E8A5D9
:104F5000E930E9A5EA30EAA5EB30EBA5EC30ECA5A9
:104F6000ED30EDA5EE30EEA5EF30EFA5F030F0A579
:104F7000F130F1A5F230F2A5F330F3A5F430F4A549
:104F8000F530F5A5F630F6A5FC3060A9FD3063A933
:104F9000FE3064A90531C5A80631C6A80731C7A8E7
:104FA0000831C8A80931C9A80A31CAA80B31CBA851
:104FB0000C31CCA80D31CDA80E31CEA80F31CFA821
:104FC0001031D0A81131D1A81231D2A81331D3A8F1
:104FD0001431D4A81531D5A81631D6A81731D7A8C1
:104FE0001831D8A81931D9A81A31DAA81B31DBA891
:104FF0001C31DCA81D31DDA81E31DEA81F31DFA861
:105000002031E0A82131E1A82231E2A82331E3A830
:105010002431E4A82531E5A82631E6A82731E7A800
:105020002831E8A82931E9A82032E5A22132E6A2F8
:105030002232E7A22332E8A22432E9A22532EAA2F0
:105040002632EBA22732ECA22832EDA22932EEA2C0
:1050500031325AA9A33249A98E334AA98F334BA9B9
:105060009C334CA99D334DA99E334EA9A1334FA922
:10507000C43350A9CE3351A9D13352A9D23353A945
:10508000D53354A9004EBBD2014EA1B6024E408189
:10509000034EDFC6044E4181054E4281064E4381D8
:1050A000074EF2CD084EC9D5094EFDC80A4ECFC9EC
:1050B0000B4EC2CF0C4EA2D80D4EBBB20E4EEBD350
:1050C0000F4E4481104EA4D8114EF3B3124E4581B9
:1050D000134EA8D7144ED2C7154EA7D8164EC0CA25
:1050E000174E4681184EF0C7194EFBB11A4EB5D275
:1050F0001B4ED4B41C4EABB61D4EBFCB1E4EA9D812
:105100001F4E4781204E4881214E4981224EAAB62A
:10511000234E4A81244EBDC1254ECFD1264E4B8110
:10512000274EA5C9284EADD8294E4C812A4EF6B837
:105130002B4EBED12C4EDCE32D4ED0D62E4E4D81C3
:105140002F4E4E81304EE1B7314E4F81324EAEB4CC
:10515000334E5081344ED9C1354E5181364EBCD874
:10516000374E5281384EE8CD394EA4B53A4EAACECC
:105170003B4EF7D63C4E53813D4EF6C03E4ED9BE17
:105180003F4EAFD8404E5481414E5581424E5681DC
:10519000434ECBC4444E5781454EC3BE464E588104
:1051A000474EB1D8484EB4C3494EE5D24A4E598114
:1051B0004B4EAED64C4EDACE4D4EA7D54E4EF5BA2E
:1051C0004F4EA6B7504ED6C0514E5A81524EB9C618
:1051D000534ED2C5544EC7C7554E5B81564ED4B9B7
:1051E000574E5C81584ECBB3594ED2D25A4E5D8148
:1051F0005B4E5E815C4EBFD85D4EC5BE5E4EF2C654
:105200005F4EB2D2604EB0CF614EE7CF624E5F814B
:10521000634E6081644E6181654E6281664EE9CA6B
:10522000674E6381684E6481694EC0D86A4E65815D
:105230006B4E66816C4E67816D4E68816E4E6981E2
:105240006F4E6A81704EF2C2714ED2C2724E6B8145
:10525000734EE9C8744E6C81754E6D81764E6E81C9
:10526000774E6F81784E7081794E71817A4E72815E
:105270007B4E73817C4E74817D4E75817E4EACC7B2
:105280007F4E7681804E7781814E7881824E798102
:10529000834E7A81844E7B81854E7C81864ECBC144
:1052A000874E7D81884EE8D3894EF9D58A4E7E811E
:1052B0008B4EC2CA8C4EFEB68D4EA1D88E4EDAD31E
:1052C0008F4EF7BF904E8081914EC6D4924EA5BBB3
:1052D000934EC1D8944EE5CE954EAEBE964E81818A
:1052E000974E8281984EA8D8994E83819A4EC7D105
:1052F0009B4EA9D09C4E84819D4E85819E4E868179
:105300009F4EBDD8A04EEFD9A14EF6CDA24EBABF4A
:10531000A34E8781A44EBBBDA54EA5BAA64EE0D232
:10532000A74EFAB2A84EE0BAA94EB6C4AA4E8881DA
:10533000AB4EEDCFAC4EA9BEAD4EA4CDAE4EC1C16D
:10534000AF4E8981B04E8A81B14E8B81B24ED7C7A4
:10535000B34EF1D9B44E8C81B54EF4D9B64E8D8191
:10536000B74E8E81B84E8F81B94E9081BA4ECBC860
:10537000BB4EE9D8BC4E9181BD4E9281BE4E938109
:10538000BF4EDAD2C04EB2CAC14ECAC8C24EECD865
:10539000C34EEAD8C44EC6D8C54EF6BDC64ECDC61D
:1053A000C74EF0B3C84E9481C94EEBD8CA4EF1BD7A
:1053B000CB4EE9BDCC4E9581CD4ED4C8CE4ED3B4A4
:1053C000CF4E9681D04E9781D14ED8C2D24E988181
:1053D000D34ED6B2D44ED0D7D54ECBCAD64EFBCBB9
:1053E000D74ECCD5D84EB6B8D94EC9CFDA4E998162
:1053F000DB4E9A81DC4E9B81DD4EDAD9DE4EF0D851
:10540000DF4EAAC7E04E9C81E14EEED8E24E9D8170
:10541000E34EFAB4E44EEEC1E54ED4D2E64E9E81A0
:10542000E74E9F81E84EEDD8E94EA081EA4EC7D203
:10543000EB4EEFD8EC4EC7C3ED4EA181EE4EA281EC
:10544000EF4EA381F04EF6D1F14EA481F24ED9D6A3
:10545000F34EF2D8F44EA581F54EF5D8F64EFEBCCB
:10546000F74EDBBCF84EA681F94EA781FA4EA88113
:10547000FB4ECEC8FC4EA981FD4EDDB7FE4EAA8183
:10548000FF4EC2B7004FAB81014FF3C6024FAC8154
:10549000034FAD81044FAE81054FAF81064FB08100
:1054A000074FB181084FB281094FF8D80A4FC1D2D6
:1054B0000B4FB3810C4FB4810D4FE9CE0E4FBFBCE3
:1054C0000F4FFCB7104FA5B7114FDDD0124FB5816C
:1054D000134FB681144FB781154FB881164FB9815C
:1054E000174FDAD6184FC5D3194FEFBB1A4FE1BB90
:1054F0001B4FF1D81C4FBA811D4FBB811E4FA1C954
:105500001F4FB0CE204FABB4214FBC81224FF3D8F8
:10551000234FBD81244FCBC9254FF6D8264FD7C284
:10552000274FF7D8284FBE81294FBF812A4FB1CED0
:105530002B4FF9D82C4FC0812D4FC1812E4FC281E6
:105540002F4FAEB2304FC0B9314FC381324FA3D9C4
:10555000334FC481344FE9B0354FC581364FE6C172
:10556000374FC681384FECC9394FC7813A4FC5CB49
:105570003B4FC8813C4FC6CB3D4FA4D93E4FC9815C
:105580003F4FCA81404FCB81414FCC81424FCD81AB
:10559000434FE8B5444FCE81454FCF81464FABB521
:1055A000474FD081484FD181494FD2814A4FD38153
:1055B0004B4FD4814C4FD5814D4FBBCE4E4FCDB5C7
:1055C0004F4FA1D7504FF4D7514FD3D3524FD6811D
:1055D000534FE5CC544FD781554FCEBA564FD88153
:1055E000574FA2D9584FDCD9594FE0D35A4FFDD865
:1055F0005B4FF0B75C4FF7D75D4FFED85E4FFAD8E0
:105600005F4FA1D9604FE3C4614FD981624FDA8106
:10561000634FB6D3644FF4D8654FDDD9664FDB8155
:10562000674FFBD8684FDC81694FE5C56A4FDD8164
:105630006B4FDE816C4FD0C06D4FDF816E4FE081CC
:105640006F4FF0D1704FDBB0714FE181724FE2814B
:10565000734FD1BC744FA6D9754FE381764FA5D94E
:10566000774FE481784FE581794FE6817A4FE78182
:105670007B4FACD97C4FAED97D4FE8817E4FABD903
:105680007F4FB9CA804FE981814FEA81824FEB8118
:10569000834FA9D9844FB6D6854FEC81864FED81D3
:1056A000874FEE81884FDEB3894FA8D98A4FEF81AB
:1056B0008B4FFDC08C4FF0818D4FCCCA8E4FF18146
:1056C0008F4FAAD9904FF281914FA7D9924FF38172
:1056D000934FF481944FB0D9954FF581964FF68151
:1056E000974FB1B6984FF781994FF8819A4FF9814A
:1056F0009B4FA9B99C4FFA819D4FC0D29E4FFB8111
:105700009F4FFC81A04FC0CFA14FFD81A24FFE81D2
:10571000A34FC2C2A44F4082A54FC4BDA64FECD533
:10572000A74FE0B2A84FC8C7A94FEBBFAA4FADD94A
:10573000AB4F4182AC4FAFD9AD4F4282AE4FEACEB4
:10574000AF4FEEBAB04F4382B14F4482B24F458261
:10575000B34F4682B44F4782B54FD6C7B64F488243
:10576000B74F4982B84F4A82B94F4B82BA4F4C82E9
:10577000BB4F4D82BC4F4E82BD4F4F82BE4F5082B9
:10578000BF4FE3B1C04F5182C14F5282C24F5382CB
:10579000C34FD9B4C44FEDB6C54FB4D9C64F548228
:1057A000C74F5582C84F5682C94F5782CA4FA1BFB3
:1057B000CB4F5882CC4F5982CD4F5A82CE4FDED933
:1057C000CF4FCEC7D04FFEC0D14FB8D9D24F5B829A
:1057D000D34F5C82D44F5D82D54F5E82D64F5F82BD
:1057E000D74FD7CBD84FFDB7D94F6082DA4FB5D955
:1057F000DB4F6182DC4FB7D9DD4FA3B1DE4FE1D380
:10580000DF4FB9D9E04F6282E14FC5D0E24F6382EA
:10581000E34FB6D9E44F6482E54F6582E64FB1D9D4
:10582000E74F6682E84FB2D9E94FA9C1EA4FB3D931
:10583000EB4F6782EC4F6882ED4FF3BCEE4FDED04A
:10584000EF4FA9B8F04F6982F14FE3BEF24F6A8281
:10585000F34FBDD9F44F6B82F54F6C82F64F6D82DA
:10586000F74F6E82F84FBAD9F94F6F82FA4FB3B043
:10587000FB4F7082FC4F7182FD4F7282FE4FC2D986
:10588000FF4F7382005074820150758202507682FD
:1058900003507782045078820550798206507A82CC
:1058A00007507B8208507C8209507D820A507E829C
:1058B0000B5080820C50C4D90D50B6B10E5081826D
:1058C0000F50BFD910508282115083821250B9B547
:1058D000135084821450F3BE155085821650868270
:1058E000175087821850C8CC1950F2BA1A50D0D22B
:1058F0001B5088821C50C3D91D5089821E508A8239
:105900001F50E8BD20508B822150ABB322508C82B7
:1059100023508D8224508E822550C5D92650EBBE4F
:1059200027508F822850C6D92950BBD92A50DFC4AE
:105930002B5090822C50BED92D50C1D92E50C0D999
:105940002F50918230509282315093823250948203
:1059500033509582345096823550978236509882D3
:105960003750998238509A8239509B823A50AED53E
:105970003B509C823C50B5D63D509D823E50E3C783
:105980003F509E8240509F824150A0824250A1824F
:105990004350C8D94450A2824550A3824650A482A5
:1059A0004750D9BC4850CAD94950A5824A50A6820E
:1059B0004B50A7824C50BCD94D50A8824E50CBD9E9
:1059C0004F50ABC65050A9825150AA825250AB8260
:1059D0005350AC825450AD825550C9D95650AE8206
:1059E0005750AF825850B0825950B1825A50F6D7B2
:1059F0005B50B2825C50A3CD5D50B3825E50B482E6
:105A00005F50B5826050B6826150B7826250B882F2
:105A10006350B9826450BA826550A1BD6650BB82A2
:105A20006750BC826850BD826950BE826A50BF8296
:105A30006B50C0826C50CCD96D50C1826E50C28206
:105A40006F50C3827050C4827150C5827250C6823A
:105A50007350C7827450C8827550C9827650BCC5D5
:105A60007750B5CD7850CA827950CB827A50CC82AB
:105A70007B50CDD97C50CD827D50CE827E50C7D90F
:105A80007F50A5B38050FEBF8150CF828250D0821C
:105A90008350D1828450D2828550B5B88650D3824B
:105AA0008750D4828850FCC08950D5828A50D682D3
:105AB0008B50D7828C50D8828D50F8B08E50D982BE
:105AC0008F50DA829050DB829150DC829250DD82DE
:105AD0009350DE829450DF829550E0829650E182AE
:105AE0009750E2829850E3829950E4829A50E5827E
:105AF0009B50E6829C50E7829D50E8829E50E9824E
:105B00009F50EA82A050EB82A150EC82A250ED821D
:105B1000A350F6B4A450EE82A550CED9A650EF8281
:105B2000A750CFD9A850A2B4A950D0D9AA50F0827A
:105B3000AB50F182AC50DFB4AD50F282AE50F38284
:105B4000AF50F482B050F582B150F682B250C1B07D
:105B5000B350F782B450F882B550F982B650FA8249
:105B6000B750FB82B850FC82B950FD82BA50D1D9EF
:105B7000BB50B5C9BC50FE82BD504083BE5041836E
:105B8000BF504283C0504383C1504483C2504583B9
:105B9000C3504683C4504783C5504883C650498389
:105BA000C7504A83C8504B83C9504C83CA504D8359
:105BB000CB504E83CC504F83CD505083CE50518329
:105BC000CF50F1CFD0505283D1505383D250548311
:105BD000D3505583D4505683D5505783D650D2D9FD
:105BE000D7505883D8505983D9505A83DA50C5C1F9
:105BF000DB505B83DC505C83DD505D83DE505E8375
:105C0000DF505F83E0506083E1506183E250628344
:105C1000E3506383E4506483E5506583E650D6D94E
:105C2000E750AEC9E8506683E9506783EA5068835D
:105C3000EB506983EC50D5D9ED50D4D9EE50D7D97B
:105C4000EF506A83F0506B83F1506C83F2506D8398
:105C5000F350DBCBF4506E83F550A9BDF6506F8343
:105C6000F7507083F8507183F9507283FA50738340
:105C7000FB50A7C6FC507483FD507583FE5076839D
:105C8000FF507783005178830151798302517A83E1
:105C900003517B8304517C8305517D830651D3D905
:105CA0000751D8D908517E83095180830A518183D5
:105CB0000B51D9D90C5182830D5183830E518483AA
:105CC0000F51858310518683115187831251E5C886
:105CD000135188831451898315518A8316518B83FC
:105CE00017518C8318518D8319518E831A518F83CC
:105CF0001B5190831C5191831D5192831E5193839C
:105D00001F519483205195832151DCC022519683E9
:105D100023519783245198832551998326519A833F
:105D200027519B8328519C8329519D832A519E830F
:105D30002B519F832C51A0832D51A1832E51A283DF
:105D40002F51A3833051A4833151A5833251A683AF
:105D50003351A7833451A8833551A9833651AA837F
:105D60003751AB833851AC833951AD833A51AE834F
:105D70003B51AF833C51B0833D51B1833E51B2831F
:105D80003F51F9B64051A3D84151CAD44251B383CF
:105D90004351AAD44451D6D04551E4B34651D7D546
:105DA0004751B4834851C8CF4951E2B94A51B583EC
:105DB0004B51CBBF4C51B6834D51E2C34E51B783CB
:105DC0004F51B8835051B9835151D2B65251BA8311
:105DD0005351BB835451C3CD5551EED95651F0D9CF
:105DE0005751BC835851BD835951BE835A51B3B5E5
:105DF0005B51BF835C51B5B65D51C0835E51C183B9
:105E00005F51C2836051C3836151C4836251A4BE98
:105E10006351C5836451C6836551EBC86651C7831E
:105E20006751C8836851ABC86951C9836A51CA8335
:105E30006B51CBB06C51ABB96D51F9C16E51E2D918
:105E40006F51CB837051BCC07151B2B97251CC83C8
:105E50007351D8B97451CBD07551F8B17651E4C6AD
:105E60007751DFBE7851E4B57951C8D77A51CD83E7
:105E70007B51F8D17C51E6BC7D51DECA7E51CE8388
:105E80007F51CF838051BDBC8151E6D98251E7D883
:105E90008351D0838451D1838551DAC48651D28312
:105EA0008751D3838851D4B88951BDC88A51D483CE
:105EB0008B51D5838C51E1B28D51D9D48E51D6837B
:105EC0008F51D7839051D8839151D9839251B0C3C8
:105ED0009351DA839451DB839551E1C39651A2DA51
:105EE0009751DFC89851DC839951B4D09A51DD8322
:105EF0009B51FCBE9C51A9C59D51DE839E51DF8301
:105F00009F51E083A051DAB9A151E183A251A3DAF4
:105F1000A351E283A451A9D4A551A4DAA651E383E5
:105F2000A751E483A851E583A951E683AA51E783E9
:105F3000AB51FBD9AC51ACB6AD51E883AE51E9835E
:105F4000AF51EBB7B051F9B1B151FCD9B251E5B392
:105F5000B351F6BEB451EA83B551F6BFB651B1D2D2
:105F6000B751E4C0B851EB83B951EC83BA51ED831A
:105F7000BB51B3B6BC51FED9BD51FDD9BE51EE8364
:105F8000BF51EF83C051BBBEC151F083C251F183F9
:105F9000C351F283C451E0C6C551F383C651BCD787
:105FA000C751A1DAC851F483C951B9C1CA51F583A7
:105FB000CB51F2B5CC51E8C1CD51F683CE51F78328
:105FC000CF51F5BCD051F883D151D5B4D251F9831A
:105FD000D351FA83D451FB83D551FC83D651FD8331
:105FE000D751FE83D8514084D9514184DA5142843B
:105FF000DB51DDC1DC514384DD51FDC4DE514484FD
:10600000DF514584E051B8BCE151B2B7E25146845A
:10601000E3514784E451EFB7E5514884E6514984A0
:10602000E7514A84E8514B84E9514C84EA514D844C
:10603000EB51ECD9EC514E84ED51BEC6EE514F847C
:10604000EF51ADBFF051CBBBF1515084F2515184AF
:10605000F351CAB5F4515284F551C9DBF651D7D08A
:10606000F7515384F851B9CDF951BCB0FA51F6B398
:10607000FB51F7BBFC51CADBFD51AFBAFE51548452
:10608000FF51E4D40052B6B50152F3B50252D6D84E
:106090000352D0C804525584055256840652D6B7CE
:1060A0000752D0C70852D7D8095257840A52AFBFF7
:1060B0000B5258840C5259840D52BBDB0E52D8D867
:1060C0000F525A8410525B841152CCD01252AEBB84
:1060D00013525C8414525D8415525E841652BEEBDA
:1060E0001752D0C11852F5C11952F2D41A52D5B86C
:1060F0001B52B4B41C525F841D52F5B31E5260840F
:106100001F5261842052BEC921526284225263848C
:10611000235264842452D0C5255265842652668455
:10612000275267842852D9C52952FBC02A52688455
:106130002B52F0B12C5269842D52D9D82E52CEB99F
:106140002F526A843052BDB531526B8432526C8406
:106150003352DAD834526D8435526E843652C6D6F4
:106160003752A2CB3852AFC83952B2C93A52CCB426
:106170003B52CCBF3C526F843D52F4B93E527084C6
:106180003F52DBD84052DCD84152E7B64252C1BC44
:106190004352EACC4452718445527284465273840D
:1061A0004752748448527584495276844A52F7CFD4
:1061B0004B5277844C52DDD84D52B0C74E52788442
:1061C0004F5279845052D0B95152A3BD52527A8461
:1061D00053527B845452DECC55527C845652CAC6EC
:1061E00057527D8458527E84595280845A528184F9
:1061F0005B5282845C52E0D85D5283845E52DED86A
:106200005F528484605285846152DFD862528684F2
:1062100063528784645288846552FEB066528984D2
:106220006752E7BE68528A846952A3CA6A52F4BCB4
:106230006B528B846C528C846D528D846E528E8422
:106240006F52B1B870528F84715290847252EEB80E
:1062500073529184745292847552938476529484CA
:106260007752958478529684795297847A5298849A
:106270007B5299847C529A847D52E2D87E529B84D0
:106280007F52CBBD80529C848152E4D88252E3D8A5
:1062900083529D8484529E8485529F848652A0841A
:1062A0008752A1848852FCC58952A2848A52A38451
:1062B0008B52A4848C52A5848D52A6848E52A784BE
:1062C0008F52A8849052E5D89152A9849252AA8400
:1062D0009352E6D89452AB849552AC849652AD84D6
:1062E0009752AE849852AF849952B0849A52B18436
:1062F0009B52A6C19C52B2849D52B0C89E52ECB033
:106300009F52A6B9A052D3BCA152F1CEA252BDDB7E
:10631000A352D3C1A452B384A552B484A652B58467
:10632000A752B684A852AFB6A952FAD6AA52ACC5A3
:10633000AB52D9BDAC52BEDBAD52BFDBAE52B7845F
:10634000AF52B884B052B984B152F8C0B252A2BEB2
:10635000B352CDC0B452BA84B552BB84B652BC84D9
:10636000B752BD84B852BE84B952BF84BA52C084F9
:10637000BB52C184BC52C284BD52C384BE52C0DB76
:10638000BF52C6CAC052C484C152C584C252C68458
:10639000C352AAB2C452C784C552C884C652C98463
:1063A000C752C2D3C852CA84C952E3C3CA52CB84AB
:1063B000CB52ABD1CC52CC84CD52CD84CE52CE84F4
:1063C000CF52CF84D052C2DBD152D084D252D5C06A
:1063D000D352D184D452D284D552D384D652C3DB83
:1063E000D752D484D852B1BFD952D584DA52D68488
:1063F000DB52D784DC52D884DD52D984DE52DA8471
:10640000DF52BCC4E052DB84E152DC84E252DD8422
:10641000E352DE84E452DAC7E552DF84E652E084D8
:10642000E752E184E852E284E952E384EA52E484E8
:10643000EB52E584EC52E684ED52E784EE52E884B8
:10644000EF52E984F052C4DBF152EA84F252EB8459
:10645000F352EC84F452ED84F552EE84F652EF845C
:10646000F752F084F852F184F952E8D9FA52D7C9B8
:10647000FB52F284FC52F384FD52F484FE52B4B910
:10648000FF52F0CE0053C8D40153F5840253F68472
:106490000353F7840453F8840553FCB00653D2B475
:1064A0000753F9840853D9D00953FA840A53FB845B
:1064B0000B53FC840C53FD840D53E9D90E53FE8419
:1064C0000F53CBDE1053EBD9115340851253418546
:1064D00013534285145343851553B0D81653AFBB9D
:1064E0001753B1B1185344851953D7B31A53CED8A3
:1064F0001B5345851C5346851D53D1D41E534785D8
:106500001F5348852053B3BD2153EFBF2253498504
:106510002353BBCF24534A8525534B852653D0D8CC
:1065200027534C8528534D8529534E852A53CBB785
:106530002B534F852C5350852D5351852E53D1D835
:106540002F535285305353853153548532535585DB
:1065500033535685345357853553588536535985AB
:1065600037535A8538535B853953A5C63A53F8C714
:106570003B53BDD23C535C853D535D853E53D2D8E1
:106580003F53E4C440535E854153AECA42535F85D6
:106590004353A7C7445360854553A6D846536185E6
:1065A0004753FDC94853E7CE4953DCBB4A53EBB0D0
:1065B0004B5362854C5363854D5364854E53AABB40
:1065C0004F53ADD0505365855153B0B15253E4D7BA
:1065D0005353BFD7545366855553A5B55653F4C28C
:1065E0005753CFC458536785595368855A53A9B236
:1065F0005B5369855C53B7B25D536A855E53E5B101
:106600005F53B2DF6053BCD56153A8BF6253ACC2C5
:106610006353D5D86453B1C265536B856653D4D8E0
:106620006753D4CE68536C856953E0DA6A536D853D
:106630006B53C0CE6C536E856D536F856E53B4D85B
:106640006F53AEC37053A1D37153A3CE72537085F1
:106650007353B4BC7453B4C87553D1C276537185A7
:106660007753EDBE7853B6D0795372857A53E1DA19
:106670007B5373857C5374857D5375857E537685F6
:106680007F53E4C780537785815378858253A7B3BE
:10669000835379858453F2B68553FCCC8653FAC074
:1066A00087537A8588537B858953F7C08A537C85C5
:1066B0008B53B9D18C53E1D18D53C7D88E537D857F
:1066C0008F537E8590538085915381859253828527
:1066D00093538385945384859553DEB29653858571
:1066E000975386859853E5C0995387859A53F1BA95
:1066F0009B5388859C5389859D53C8D89E538A8512
:106700009F53ADD4A0538B85A1538C85A253E1CF69
:10671000A353C9D8A4538D85A553CAD8A653C3CFB4
:10672000A7538E85A853F8B3A953C7BEAA538F8524
:10673000AB539085AC539185AD539285AE53CBD876
:10674000AF539385B0539485B1539585B2539685D5
:10675000B3539785B4539885B5539985B653CCDB1D
:10676000B7539A85B8539B85B9539C85BA539D8579
:10677000BB53A5C8BC539E85BD539F85BE53A08502
:10678000BF53D8CFC053A185C153FEC8C253CEB2A8
:10679000C353A285C453A385C553A485C653A585F9
:1067A000C753A685C853D6D3C953E6B2CA53B0BCA3
:1067B000CB53D1D3CC53ABCBCD53B4B7CE53A785AA
:1067C000CF53A885D053A985D153A2B7D253AA8558
:1067D000D353AB85D453E5CAD553AC85D653A1C8A2
:1067E000D753DCCAD853E4B1D953F0D0DA53AD85CE
:1067F000DB53D1C5DC53AE85DD53AF85DE53B085A9
:10680000DF53C5DBE053FEB5E153B185E253B285FA
:10681000E353DABFE453C5B9E553E4BEE653EDC133
:10682000E753B385E853B6DFE953B5DFEA53BBD688
:10683000EB53D0BDEC53D9D5ED53C8B0EE53A3B64E
:10684000EF53C9BFF053A8CCF153B3DFF253B7CA2B
:10685000F353D2D3F453B485F553CFD8F653B6D20D
:10686000F753C5BAF853BECBF953BECCFA53B5852E
:10687000FB53B7DFFC53F0B5FD53B4DFFE53B685D1
:10688000FF53B7850054B8850154F5D30254B98538
:106890000354D4B30454F7B80554BA850654BADF88
:1068A0000754BB850854CFBA0954AABC0A54F5B59D
:1068B0000B54BC850C54ACCD0D54FBC30E54F3BA31
:1068C0000F54F4C01054C2CD1154F2CF1254B8DF9B
:1068D0001354C5CF1454BD851554C0C21654B9DF26
:1068E0001754F0C21854BE851954BF851A54C08578
:1068F0001B54FDBE1C54C1851D54DFC11E54CCCD9C
:106900001F54F7D22054CDB72154C1DF2254C28581
:106910002354C4DF2454C3852554C4852654F1B7B9
:106920002754C9B02854D6B62954D4B72A54C5859B
:106930002B54ACBA2C54FDCC2D54D4BF2E54B1CB17
:106940002F54F4C63054C6853154A8D63254C5DF0E
:106950003354C7853454E2CE3554B3B33654C88566
:106960003754C9853854FCCE3954B5B43A54CA8525
:106970003B54C7CE3C54F0BA3D54CB853E54E1CE97
:106980003F54CC854054BDD14154CD854254CE8531
:106990004354C0DF4454CF854554D0854654F4B4A5
:1069A0004754D1854854CAB34954D2854A54E6B8AD
:1069B0004B54BBDF4C54D3854D54D4854E54D585B0
:1069C0004F54D6855054C5C45154D7855254BCDF5A
:1069D0005354BDDF5454BEDF5554BBC55654BFDFBE
:1069E0005754C2DF5854B1D45954C3DF5A54D885D0
:1069F0005B54BAC75C54D8CE5D54D9855E54DA85F1
:106A00005F54DB856054DC856154DD856254D8C4F5
:106A10006354DE856454CADF6554DF856654CFDF76
:106A20006754E0856854DCD66954E1856A54E28590
:106A30006B54E3856C54E4856D54E5856E54E685AE
:106A40006F54E7857054E8857154C9DF7254DADFFA
:106A50007354B6CE7454E9857554C7BA7654CEDFF4
:106A60007754C8DF7854DEC57954EA857A54EB85CB
:106A70007B54EBC97C54F4BA7D54FCC37E54EC8542
:106A80007F54ED858054D7BE8154EE858254C6DF95
:106A90008354EF858454CDDF8554F0858654D8C562
:106AA0008754F1858854F2858954F3858A54F48596
:106AB0008B54A6D58C54CDBA8D54F5858E54CCBE4E
:106AC0008F54BDD39054C0B89154F6859254E4D6F7
:106AD0009354F7859454C7DF9554BEB99654A7BF15
:106AE0009754F8859854F9859954FCC19A54CBDF92
:106AF0009B54CCDF9C54FA859D54D0DF9E54FB857B
:106B00009F54FC85A054FD85A154FE85A254408667
:106B1000A354DBDFA454E5DFA5544186A654D7DF98
:106B2000A754D6DFA854C9D7A954E3DFAA54E4DF99
:106B3000AB54EBE5AC54A7D2AD54D2DFAE54428691
:106B4000AF54A9BFB0544386B154DBD4B254448689
:106B5000B354C8BFB454D4DFB5544586B654468642
:106B6000B7544786B854CCCFB9544886BA544986EE
:106B7000BB54DDDFBC544A86BD54CAD1BE544B86DB
:106B8000BF54DEDFC054A7B0C154B7C6C254D3DF70
:106B9000C3544C86C454E5BAC5544D86C654DFB6BA
:106BA000C754DBCDC854FEB9C954D5D4CA544E8697
:106BB000CB544F86CC54DFDFCD54ECCFCE54A5B0B0
:106BC000CF54E7DFD054D1DFD154C6D1D254D5DF72
:106BD000D354D8DFD454D9DFD554DCDFD654508613
:106BE000D754A9BBD8545186D954E0DFDA54E1DF39
:106BF000DB545286DC54E2DFDD54E6DFDE54E8DFAE
:106C0000DF54B4D3E0545386E1545486E25455869D
:106C1000E3545686E4545786E554E7B8E654B6C5BF
:106C2000E754EADFE854DAC9E954A8C1EA54C4C415
:106C3000EB545886EC545986ED54DEBFEE54F8CF31
:106C4000EF545A86F0545B86F1545C86F254DCD5DE
:106C5000F354EEDFF4545D86F5545E86F6545F8699
:106C6000F7546086F8546186F9546286FA54B8B2D3
:106C7000FB546386FC54DFBAFD54ECDFFE5464869B
:106C8000FF54C1DB005565860155E4D10255668687
:106C90000355678604556886055569860655F4CB05
:106CA0000755BDB408556A860955A6B00A556B86C6
:106CB0000B556C860C556D860D556E860E556F8680
:106CC0000F55F1DF1055C6CC1155F2DF1255708605
:106CD000135571861455EDDF15557286165573865A
:106CE0001755748618557586195576861A55778600
:106CF0001B55E9DF1C5578861D5579861E557A8609
:106D00001F557B862055EBDF21557C862255EFDF12
:106D10002355F0DF2455BDBB25557D8626557E863F
:106D20002755F3DF28558086295581862A55F4DFBB
:106D30002B5582862C55A3BB2D5583862E55DBCA39
:106D40002F55A8CE3055A7E03155AAB332558486C9
:106D50003355A6E034558586355586863655878663
:106D60003755A1E038558886395589863A558A863F
:106D70003B558B863C55FEDF3D558C863E55D9CD27
:106D80003F55FCDF40558D864155FADF42558E86D2
:106D90004355D0BF4455C4D745558F864655CCC9B9
:106DA00047559086485591864955F8DF4A55A1B018
:106DB0004B5592864C5593864D5594864E559586E7
:106DC0004F5596865055FDDF5155978652559886FA
:106DD0005355998654559A865555FBDF5655A2E072
:106DE00057559B8658559C8659559D865A559E8663
:106DF0005B559F865C55A8E05D55A0865E55A186D3
:106E00005F55A2866055A3866155C8B76255A486B2
:106E10006355A5866455A1C66555B6C96655B2C009
:106E20006755F5DF6855A6866955A7866A55BEC5BC
:106E30006B55A8866C55C4D86D55F9DF6E55F6C4F0
:106E40006F55A9867055AA867155AB867255AC866A
:106E50007355AD867455AE867555A3E07655A4E09E
:106E60007755A5E07855A5D07955AF867A55B08687
:106E70007B55B4E07C55E4CC7D55B1867E55B1E0C0
:106E80007F55B2868055A6BF8155AFE08255B9CEF9
:106E90008355ABE08455C6C98555B3868655B486FF
:106EA0008755AEC08855AEE08955EDBA8A55B0BA5F
:106EB0008B55A9E08C55B5868D55B6868E55B7860F
:106EC0008F55F6DF9055B8869155B3E09255B98647
:106ED0009355BA869455B8E09555BB869655BC86B1
:106EE0009755BD869855ADB49955B9E09A55BE866B
:106EF0009B55BF869C55B2CF9D55C8BA9E55C0863E
:106F00009F55B0E0A055C186A155C286A255C38643
:106F1000A355C486A455C586A555C686A655C7865D
:106F2000A755FAD0A855C886A955C986AA55CA86B4
:106F3000AB55CB86AC55CC86AD55CD86AE55CE8601
:106F4000AF55CF86B055D086B155ACE0B255D1869D
:106F5000B355FBD4B455D286B555F7DFB655D386B5
:106F6000B755E7C5B855D486B955ADE0BA55D586FD
:106F7000BB55F7D3BC55D686BD55B6E0BE55B7E078
:106F8000BF55D786C055D886C155D986C255DA8631
:106F9000C355DB86C455C4E0C555E1D0C655DC8673
:106FA000C755DD86C855DE86C955BCE0CA55DF86A3
:106FB000CB55E086CC55C9E0CD55CAE0CE55E1862B
:106FC000CF55E286D055E386D155BEE0D255AAE032
:106FD000D355A4C9D455C1E0D555E486D655B2E001
:106FE000D755E586D855E686D955E786DA55E88639
:106FF000DB55E986DC55C8CADD55C3E0DE55EA86B7
:10700000DF55B5E0E055EB86E155CBCEE255EC8699
:10701000E355C3CBE455CDE0E555C6E0E655C2E007
:10702000E755ED86E855CBE0E955EE86EA55BAE03E
:10703000EB55BFE0EC55C0E0ED55EF86EE55F08620
:10704000EF55C5E0F055F186F155F286F255C7E0EF
:10705000F355C8E0F455F386F555CCE0F655F486C3
:10706000F755BBE0F855F586F955F686FA55F786DB
:10707000FB55F886FC55F986FD55D4CBFE55D5E079
:10708000FF55FA860056D6E00156D2E00256FB863E
:107090000356FC860456FD860556FE860656408736
:1070A000075641870856D0E00956CEBC0A5642879B
:1070B0000B5643870C56D1E00D5644870E56C2B886
:1070C0000F56C5D810564587115646871256478722
:1070D000135648871456498715564A8716564B87C4
:1070E00017564C871856EAD019564D871A564E87B0
:1070F0001B56EFC21C564F871D5650871E56CFE0B9
:107100001F56BDE02056518721565287225653877D
:107110002356D4E02456D3E0255654872656558767
:107120002756D7E028565687295657872A56588714
:107130002B5659872C56DCE02D56D8E02E565A8710
:107140002F565B8730565C873156F6D63256B0B331
:1071500033565D873456ECD735565E873656BBCBF3
:1071600037565F87385660873956DAE03A56618776
:107170003B56FBCE3C5662873D5663873E5664873E
:107180003F56D9BA4056658741566687425667874B
:10719000435668874456698745566A8746566B87C3
:1071A00047566C8748566D8749566E874A566F8793
:1071B0004B5670874C56E1E04D56DDE04E56ADD251
:1071C0004F5671875056728751567387525674873F
:1071D000535675875456E2E055567687565677874C
:1071E0005756DBE05856D9E05956DFE05A567887B3
:1071F0005B5679875C56E0E05D567A875E567B8702
:107200005F567C8760567D8761567E876256DEE0DA
:10721000635680876456E4E06556818766568287A8
:10722000675683876856F7C66956ACD86A56EBD45A
:107230006B56E6E06C56C9CA6D5684876E568587D4
:107240006F568687705687877156E5E07256888735
:107250007356898774568A8775568B877656C1B858
:1072600077568C8778568D8779568E877A568F8792
:107270007B56E7E07C56E8E07D5690877E56918706
:107280007F5692878056938781569487825695873A
:1072900083569687845697878556E9E08656E3E0BD
:1072A000875698878856998789569A878A569B87E2
:1072B0008B569C878C569D878D569E878E56BFBA5F
:1072C0008F56E7CC90569F879156A0879256A187FC
:1072D0009356EAE09456A2879556A3879656A487BC
:1072E0009756A5879856A6879956A7879A56A8872E
:1072F0009B56A9879C56AA879D56AB879E56AC87FE
:107300009F56AD87A056AE87A156AF87A256B087CD
:10731000A356F9CFA456B187A556B287A656B38710
:10732000A756B487A856B587A956B687AA56B78771
:10733000AB56B887AC56B987AD56BA87AE56BB8741
:10734000AF56EBE0B056BC87B156BD87B256BE878C
:10735000B356BF87B456C087B556C187B656C287E5
:10736000B756C2C8B856C387B956C487BA56C58778
:10737000BB56C687BC56C0BDBD56C787BE56C8875C
:10738000BF56C987C056CA87C156CB87C256CC875D
:10739000C356CD87C456CE87C556CF87C656D0872D
:1073A000C756D187C856D287C956D387CA56D2C4C2
:1073B000CB56D487CC56D587CD56D687CE56D787D1
:1073C000CF56D887D056D987D156DA87D256DB87A1
:1073D000D356DC87D456ECE0D556DD87D656DE870B
:1073E000D756EDE0D856DF87D956E087DA56F4C78E
:1073F000DB56C4CBDC56E187DD56EEE0DE56D8BB6B
:10740000DF56B6D8E056F2D2E156EFE0E256C5CDEF
:10741000E356E287E456DAB6E556E387E656E487B4
:10742000E756E587E856E687E956E787EA56E887AC
:10743000EB56F1E0EC56E987ED56B0D4EE56EA870C
:10744000EF56EB87F056A7C0F156D1B4F256EC8751
:10745000F356ED87F456A7CEF556F0E0F656EE87D4
:10746000F756EF87F856F087F956F2E0FA56CCB99E
:10747000FB56F187FC56F287FD56FAB9FE56BCCD95
:10748000FF56F3E00057F3870157F4870257F5875B
:107490000357D4C60457F4E00557F6870657B2D40D
:1074A0000757F7870857A6C80957F6E00A57F5E0C7
:1074B0000B57F8870C57F9870D57FA870E57FB873C
:1074C0000F57FC871057FD871157FE8712574088CA
:1074D00013574188145742881557438816574488D4
:1074E0001757458818574688195747881A574888A4
:1074F0001B5749881C57F7E01D574A881E574B8871
:107500001F57C1CD20574C8821574D8822574E8890
:107510002357A5CA24574F88255750882657518886
:10752000275752882857DAD42957D7DB2A57D9DB6F
:107530002B5753882C57D8DB2D57E7B92E57DCDB58
:107540002F57DDDB3057D8B531575488325755881F
:107550003357DADB345756883557578836575888AB
:107560003757598838575A883957DBDB3A57A1B310
:107570003B57DFDB3C575B883D575C883E57F8BB89
:107580003F575D884057B7D641575E884257E0DB8A
:1075900043575F88445760884557618846576288DB
:1075A0004757F9BE48576388495764884A57BBB75D
:1075B0004B5765884C57D0DB4D57AECC4E57B2BFBA
:1075C0004F57B5BB5057F8D75157D3BF525766885E
:1075D00053576788545768885557698856576A883B
:1075E0005757E9BF58576B8859576C885A57E1BCB1
:1075F0005B57B3CC5C57DEDB5D57D3B05E57EBCE49
:107600005F57D8B76057B9D76157C2C662576D8800
:1076100063576E886457A4C065576F886657B9CCA6
:10762000675770886857E7DB6957E1DB6A57BAC666
:107630006B57E3DB6C5771886D57E8DB6E577288C8
:107640006F57F7C57057738871577488725775886C
:107650007357EADB74577688755777887657E9DB76
:107660007757C0BF78577888795779887A577A885A
:107670007B57E6DB7C57E5DB7D577B887E577C8834
:107680007F577D8880577E88815780888257B9B41C
:107690008357ACC08457A2C28557E2DB8657E4DB30
:1076A0008757818888578288895783888A57848832
:1076B0008B57CDD08C57EDDB8D5785888E578688BC
:1076C0008F57878890578888915789889257DDC04F
:1076D0009357F2DB94578A8895578B8896578C88F6
:1076E00097578D8898578E8899578F889A57908882
:1076F0009B57E2B69C5791889D5792889E579388D6
:107700009F579488A057F3DBA157D2DBA257B8B993
:10771000A357ABD4A457ECDBA5579588A657D1BF88
:10772000A757F0DBA8579688A957D1DBAA579788A7
:10773000AB57E6B5AC579888AD57EBDBAE57E5BF16
:10774000AF579988B0579A88B1579B88B257EEDBEC
:10775000B3579C88B457F1DBB5579D88B6579E88C0
:10776000B7579F88B857F9DBB957A088BA57A1888F
:10777000BB57A288BC57A388BD57A488BE57A5880D
:10778000BF57A688C057A788C157A888C257A1B9B4
:10779000C357A3B0C457A988C557AA88C657AB8892
:1077A000C757AC88C857AD88C957AE88CA57AF8885
:1077B000CB57F1C2CC57B088CD57B188CE57C7B39D
:1077C000CF57EFDBD057B288D157B388D257F8DB09
:1077D000D357B488D457D2C6D557F4DBD657B5881B
:1077E000D757B688D857F5DBD957F7DBDA57F6DB2A
:1077F000DB57B788DC57B888DD57FEDBDE57B98822
:10780000DF57F2D3E057BAB2E157BA88E257BB88E4
:10781000E357BC88E457FDDBE557BD88E657BE88D3
:10782000E757BF88E857C088E957C188EA57C28838
:10783000EB57C388EC57C488ED57A4DCEE57C588D6
:10784000EF57FBDBF057C688F157C788F257C88857
:10785000F357C988F457FADBF557CA88F657CB882F
:10786000F757CC88F857FCDBF957E0C5FA57F9BB56
:10787000FB57CD88FC57CE88FD57A3DCFE57CF8839
:10788000FF57D0880058A5DC0158D1880258C3CCD6
:107890000358D2880458D3880558D4880658D1B6DE
:1078A0000758C0DD0858D5880958D6880A58D7889F
:1078B0000B58A1DC0C58D8880D58A2DC0E58D9887A
:1078C0000F58DA881058DB881158B5C71258DC8871
:1078D0001358DD881458DE881558E9B61658DF8825
:1078E0001758E0881858E1881958A7DC1A58E28818
:1078F0001B58E3881C58E4881D58E5881E58A6DCF0
:107900001F58E6882058A9DC2158A4B12258E788DE
:107910002358E8882458CCB52558E9882658EA88A1
:107920002758EB882858EC882958ED882A58B0BF8A
:107930002B58EE882C58EF882D58F0882E58F18857
:107940002F58F2883058DFD13158F3883258F488F4
:107950003358F5883458F6883558C2B63658F78803
:107960003758F8883858F9883958FA883A58FB88CF
:107970003B58FC883C58FD883D58FE883E5840895D
:107980003F58418940584289415843894258448967
:10799000435845894458A8DC455846894658478984
:1079A000475848894858498949584A894A584B890B
:1079B0004B584C894C58FACB4D58F3EB4E584D89E7
:1079C0004F584E8950584F895158DCCB52585089E6
:1079D000535851895458FECB55585289565853899B
:1079E000575854895858C1CC595855895A585689AE
:1079F0005B5857895C5858895D5859895E58FBC84F
:107A00005F585A8960585B8961585C8962585D8902
:107A100063585E8964585F896558AADC6658608936
:107A20006758618968586289695863896A586489A6
:107A30006B58EECC6C58ABDC6D5865896E58668916
:107A40006F586789705868897158698972586A894E
:107A500073586B8974586C8975586D8976586E891E
:107A600077586F8978587089795871897A587289EE
:107A70007B5873897C5874897D5875897E58D3DB0F
:107A80007F5876898058AFDC8158ACDC8258778982
:107A90008358B3BE845878898558FBCA865879893B
:107AA00087587A8988587B898958ADDC8A587C89BF
:107AB0008B587D898C587E898D5880898E58818914
:107AC0008F58828990588389915884899258CAC95D
:107AD0009358B9C49458858995588689965887894A
:107AE00097588889985889899958BDC79A58AEDCA3
:107AF0009B588A899C588B899D588C899E58F6D4AE
:107B00009F58E6D0A0588D89A1588E89A2588F8998
:107B1000A3589089A4589189A5589289A658938909
:107B2000A7589489A858ABC4A958D5B6AA5895891E
:107B3000AB589689AC589789AD589889AE589989B1
:107B4000AF589A89B0589B89B1589C89B2589D8981
:107B5000B3589E89B4589F89B558A089B658A18951
:107B6000B758A289B858A389B958A489BA58A58921
:107B7000BB58A689BC58D4DBBD58A789BE58A88974
:107B8000BF58A989C058AA89C158DAB1C258AB896F
:107B9000C358AC89C458AD89C558D5DBC658AE8921
:107BA000C758AF89C858B089C958B189CA58B2896D
:107BB000CB58B389CC58B489CD58B589CE58B6893D
:107BC000CF58B789D058B889D158D6DBD258B9899F
:107BD000D358BA89D458BB89D558BEBAD658BC89AF
:107BE000D758BD89D858BE89D958BF89DA58C089B5
:107BF000DB58C189DC58C289DD58C389DE58C48985
:107C0000DF58C589E058C689E158C789E258C88954
:107C1000E358C989E458C0C8E558CA89E658CB89F1
:107C2000E758CC89E858CD89E958CE89EA58CF89F8
:107C3000EB58BFCAEC58C9C8ED58D089EE58B3D735
:107C4000EF58D189F058F9C9F158D289F258D3893F
:107C5000F358C7BFF458D489F558D589F658F8BAFF
:107C6000F758D689F858D789F958BCD2FA58D88924
:107C7000FB58D989FC58DA89FD58DB89FE58DC8924
:107C8000FF58DD890059DE890159DF890259BAE2BE
:107C90000359E0890459A6B40559E1890659E289D6
:107CA0000759B8B10859E3890959E4890A59E5899E
:107CB0000B59E6890C59E7890D59B4B80E59E88972
:107CC0000F59C4CF1059E9891159EA891259EB8922
:107CD0001359EC891459E7D91559A6CF1659E2CD95
:107CE0001759ED891859EE891959EDD91A59E0B685
:107CF0001B59EF891C59B9D21D59F0891E59F189B8
:107D00001F59BBB92059F2892159F3892259F489A5
:107D10002359F5892459B9E22559B7E22659F6893C
:107D20002759F3B42859F7892959ECCC2A59ABCCF7
:107D30002B59F2B72C59F8892D59B2D82E59EBD1BD
:107D40002F59BBBA3059F9893159A7CA3259FA8922
:107D50003359FB893459B7CD3559FC893659FD89DA
:107D60003759C4D23859E4BF3959D0BC3A59E1B671
:107D70003B59FE893C59C5DE3D59408A3E59418AEE
:107D80003F59428A4059438A4159C6DE4259BCDBB9
:107D90004359448A4459D9D14559458A4659468A56
:107DA0004759E6C64859CEC44959EEB74A59478A99
:107DB0004B59DCB74C59488A4D59498A4E59FCBF3A
:107DC0004F59E0D750594A8A5159F5C652594B8AF2
:107DD00053594C8A5459BCB15559C8DE5659B1BD96
:107DE0005759D7CC5859CADE59594D8A5A59C9DE04
:107DF0005B594E8A5C594F8A5D59508A5E59518A47
:107E00005F59528A6059ECB56159538A6259DDC98C
:107E10006359548A6459558A6559C2B06659568A5D
:107E20006759578A6859588A6959598A6A595A8AC2
:107E30006B595B8A6C595C8A6D595D8A6E595E8A92
:107E40006F595F8A7059608A7159618A7259628A62
:107E50007359AEC57459ABC57559638A7659CCC48C
:107E60007759648A7859E9BC7959FDCB7A59658A82
:107E70007B59668A7C59678A7D59C3BA7E59688A5C
:107E80007F59698A80596A8A8159F9E58259E7C818
:107E90008359FAE58459FDCD85596B8A8659B1D746
:107EA0008759BEB88859E8C289596C8A8A59D1C89D
:107EB0008B596D8A8C596E8A8D59FBE58E596F8A64
:107EC0008F59708A9059718A9159728A9259CAB69B
:107ED0009359CBBC9459738A9559748A9659FDD19C
:107EE0009759A1E69859758A9959EEC39A59768A95
:107EF0009B59778A9C59788A9D59798A9E59A4E61C
:107F00009F597A8AA0597B8AA1597C8AA2597D8A75
:107F1000A359FEE5A459A5E6A559D7CDA6597E8A51
:107F2000A759808AA859C1B7A959FCE5AA59FDE506
:107F3000AB59A3E6AC59818AAD59828AAE59DDC4EA
:107F4000AF59A8E6B059838AB159848AB259A7E6D5
:107F5000B359858AB459868AB559878AB659888AA9
:107F6000B759898AB8598A8AB959C3C3BA598B8A09
:107F7000BB59DEC6BC598C8ABD598D8ABE59AAE64A
:107F8000BF598E8AC0598F8AC159908AC259918A25
:107F9000C359928AC459938AC559948AC659B7C499
:107FA000C759958AC859968AC959978ACA59A2E663
:107FB000CB59BCCACC59988ACD59998ACE599A8A3C
:107FC000CF599B8AD059E3BDD159C3B9D259A6E63E
:107FD000D359D5D0D459AFCED5599C8AD6599D8A7C
:107FE000D759A9E6D859B0E6D9599E8ADA59A6D206
:107FF000DB599F8ADC59AABDDD59ADE6DE59A08A5E
:10800000DF59A18AE059A28AE159A38AE259A48AD8
:10801000E359AFE6E459A58AE559D1C0E659A68AE5
:10802000E759A78AE859CCD2E959A88AEA59A98A16
:10803000EB59AA8AEC59A7BCED59AB8AEE59AC8A28
:10804000EF59AD8AF059AE8AF159AF8AF259B08A28
:10805000F359B18AF459B28AF559B38AF659B48AF8
:10806000F759B58AF859B68AF959B1E6FA59B78A73
:10807000FB59F6D2FC59B88AFD59B98AFE59BA8A19
:10808000FF59CBD7005ABB8A015AFECD025ABC8A8F
:10809000035ADECD045AA6C2055AABE6065AACE630
:1080A000075ABFBD085AAEE6095AB3E60A5ABD8A56
:1080B0000B5ABE8A0C5AB2E60D5ABF8A0E5AC08AB3
:1080C0000F5AC18A105AC28A115AB6E6125AC38A86
:1080D000135AB8E6145AC48A155AC58A165AC68A5B
:1080E000175AC78A185AEFC4195AC88A1A5AC98A1D
:1080F0001B5ACA8A1C5AC8C41D5ACB8A1E5ACC8A1B
:108100001F5AEABE205AEFC9215ACD8A225ACE8A76
:10811000235AB7E6245ACF8A255AF0B6265AD08A6F
:10812000275AD18A285AD28A295AE4C32A5AD38A8A
:108130002B5AD48A2C5AD58A2D5AD68A2E5AD78AA7
:108140002F5AD88A305AD98A315AE9D3325AB4E6EA
:10815000335ADA8A345AB5E6355ADB8A365AA2C817
:10816000375ADC8A385ADD8A395ADE8A3A5ADF8A27
:108170003B5AE08A3C5ABDE63D5AE18A3E5AE28AC1
:108180003F5AE38A405AB9E6415AE48A425AE58A9C
:10819000435AE68A445AE78A455AE88A465AC5C687
:1081A000475AE98A485AEA8A495AF1CD4A5ABBE6FF
:1081B0004B5AEB8A4C5AEC8A4D5AED8A4E5AEE8A4B
:1081C0004F5AEF8A505AF08A515AF18A525AF28A1B
:1081D000535AF38A545AF48A555ABCE6565AF58AC9
:1081E000575AF68A585AF78A595AF88A5A5AE9BB9E
:1081F0005B5AF98A5C5AFA8A5D5AFB8A5E5AFC8A93
:108200005F5AFD8A605AFE8A615A408B625ABEE606
:10821000635A418B645A428B655A438B665A448B2E
:10822000675ABAE6685A458B695A468B6A5AB7C08C
:108230006B5A478B6C5A488B6D5A498B6E5A4A8BD6
:108240006F5A4B8B705A4C8B715A4D8B725A4E8BA6
:10825000735A4F8B745AA4D3755ABFE6765AF4C931
:10826000775AC3E6785A508B795A518B7A5AC4E6BA
:108270007B5A528B7C5A538B7D5A548B7E5A558B2A
:108280007F5AF6D0805A568B815A578B825A588B18
:10829000835A598B845A5A8B855A5B8B865A5C8BCE
:1082A000875A5D8B885A5E8B895A5F8B8A5A608B9E
:1082B0008B5A618B8C5A628B8D5A638B8E5A648B6E
:1082C0008F5A658B905A668B915A678B925ABDC3B1
:1082D000935A688B945A698B955A6A8B965A6B8B12
:1082E000975A6C8B985A6D8B995A6E8B9A5AC4C355
:1082F0009B5AC2E69C5A6F8B9D5A708B9E5A718B0B
:108300009F5A728BA05A738BA15A748BA25A758B89
:10831000A35A768BA45A778BA55A788BA65A798B59
:10832000A75A7A8BA85A7B8BA95A7C8BAA5AC1E68A
:10833000AB5A7D8BAC5A7E8BAD5A808BAE5A818BFB
:10834000AF5A828BB05A838BB15A848BB25AC7E62C
:10835000B35AB1CFB45A858BB55AF4EBB65A868B63
:10836000B75A878BB85ACAE6B95A888BBA5A898BDA
:10837000BB5A8A8BBC5A8B8BBD5A8C8BBE5AC5E6B6
:10838000BF5A8D8BC05A8E8BC15ADEBCC25AA9C946
:10839000C35A8F8BC45A908BC55A918BC65A928BF5
:1083A000C75A938BC85A948BC95AB5BCCA5A958B75
:1083B000CB5A968BCC5AD3CFCD5A978BCE5A988B1B
:1083C000CF5A998BD05A9A8BD15A9B8BD25AC8E6E6
:1083D000D35A9C8BD45AC9E6D55A9D8BD65ACEE631
:1083E000D75A9E8BD85AD0E6D95A9F8BDA5AA08B8F
:1083F000DB5AA18BDC5AD1E6DD5AA28BDE5AA38B65
:10840000DF5AA48BE05ACBE6E15AD5B5E25AA58BE8
:10841000E35ACCE6E45AA68BE55AA78BE65ACFE698
:10842000E75AA88BE85AA98BE95ADBC4EA5AAA8B07
:10843000EB5AC6E6EC5AAB8BED5AAC8BEE5AAD8BD1
:10844000EF5AAE8BF05AAF8BF15ACDE6F25AB08BA1
:10845000F35AB18BF45AB28BF55AB38BF65AB48BEC
:10846000F75AB58BF85AB68BF95AB78BFA5AB88BBC
:10847000FB5AB98BFC5ABA8BFD5ABB8BFE5ABC8B8C
:10848000FF5ABD8B005BBE8B015BBF8B025BC08B59
:10849000035BC18B045BC28B055BC38B065BC48B28
:1084A000075BC58B085BC68B095BD2E60A5BC78B93
:1084B0000B5BC88B0C5BC98B0D5BCA8B0E5BCB8BCC
:1084C0000F5BCC8B105BCD8B115BCE8B125BCF8B9C
:1084D000135BD08B145BD18B155BD28B165BD4E610
:1084E000175BD3E6185BD38B195BD48B1A5BD58BE8
:1084F0001B5BD68B1C5BD78B1D5BD88B1E5BD98B14
:108500001F5BDA8B205BDB8B215BDC8B225BDD8BE3
:10851000235BDE8B245BDF8B255BE08B265BE18BB3
:10852000275BE28B285BE38B295BE48B2A5BE58B83
:108530002B5BE68B2C5BE78B2D5BE88B2E5BE98B53
:108540002F5BEA8B305BEB8B315BEC8B325BD5E6E0
:10855000335BED8B345BF8D9355BEE8B365BEF8BA1
:10856000375BD6E6385BF08B395BF18B3A5BF28B8D
:108570003B5BF38B3C5BF48B3D5BF58B3E5BF68B9F
:108580003F5BF78B405BD7E6415BF88B425BF98B37
:10859000435BFA8B445BFB8B455BFC8B465BFD8B43
:1085A000475BFE8B485B408C495B418C4A5B428C4D
:1085B0004B5B438C4C5B448C4D5B458C4E5B468CDB
:1085C0004F5B478C505BD3D7515BDDE6525B488CE9
:1085D000535BDEE6545BD7BF555BD0D4565B498C0A
:1085E000575BD6D7585BE6B4595BEFCB5A5BDAE6FC
:1085F0005B5BC3D85C5BCED75D5BA2D05E5B4A8C15
:108600005F5BCFC3605B4B8C615B4C8C625BDFE676
:10861000635BBEBC645BC2B9655BDBE6665BA7D12E
:10862000675B4D8C685B4E8C695BA2BA6A5BCFC29C
:108630006B5B4F8C6C5BABD86D5B508C6E5B518C05
:108640006F5B528C705BEBCA715BEEE5725B538CB7
:10865000735BDCE6745B548C755BF5B7765B558CAD
:10866000775B568C785B578C795B588C7A5BE6C865
:108670007B5B598C7C5B5A8C7D5BF5C47E5B5B8C31
:108680007F5B5C8C805BB2E5815BFEC4825B5D8C52
:10869000835BFCCB845BB3E5855BACD5865B5E8C92
:1086A000875BEED3885BD8CA895BB2B08A5B5F8C8C
:1086B0008B5BCECB8C5BEACD8D5B608C8E5B618CF3
:1086C0008F5BEABA905B628C915B638C925B648C8B
:1086D000935BB5E5945B658C955BB4E5965B668CC6
:1086E000975BDAD7985BD9B9995BE6D69A5BA8B65F
:1086F0009B5BF0CD9C5BCBD29D5BA6B19E5BB5CA6C
:108700009F5B678CA05BE8B3A15BF3C9A25BCDBFA5
:10871000A35BFBD0A45BD2CAA55BB6E5A65BC2BBDC
:10872000A75B688CA85B698CA95B6A8CAA5BDCCFB1
:10873000AB5BACB9AC5B6B8CAD5B6C8CAE5B6D8CCE
:10874000AF5B6E8CB05BD7D4B15B6F8CB25B708C5F
:10875000B35BA6BAB45BE7D1B55BFCCFB65BD2BC6A
:10876000B75B718CB85BB7E5B95BDDC8BA5B728C7F
:10877000BB5B738CBC5B748CBD5BEDBFBE5BF6B149
:10878000BF5BDECBC05B758CC15B768CC25BC5BC4E
:10879000C35B778CC45BC4BCC55BFAD2C65BDCC36D
:1087A000C75BDCBFC85B788CC95B798CCA5B7A8C91
:1087B000CB5B7B8CCC5BBBB8CD5B7C8CCE5B7D8C90
:1087C000CF5B7E8CD05BC2C3D15B808CD25BAEBAF8
:1087D000D35BA2D4D45B818CD55B828CD65B838C3B
:1087E000D75B848CD85B858CD95B868CDA5B878C75
:1087F000DB5B888CDC5B898CDD5BDEC7DE5BAFC45A
:10880000DF5BECB2E05B8A8CE15BD1B9E25B8B8C25
:10881000E35B8C8CE45BBBE5E55BC8C1E65B8D8C00
:10882000E75B8E8CE85BAFD5E95B8F8CEA5B908C65
:10883000EB5B918CEC5B928CED5B938CEE5BBCE51F
:10884000EF5B948CF05BBEE5F15B958CF25B968CF4
:10885000F35B978CF45B988CF55B998CF65B9A8C48
:10886000F75B9B8CF85BE7B4F95BD4B6FA5BC2CBE1
:10887000FB5BB0D1FC5BBCB5FD5B9C8CFE5B9D8C57
:10888000FF5BD9CA005C9E8C015CE2B7025C9F8CE6
:10889000035CA08C045CE4C9055CA18C065CABBDE8
:1088A000075CA28C085CA38C095CBECE0A5CF0D786
:1088B0000B5CA48C0C5CA58C0D5CA68C0E5CA78C50
:1088C0000F5CA1D0105CA88C115CD9C9125CA98C7A
:1088D000135CAA8C145CFBB6155CD8E6165CE2BC93
:1088E000175CAB8C185CBEB3195CAC8C1A5CD0C93D
:1088F0001B5CAD8C1C5CD9E61D5CA2B31E5CAE8C0F
:108900001F5CAF8C205CB08C215CB18C225CCCDE17
:10891000235CB28C245CC8D3255CCDDE265CB38C92
:10892000275CA2D2285CB48C295CB58C2A5CB68CFE
:108930002B5CB78C2C5CCEDE2D5CB88C2E5CB98C9D
:108940002F5CBA8C305CBB8C315CCDBE325CBC8C95
:10895000335CBD8C345CCFDE355CBE8C365CBF8C4A
:10896000375CC08C385CACCA395CFCD23A5CDFB393
:108970003B5CEAE53C5CE1C43D5CA1BE3E5CB2CE42
:108980003F5CF2C4405CD6BE415CA8C6425CE3B228
:10899000435CC18C445CC28C455CD3BE465CC38CDA
:1089A000475CC48C485CFCC7495CEBCC4A5CECBDC2
:1089B0004B5CDDCE4C5CC58C4D5CC68C4E5CBACA43
:1089C0004F5CC1C6505CECE5515CBCD0525CC78CBE
:1089D000535CC88C545CC98C555CB9D5565CCA8C48
:1089E000575CCB8C585CCC8C595CEDE55A5CCD8CDB
:1089F0005B5CCE8C5C5CCF8C5D5CD08C5E5CF4CAC6
:108A00005F5CD18C605CC0CD615CC5C2625CD28CA5
:108A1000635CEFE5645CD38C655CC4C2665CF0E5C6
:108A2000675CD48C685CD58C695CD68C6A5CD78CAE
:108A30006B5CD88C6C5CD98C6D5CDA8C6E5CF8E508
:108A40006F5CCDCD705CDB8C715CBDC9725CDC8C05
:108A5000735CDD8C745CDE8C755CDF8C765CE08C2A
:108A6000775CE18C785CE28C795CD9D27A5CA8E1A5
:108A70007B5CE38C7C5CE48C7D5CE58C7E5CE68CD2
:108A80007F5CECD3805CE78C815CEACB825CF1C6D6
:108A9000835CE88C845CE98C855CEA8C865CEB8C7E
:108AA000875CEC8C885CACE1895CED8C8A5CEE8C3C
:108AB0008B5CEF8C8C5CA7E18D5CA9E18E5CF08C0B
:108AC0008F5CF18C905CAAE1915CAFE1925CF28CDE
:108AD000935CF38C945CEDB2955CF48C965CABE1AA
:108AE000975CDAB8985CADE1995CAEE19A5CB0E174
:108AF0009B5CBAB59C5CB1E19D5CF58C9E5CF68C90
:108B00009F5CF78CA05CF88CA15CF98CA25CB3E153
:108B1000A35CB8E1A45CFA8CA55CFB8CA65CFC8C25
:108B2000A75CFD8CA85CFE8CA95CD2D1AA5C408DB0
:108B3000AB5CB6E1AC5CB5E1AD5CEBC1AE5C418D6C
:108B4000AF5C428DB05C438DB15CB7E1B25C448DEB
:108B5000B35CC0D4B45C458DB55CB2E1B65C468D07
:108B6000B75CBAE1B85CB6B0B95C478DBA5C488D09
:108B7000BB5C498DBC5C4A8DBD5CB4E1BE5C4B8D79
:108B8000BF5CF9BFC05C4C8DC15CB9E1C25C4D8D6E
:108B9000C35C4E8DC45CBBE1C55C4F8DC65C508D23
:108BA000C75C518DC85C528DC95C538DCA5C548DB5
:108BB000CB5CBEE1CC5C558DCD5C568DCE5C578DCB
:108BC000CF5C588DD05C598DD15C5A8DD25CBCE1A4
:108BD000D35C5B8DD45C5C8DD55C5D8DD65C5E8D2D
:108BE000D75C5F8DD85C608DD95CC5D6DA5C618D51
:108BF000DB5C628DDC5C638DDD5C648DDE5C658DD1
:108C0000DF5C668DE05C678DE15CBFCFE25C688D08
:108C1000E35C698DE45CBDE1E55CBFE1E65CCDC28F
:108C2000E75C6A8DE85CEBB6E95C6B8DEA5CF8D3D7
:108C3000EB5C6C8DEC5C6D8DED5CCDC7EE5C6E8D90
:108C4000EF5C6F8DF05CE5B7F15C708DF25C718D5F
:108C5000F35C728DF45C738DF55C748DF65C758DD0
:108C6000F75C768DF85C778DF95C788DFA5C798DA0
:108C7000FB5CFEBEFC5C7A8DFD5C7B8DFE5C7C8DBE
:108C8000FF5C7D8D005D7E8D015D808D025DC0E1AC
:108C9000035DC1E1045D818D055D828D065DC7E1E7
:108CA000075DE7B3085D838D095D848D0A5D858D61
:108CB0000B5D868D0C5D878D0D5D888D0E5DE9C623
:108CC0000F5D898D105D8A8D115D8B8D125D8C8D90
:108CD000135D8D8D145DDEB4155D8E8D165DC2D174
:108CE000175D8F8D185D908D195D918D1A5D928D38
:108CF0001B5DC8E11C5D938D1D5D948D1E5DC6E1FD
:108D00001F5D958D205D968D215D978D225D988DDF
:108D1000235D998D245DC5E1255D9A8D265DC3E1B6
:108D2000275DC2E1285D9B8D295DC0B12A5D9C8DC8
:108D30002B5D9D8D2C5D9E8D2D5DB8D52E5DC4E186
:108D40002F5D9F8D305DA08D315DA18D325DA28D37
:108D5000335DA38D345DCBE1355DA48D365DA58D8E
:108D6000375DA68D385DA78D395DA88D3A5DA98DDB
:108D70003B5DAA8D3C5DAB8D3D5DCCE13E5DCAE1C6
:108D80003F5DAC8D405DAD8D415DAE8D425DAF8D83
:108D9000435DB08D445DB18D455DB28D465DB38D53
:108DA000475DFAEF485DB48D495DB58D4A5DD3E10D
:108DB0004B5DD2E14C5DB6C74D5DB68D4E5DB78D56
:108DC0004F5DB88D505DB98D515DBA8D525DBB8DD3
:108DD000535DBC8D545DBD8D555DBE8D565DBF8DA3
:108DE000575DC08D585DC9E1595DC18D5A5DC28D19
:108DF0005B5DCEE15C5DC38D5D5DD0E15E5DC48D8C
:108E00005F5DC58D605DC68D615DC78D625DC88D1E
:108E1000635DC98D645DCA8D655DCB8D665DCC8DEE
:108E2000675DCD8D685DCE8D695DD4E16A5DCF8D66
:108E30006B5DD1E16C5DCDE16D5DD08D6E5DD18DF1
:108E40006F5DCFE1705DD28D715DD38D725DD48D1C
:108E5000735DD58D745DD5E1755DD68D765DD78DED
:108E6000775DD88D785DD98D795DDA8D7A5DDB8D12
:108E70007B5DDC8D7C5DDD8D7D5DDE8D7E5DDF8DE2
:108E80007F5DE08D805DE18D815DE28D825DD6E16B
:108E9000835DE38D845DE48D855DE58D865DE68D86
:108EA000875DE78D885DE88D895DE98D8A5DEA8D56
:108EB0008B5DEB8D8C5DEC8D8D5DED8D8E5DEE8D26
:108EC0008F5DEF8D905DF08D915DF18D925DF28DF6
:108ED000935DF38D945DF48D955DF58D965DF68DC6
:108EE000975DF78D985DF88D995DD7E19A5DF98D65
:108EF0009B5DFA8D9C5DFB8D9D5DD8E19E5DFC8D3B
:108F00009F5DFD8DA05DFE8DA15D408EA25D418EB9
:108F1000A35D428EA45D438EA55D448EA65D458E05
:108F2000A75D468EA85D478EA95D488EAA5D498ED5
:108F3000AB5D4A8EAC5D4B8EAD5D4C8EAE5D4D8EA5
:108F4000AF5D4E8EB05D4F8EB15D508EB25D518E75
:108F5000B35D528EB45D538EB55D548EB65D558E45
:108F6000B75DDAE1B85D568EB95D578EBA5D588E41
:108F7000BB5D598EBC5D5A8EBD5D5B8EBE5D5C8EE9
:108F8000BF5D5D8EC05D5E8EC15D5F8EC25D608EB9
:108F9000C35D618EC45D628EC55DDBE1C65D638EBF
:108FA000C75D648EC85D658EC95D668ECA5D678E5D
:108FB000CB5D688ECC5D698ECD5DA1CECE5D6A8EB7
:108FC000CF5D6B8ED05D6C8ED15D6D8ED25D6E8E01
:108FD000D35D6F8ED45D708ED55D718ED65D728ED1
:108FE000D75D738ED85D748ED95D758EDA5D768EA1
:108FF000DB5DDDE7DC5D778EDD5DA8B4DE5DDDD6B3
:10900000DF5D788EE05D798EE15DB2D1E25DB2B375
:10901000E35D7A8EE45D7B8EE55DA4B9E65DF3D712
:10902000E75DC9C7E85DDEBEE95DAEB9EA5D7C8E8D
:10903000EB5DD7CEEC5D7D8EED5D7E8EEE5DEEB2AE
:10904000EF5DCFDBF05D808EF15DBABCF25DD1D219
:10905000F35DC8CBF45DCDB0F55D818EF65D828E9B
:10906000F75DEFCFF85D838EF95D848EFA5D858EB6
:10907000FB5D868EFC5D878EFD5DE3D9FE5DEDBDFB
:10908000FF5D888E005E898E015ED2B1025ED0CA1D
:10909000035EBCB2045E8A8E055EA7CB065EABB7EC
:1090A000075E8B8E085EA6CA095E8C8E0A5E8D8E68
:1090B0000B5E8E8E0C5EA3CF0D5E8F8E0E5E908E3D
:1090C0000F5EF8E0105ECAD5115EFBE0125E918E75
:1090D000135E928E145EFAE0155EC1C5165EFBCC7F
:1090E000175E938E185EB1C1195EF9E01A5EE3D681
:1090F0001B5EAFB21C5EC4D61D5EDBB51E5E948ED9
:109100001F5E958E205E968E215E978E225E988ED3
:10911000235E998E245E9A8E255E9B8E265EF8B421
:10912000275EA1D6285E9C8E295E9D8E2A5E9E8E2D
:109130002B5E9F8E2C5EA08E2D5EAFCF2E5EEFB08D
:109140002F5EA18E305EA28E315EFCE0325EA38E79
:10915000335EA48E345EA58E355EA68E365EA78EF7
:10916000375EA1E1385EA3B3395EA88E3A5EA98E60
:109170003B5EFDE03C5EFEE03D5EB1C33E5EAA8E1E
:109180003F5EAB8E405EAC8E415EAD8E425EDDC317
:10919000435EAE8E445EA2E1455EF9B7465EAF8E99
:1091A000475EB08E485EB18E495EB28E4A5EB38E27
:1091B0004B5EB48E4C5ECFBB4D5EB58E4E5EB68EB2
:1091C0004F5EB78E505EB88E515EB98E525EBA8ECB
:1091D000535EBB8E545EA3E1555EBBC4565EBC8E2F
:1091E000575EBD8E585EBE8E595EBF8E5A5EC08E73
:1091F0005B5EA4E15C5EC18E5D5EC28E5E5EA5E1DB
:109200005F5EC38E605EC48E615EA6E1625EB1B4D5
:10921000635EC58E645EC68E655EC78E665EC88EF2
:10922000675EC98E685ECA8E695ECB8E6A5ECC8EC2
:109230006B5ECD8E6C5ECE8E6D5ECF8E6E5ED08E92
:109240006F5ED18E705ED28E715ED38E725EC9B843
:10925000735EBDC6745EEAC4755ED48E765EA2B2DD
:10926000775ED58E785ED2D0795ED68E7A5EDBE779
:109270007B5EC3BB7C5ED7D37D5EC4D37E5ED78E60
:109280007F5EE3B9805ECFE2815ED88E825ED98E4A
:10929000835EDA8E845EAFD7855EDB8E865EECC73A
:1092A000875ED3B1885EDC8E895EDD8E8A5EB2B465
:1092B0008B5ED1E28C5EDE8E8D5EDF8E8E5EE08E0A
:1092C0008F5EF2D0905EAEC2915ED0E2925EE18E91
:1092D000935EE2BF945EA6D3955ED7B5965ED2E26A
:1092E000975EEAB5985EE28E995EEDC39A5EFDB830
:1092F0009B5EE38E9C5EAEB89D5EE48E9E5ED3C5A3
:109300009F5ECFB7A05ED4E2A15EE58EA25EE68E40
:10931000A35EE78EA45EE88EA55ED3E2A65EC8B625
:10932000A75EF9D7A85EE98EA95EEA8EAA5EEB8EEB
:10933000AB5EEC8EAC5EED8EAD5EA5CDAE5EEE8E20
:10934000AF5EEF8EB05EF08EB15EF18EB25EF28EE9
:10935000B35ED8E2B45EF38EB55ED6E2B65EFCCA0A
:10936000B75EB5BFB85EB9D3B95ED5E2BA5EF48E6A
:10937000BB5EF58EBC5EF68EBD5EF78EBE5ED7E23E
:10938000BF5EF88EC05EF98EC15EFA8EC25EFB8E45
:10939000C35EFC8EC45EFD8EC55EFE8EC65E408FD3
:1093A000C75E418FC85E428FC95EAEC1CA5EC8C08B
:1093B000CB5E438FCC5E448FCD5E458FCE5E468FB5
:1093C000CF5E478FD05E488FD15EDBE2D25EDAE2BD
:1093D000D35EAAC0D45E498FD55E4A8FD65ECEC119
:1093E000D75E4B8FD85E4C8FD95E4D8FDA5E4E8F35
:1093F000DB5EDCE2DC5E4F8FDD5E508FDE5E518F28
:10940000DF5E528FE05E538FE15E548FE25E558FD8
:10941000E35E568FE45E578FE55E588FE65E598FA8
:10942000E75E5A8FE85EDDE2E95E5B8FEA5EDEE2D0
:10943000EB5E5C8FEC5E5D8FED5E5E8FEE5E5F8F50
:10944000EF5E608FF05E618FF15E628FF25E638F20
:10945000F35E648FF45EC8DBF55E658FF65ED3D194
:10946000F75EA2CDF85E668FF95E678FFA5EA8BDE3
:10947000FB5E688FFC5E698FFD5E6A8FFE5EC3DEF9
:10948000FF5EA5D8005FAABF015FCDDB025FECD213
:10949000035FFAC6045FAAC5055F6B8F065F6C8F1A
:1094A000075F6D8F085FC4DE095F6E8F0A5FD7B1FB
:1094B0000B5FAEDF0C5F6F8F0D5F708F0E5F718F74
:1094C0000F5FBDCA105F728F115FB1DF125F738FC4
:1094D000135FADB9145F748F155FFDD2165F758F82
:1094E000175FA5B8185FEBBA195F768F1A5F778F91
:1094F0001B5FDAB31C5F788F1D5F798F1E5F7A8FD9
:109500001F5FDCB5205FC5D5215F7B8F225F7C8F1D
:10951000235F7D8F245F7E8F255FD6C3265FD2CFEA
:10952000275FA1BB285F808F295FF3E52A5FF2E503
:109530002B5F818F2C5F828F2D5FF4E52E5F838FF1
:109540002F5FE4CD305F848F315FF5C8325F858F48
:10955000335F868F345F878F355F888F365F898F63
:10956000375F8A8F385F8B8F395FAFB53A5FBFC780
:109570003B5F8C8F3C5FF6E53D5F8D8F3E5F8E8F4E
:109580003F5F8F8F405FB0EC415F908F425F918F64
:10959000435F928F445F938F455F948F465F958FB3
:1095A000475F968F485F978F495F988F4A5F998F83
:1095B0004B5F9A8F4C5F9B8F4D5F9C8F4E5F9D8F53
:1095C0004F5F9E8F505FE6E5515F9F8F525FE9B915
:1095D000535FB1B5545FA08F555FBCC2565FE8E5DD
:1095E000575FE7E5585FE9E5595FA18F5A5FA28FA2
:1095F0005B5FA38F5C5FA48F5D5FCDD25E5FA58F45
:109600005F5FA68F605FA78F615FEAE1625FCED088
:10961000635FA88F645FAECD655FA98F665FE5D19C
:10962000675FAA8F685FAB8F695FCAB26A5FEBB191
:109630006B5FAC8F6C5FF2B16D5FEDC56E5FAD8F30
:109640006F5FAE8F705FC3D5715FB0D3725FAF8F46
:10965000735FDCE1745FB08F755FB18F765FB28F3F
:10966000775FDDE1785FB38F795FDBD27A5FB48FAC
:109670007B5FB9B37C5FCBB17D5FB58F7E5FB68F0B
:109680007F5FB78F805FF9CD815FF7D5825FDEE1C5
:10969000835FB88F845FB6BE855FFDB4865FB98F88
:1096A000875FDFE1885FDCBA895FE0E18A5FB2BB98
:1096B0008B5FC9C28C5FE1E18D5FBA8F8E5FBB8F1C
:1096C0008F5FBC8F905FECD0915FBD8F925FBDCDFF
:1096D000935FBE8F945FBF8F955FE2E1965FC08F0F
:1096E000975FC3B5985FC7C5995FE3E19A5FC18F84
:1096F0009B5FC28F9C5FE4E19D5FC38F9E5FC48FC1
:109700009F5FC58FA05FC68FA15FF9D3A25FC78F90
:10971000A35FC88FA45FC98FA55FCA8FA65FCB8FD9
:10972000A75FCC8FA85FE5E1A95FCD8FAA5FADD120
:10973000AB5FCE8FAC5FCF8FAD5FE6E1AE5FA2CE09
:10974000AF5FD08FB05FD18FB15FD28FB25FD38F59
:10975000B35FD48FB45FD58FB55FE7E1B65FD68FC7
:10976000B75FC2B5B85FD78FB95FD88FBA5FD98FEF
:10977000BB5FDA8FBC5FE8E1BD5FD5BBBE5FDB8F4F
:10978000BF5FDC8FC05FDD8FC15FDE8FC25FDF8FA9
:10979000C35FC4D0C45FE0E2C55FD8B1C65FE4D2A6
:1097A000C75FE08FC85FE18FC95FE1E2CA5FE28F08
:1097B000CB5FE38FCC5FC9BCCD5FCCC8CE5FE48FFD
:1097C000CF5FE3E2D05FFEECD15FFDECD25FAFDFB5
:1097D000D35FE58FD45FE68FD55FE78FD65FE2E298
:1097E000D75FBED6D85FFCCDD95FA6C3DA5FE88F5E
:1097F000DB5FE98FDC5FEA8FDD5FC3E3DE5FEB8F6A
:10980000DF5FEC8FE05FD2D6E15FE7E2E25FED8FF2
:10981000E35FEE8FE45FE8E2E55FEF8FE65FF08FF6
:10982000E75FC7D3E85FF18FE95FF28FEA5FECE2B1
:10983000EB5FECBFEC5FF38FED5FEDE2EE5FE5E237
:10984000EF5FF48FF05FF58FF15FC0B3F25FF68FDB
:10985000F35FF78FF45FF88FF55FEEC4F65FF98F73
:10986000F75FFA8FF85FEEE2F95FFB8FFA5FFC8F2C
:10987000FB5FC3D0FC5FFD8FFD5FF6BAFE5FE9E2E0
:10988000FF5FDEB70060B3BB0160ACCC0260CBCB46
:109890000360E4E20460E6E20560EAE20660EBE20F
:1098A0000760FE8F08604090096041900A60F7E20F
:1098B0000B6042900C6043900D60F4E20E60F5D4B2
:1098C0000F60F3E210604490116045901260ADC5E6
:1098D000136046901460FAD51560C2C51660C0B218
:1098E00017604790186048901960EFE21A6049903D
:1098F0001B60F2E21C60AFC11D60BCCB1E604A90D1
:109900001F604B902060A1B52160F9E222604C906D
:1099100023604D9024604E902560B1BC2660F1E23A
:109920002760D4D02860B9D42960F5E22A60D6B97E
:109930002B60F6E22C604F902D6050902E6051907D
:109940002F60D3C730605290316053903260549092
:1099500033605590346056903560F0E23660579031
:10996000376058903860599039605A903A605B90EF
:109970003B60DCD73C60A1ED3D605C903E605D905B
:109980003F60F8E240605E904160A5ED4260FEE21B
:109990004360D1CA44605F904560609046606190CA
:1099A0004760629048606390496064904A60659047
:1099B0004B60B5C14C6066904D60D0BB4E60679007
:1099C0004F6068905060D6BF516069905260E3BAB2
:1099D00053606A9054606B905560A1CB56606C9058
:1099E00057606D9058606E905960A6ED5A60A3ED77
:1099F0005B606F905C6070905D60A2ED5E607190E6
:109A00005F60729060607390616074906260D6BBBA
:109A10006360A7ED6460F4D06560759066607690D1
:109A20006760A4ED6860DEBA6960F7B66A60A1E3BA
:109A30006B60B2B66C60F1CC6D60A7B96E60779068
:109A40006F60A2CF7060A1C77160789072607990EA
:109A50007360D2BF74607A9075607B907660F1B667
:109A600077607C907860FAE27960FBE27A60FDE2F0
:109A70007B60FCE27C60D5C47D60A2E37E607D906B
:109A80007F60C1D380607E90816080908260819091
:109A90008360A7E38460C4C78560829086608390FA
:109AA00087608490886085908960A4CF8A60869062
:109AB0008B6087908C60A9E38D60B7BA8E608890C8
:109AC0008F60899090608A9091608B909260A8E3FB
:109AD00093608C909460DABB95608D909660A3E360
:109AE00097608E9098608F90996090909A60A4E3B0
:109AF0009B60AAE39C6091909D60A6E39E6092901B
:109B00009F60F2CEA060C6D3A1609390A2609490B3
:109B1000A360BCBBA4609590A5609690A660C3D4DA
:109B2000A7609790A860FAC4A9609890AA609990DD
:109B3000AB60A8EDAC60FCD0AD60A5E3AE609A90E0
:109B4000AF60F5C3B0609B90B160ADE3B260AFB100
:109B5000B3609C90B460B2E3B5609D90B6609E9097
:109B6000B7609F90B860C2BCB960A090BA60A19085
:109B7000BB60ACE3BC60BFB5BD60A290BE60A3900B
:109B8000BF60A490C060A590C160A690C260A7907D
:109B9000C360A890C460A990C560E9C7C660B0E37F
:109BA000C760AA90C860AB90C960AC90CA60AABEFA
:109BB000CB60EFCDCC60AD90CD60AE90CE60AF907D
:109BC000CF60B090D060B190D160F3BBD260B29062
:109BD000D360B390D460B490D560E8CCD660B59033
:109BE000D760B690D860AFE3D960B790DA60B1E3E0
:109BF000DB60B890DC60A7CFDD60AEE3DE60B990DB
:109C0000DF60A9CEE060DDBBE160BA90E260BB90AE
:109C1000E360BC90E460BD90E560BE90E660EBB5AB
:109C2000E760E5BEE860D2B2E960CDB3EA60BF901C
:109C3000EB60B9B1EC60ABE3ED60D1B2EE60ACB516
:109C4000EF60DFB9F060E8B6F160C090F260C190FB
:109C5000F360EBCFF460B7E3F560C290F660CCBB85
:109C6000F760C390F860C490F960C7C8FA60CAD0C2
:109C7000FB60C590FC60C690FD60C790FE60C89018
:109C8000FF60C9900061B8E30161EEB30261CA9060
:109C90000361CB900461CC900561CD900661A9ED84
:109CA0000761CE900861FAD30961E4D30A61CF90CD
:109CB0000B61D0900C61D1900D61AAED0E61B9E3FA
:109CC0000F61E2D21061D2901161D3901261D490F1
:109CD0001361D5901461D6901561B5E31661D790E4
:109CE0001761D8901861D9901961DA901A61DED3A2
:109CF0001B61DB901C61DC901D61DD901E61DE90BC
:109D00001F61D0B82061B3E32161DF902261E09050
:109D10002361B6E32461DFB72561E1902661B4E3F6
:109D20002761A2C02861E2902961E3902A61E49052
:109D30002B61BAE32C61E5902D61E6902E61E790EE
:109D40002F61E8903061E9903161EA903261EB90E7
:109D50003361EC903461ED903561EE903661EF90B7
:109D60003761F0903861F1903961F2903A61F39087
:109D70003B61F4903C61F5903D61F6903E61F79057
:109D80003F61B8D44061F8904161F9904261FA9026
:109D90004361FB904461FC904561FD904661FE90FB
:109DA000476140914861C8B4496141914A61BBE350
:109DB0004B6142914C61C5BB4D6143914E61F7C906
:109DC0004F614491506145915161E5C9526146919D
:109DD00053614791546148915561BDC456614991A1
:109DE00057614A9158614B9159614C915A614D911B
:109DF0005B614E915C614F915D61ABED5E61509135
:109E00005F61519160615291616153916261FDC2E4
:109E10006361549164615591656156916661579192
:109E20006761DBBB6861AEBF696158916A61599136
:109E30006B615A916C615B916D615C916E615D913A
:109E40006F615E917061BFCE71615F91726160916F
:109E500073616191746162917561BCE37661639134
:109E60007761B6BF78616491796165917A61669135
:109E70007B6167917C6168917D6169917E616A9186
:109E80007F616B9180616C9181616D9182616E9156
:109E900083616F9184617091856171918661729126
:109EA0008761739188617491896175918A617691F6
:109EB0008B61EFB18C6177918D6178918E61F7D470
:109EC0008F61799190617A9191617B9192617C919E
:109ED00093617D919461BEE395617E9196618091DD
:109EE0009761819198618291996183919A6184913E
:109EF0009B6185919C6186919D61ADED9E6187918D
:109F00009F618891A0618991A1618A91A2618B91E1
:109F1000A3618C91A4618D91A5618E91A6618F91B1
:109F2000A761BFE3A861A9BAA961ACEDAA6190914C
:109F3000AB619191AC61BDE3AD619291AE619391E2
:109F4000AF619491B0619591B1619691B261979131
:109F5000B3619891B4619991B5619A91B6619B9101
:109F6000B761C0E3B8619C91B9619D91BA619E915E
:109F7000BB619F91BC61A091BD61A191BE61B6BA68
:109F8000BF61A291C061A391C161A491C261AEB64B
:109F9000C361A591C461A691C561A791C661A8914D
:109FA000C761A991C861B8D0C961AA91CA61C3B09B
:109FB000CB61AEEDCC61AB91CD61AC91CE61AD9199
:109FC000CF61AE91D061AF91D161AFEDD261C1C02F
:109FD000D361B091D461C1E3D561B191D661B29141
:109FE000D761B391D861B491D961B591DA61B69175
:109FF000DB61B791DC61B891DD61B991DE61BA9145
:10A00000DF61BB91E061BC91E161BD91E261BE9114
:10A01000E361BF91E461C091E561C191E661B3C5BF
:10A02000E761C291E861C391E961C491EA61C591B8
:10A03000EB61C691EC61C791ED61C891EE61C99188
:10A04000EF61CA91F061CB91F161CC91F261CD9158
:10A05000F361CE91F461CF91F561C2E3F661D091E5
:10A06000F761D191F861D291F961D391FA61D491FC
:10A07000FB61D591FC61D691FD61D791FE61D891CC
:10A08000FF61B2DC0062D9910162DA910262DB9178
:10A090000362DC910462DD910562DE910662B0ED3F
:10A0A0000762DF910862EAB80962E0910A62ECCEC9
:10A0B0000B62A7EA0C62E7D00D62F9CA0E62D6C83D
:10A0C0000F62B7CF1062C9B31162D2CE1262E4BD83
:10A0D0001362E1911462E2911562DEE31662F2BB53
:10A0E0001762A8EA1862BDD51962E3911A62DDC64B
:10A0F0001B62A9EA1C62E4911D62E5911E62E69171
:10A100001F62AAEA2062E7912162ACEA2262ABEA0E
:10A110002362E8912462AEEA2562ADEA2662E99103
:10A120002762EA912862EB912962EC912A62D8BDFC
:10A130002B62ED912C62AFEA2D62EE912E62BEC2CF
:10A140002F62EF913062F0913162F1913262F291BF
:10A150003362C1B43462F7B43562F3913662F4917C
:10A160003762A7BB3862F5913962F6913A62F7918E
:10A170003B62F8913C62F9913D62E6EC3E62E5ECAF
:10A180003F62BFB74062F9CB4162E2B14262FA91ED
:10A190004362E7EC4462FB914562FC914662FD91AB
:10A1A0004762C8C94862E8EC4962E9EC4A62FE913C
:10A1B0004B62D6CA4C62D0DE4D62C5B24E62FAD452
:10A1C0004F624092506241925162CBC65262C7B018
:10A1D0005362F2B45462D3C85562429256624392BB
:10A1E000576244925862D0CD596245925A62469263
:10A1F0005B62B8BF5C6247925D6248925E62499260
:10A200005F624A9260624B9261624C9262624D92CE
:10A210006362DBBF64624E9265624F926662A4C75E
:10A220006762B4D6686250926962A9C06A62D1DE80
:10A230006B62A8C96C62EFD16D62A4C56E62E7B0B3
:10A240006F62B6B37062C5C8716251927262529207
:10A250007362E2B074625392756254927662F6B79A
:10A2600077625592786256927962FAC57A6257920D
:10A270007B6258927C62F3B67D6259927E62D2D53F
:10A280007F62D0B38062BCBC81625A9282625B9270
:10A2900083625C928462ADB385625D9286625E92F7
:10A2A00087625F92886260928962F1BE8A62D1B0F1
:10A2B0008B6261928C6262928D6263928E62649212
:10A2C0008F626592906266929162D6D29262E3CA80
:10A2D0009362A5D7946267929562B6CD9662B6B640
:10A2E0009762B9BF9862DBD5996268929A62A7B803
:10A2F0009B62D7C59C6269929D626A929E626B92D4
:10A300009F62D2DEA062D9BFA162D5C2A262C0C7DD
:10A31000A3626C92A462A4BBA562A8B1A6626D926E
:10A32000A7626E92A862EAC5A9626F92AA62709251
:10A33000AB62FBC5AC62A7CCAD627192AE627292A9
:10A34000AF627392B0627492B162A7B1B262759259
:10A35000B3627692B4627792B562D6B5B6627892FD
:10A36000B7627992B8627A92B962A8C4BA627B92F3
:10A37000BB62D3DEBC62BAD1BD62E9B3BE627C927D
:10A38000BF62F2C3C0627D92C1627E92C262F7B7C1
:10A39000C3628092C462F4D6C562A3B5C662F0B24D
:10A3A000C762B4C4C862E9C4C962ADC0CA62D4DEBF
:10A3B000CB628192CC62E8B0CD62C4C5CE62E0C10E
:10A3C000CF628292D062D5B9D1628392D262DCBE72
:10A3D000D362D8CDD462CEB0D5628492D662CFCDCE
:10A3E000D762D6DED862D0BED962BED7DA62D5DEF9
:10A3F000DB62D0D5DC62DDB0DD628592DE62869202
:10A40000DF62E2C4E0628792E1628892E262A3C204
:10A41000E362F0BCE4628992E562B5D3E662B9C05A
:10A42000E762A1C5E862A6B2E962F1D4EA628A9263
:10A43000EB628B92EC62A8C0ED62C3CAEE62D7DE1B
:10A44000EF62FCD5F0628C92F162B0B9F2628D924B
:10A45000F362ADC8F462A9CBF5628E92F662D9DEE2
:10A46000F762BDBFF8628F92F9629092FA629192A0
:10A47000FB629292FC62B4C6FD62A7D7FE62B0CACC
:10A48000FF62C3C4006393920163D6B30263D2B97F
:10A490000363949204639592056396920663979280
:10A4A0000763B8D60863FCEA0963B4B00A639892FC
:10A4B0000B6399920C639A920D639B920E63E6BFB5
:10A4C0000F639C9210639D921163F4CC12639E9271
:10A4D00013639F921463A0921563A1921663DACD61
:10A4E0001763A2921863A3921963A4921A63BFD64A
:10A4F0001B63CEC21C63A5921D63CECE1E63A2CC8D
:10A500001F63AED02063D3C42163B2B52263D8DE0B
:10A510002363F5D52463B7BC2563D3BB2663A6921A
:10A520002763A7922863A4B02963A8922A63B2C5BF
:10A530002B63ECB42C63A9922D63AA922E63AB9289
:10A540002F63F1D53063AC923163AD923263FDEA93
:10A550003363AE923463AF923563B0923663B19297
:10A560003763B2923863B3923963DADE3A63A6CDC9
:10A570003B63B4923C63B5923D63ECCD3E63B692CF
:10A580003F63B7924063B8924163B9924263E6CEAB
:10A590004363DCDE4463BA924563B1CD4663A6C033
:10A5A0004763BB924863BC924963BDD74A63BD927F
:10A5B0004B63DBDE4C63C6B04D63B4BA4E63D3C9A4
:10A5C0004F63F3C45063E8BE5163BE925263BF92BF
:10A5D0005363C0925463C1925563B6B25663C2923C
:10A5E0005763C3925863C4925963C5925A63C69223
:10A5F0005B63C7925C63C8925D63C9925E63CCC0C3
:10A600005F63F0CB6063CA926163F1BC6263BBBB02
:10A610006363B7B56463CB926563CC926663CD9296
:10A620006763F5C56863CE926963E6DE6A63CF92BD
:10A630006B63D0926C63D1926D63E3DE6E63DDBEBB
:10A640006F63D2927063D3927163DFDE7263D492D0
:10A650007363D5927463D6927563D7927663B7B4F9
:10A660007763DDBD7863D8927963D9927A63E0DE4F
:10A670007B63EDC47C63DA927D63DB927E63DC9264
:10A680007F63DD928063C6CF8163DE928263E0B533
:10A690008363DF928463E0928563E1928663E29252
:10A6A0008763DEB68863DACA8963F4B58A63E5DE58
:10A6B0008B63E3928C63C6D58D63E4928E63E1DE97
:10A6C0008F63CDCC9063FEC69163E5929263C5C55E
:10A6D0009363E6929463E7929563E8929663B4D2AB
:10A6E0009763E9929863F2BE9963EA929A63EB9258
:10A6F0009B63EC929C63ED929D63EE929E63EF925E
:10A700009F63F092A063D3C2A163F192A263BDCC18
:10A71000A363B8B3A463F292A563D3BDA663F39217
:10A72000A763D8BFA863C6CDA963DAD1AA63EBB487
:10A73000AB63F492AC63E4DEAD63DDDEAE63E7DE13
:10A74000AF63F592B063FEEAB163F692B263F7923B
:10A75000B363B0C2B463E2DEB563F892B663F99254
:10A76000B763C0D6B863A7B5B963FA92BA63F4B257
:10A77000BB63FB92BC63E8DEBD63FC92BE63F2DEAA
:10A78000BF63FD92C063FE92C1634093C263419375
:10A79000C3634293C463EDDEC5634393C663F1DED6
:10A7A000C7634493C8634593C963E0C8CA634693CB
:10A7B000CB634793CC634893CD63E1D7CE63EFDEA1
:10A7C000CF63E8C3D063E1CCD1634993D263E5B2F0
:10A7D000D3634A93D4634B93D5634C93D663BED271
:10A7E000D7634D93D8634E93D9634F93DA635093F5
:10A7F000DB635193DC635293DD635393DE63EEDEE0
:10A80000DF635493E063EBDEE163D5CEE2635593FF
:10A81000E363A7B4E4635693E5635793E663589301
:10A82000E7635993E8635A93E963ABBFEA63BEBE3B
:10A83000EB635B93EC635C93ED63D2BDEE635D937E
:10A84000EF635E93F0635F93F1636093F263E9DE1D
:10A85000F3636193F463AED4F5636293F663DEDE73
:10A86000F7636393F863EADEF9636493FA636593CD
:10A87000FB636693FC636793FD63BFC0FE636893ED
:10A88000FF63ECDE0064F3B20164E9B80264A7C2BE
:10A890000364699304646A930564C1BD06646B93A1
:10A8A00007646C9308646D9309646E930A646F93F4
:10A8B0000B64F5DE0C64F8DE0D6470930E64719326
:10A8C0000F64ABB21064A4B41164729312647393F6
:10A8D0001364EAB41464A6C915647493166475937A
:10A8E0001764769318647793196478931A6479934C
:10A8F0001B64F6DE1C64D1CB1D647A931E64E3B83E
:10A900001F647B932064F7DE2164FADE22647C936B
:10A9100023647D9324647E93256480932664F9DE0A
:10A920002764819328648293296483932A64C2CC28
:10A930002B6484932C64E1B02D64EEB42E64859373
:10A940002F6486933064879331648893326489934B
:10A9500033648A933464BAE535648B9336648C939C
:10A9600037648D9338648E9339648F933A64AFD093
:10A970003B6490933C6491933D64EBB23E6492934C
:10A980003F64A1EB406493934164F4DE426494938A
:10A99000436495934464E3C94564F3DE4664DAB0E6
:10A9A0004764A1D24864F7B1496496934A64AFCC36
:10A9B0004B6497934C6498934D6499934E649A9327
:10A9C0004F649B9350649C9351649D935264F0DE5A
:10A9D00053649E935464A4CB55649F935664A09390
:10A9E0005764A1935864AAD55964A2935A64A39357
:10A9F0005B64A4935C64A5935D64A6935E64FBDED4
:10AA00005F64A7936064A8936164A9936264AA9346
:10AA10006364AB936464AC936564AD936664AE9316
:10AA20006764DDB46864AF936964A6C46A64B09374
:10AA30006B64B1936C64B2936D64FDDE6E64B3932A
:10AA40006F64B4937064B5937164B6937264B79392
:10AA50007364B8937464B9937564BA937664BB9362
:10AA60007764BC937864FEC37964A1C47A64A1DF7F
:10AA70007B64BD937C64BE937D64BF937E64C0930E
:10AA80007F64C1938064C2938164C3938264CCC1A8
:10AA90008364C4938464FCDE8564EFBE8664C593DE
:10AAA0008764B2C68864C6938964C7938A64C8936E
:10AAB0008B64C9938C64CA938D64CB938E64CC935E
:10AAC0008F64CD939064CE939164C5B39264F6C8BD
:10AAD0009364CF939464D0939564BACB9664FEDE6E
:10AAE0009764D1939864D2939964A4DF9A64D393C2
:10AAF0009B64D4939C64D5939D64D6939E64B2D793
:10AB00009F64D793A064D893A164D993A264DA9385
:10AB1000A364DB93A464B7B3A564DC93A664DD935C
:10AB2000A764DE93A864DF93A964C3C1AA64E09319
:10AB3000AB64E193AC64CBC7AD64A5B2AE64E9B4D9
:10AB4000AF64E293B064ABD7B164E393B264E493CF
:10AB5000B364E593B464E693B564ECC4B664E79378
:10AB6000B764A2DFB864A3DFB964E893BA64A5DF71
:10AB7000BB64E993BC64B3BABD64EA93BE64EB936F
:10AB8000BF64EC93C064A6DFC164ED93C264DEC011
:10AB9000C364EE93C464EF93C564C3C9C664F09301
:10ABA000C764F193C864F293C964F393CA64F493DD
:10ABB000CB64F593CC64F693CD64D9B2CE64E6C78A
:10ABC000CF64F793D064A7DFD164F893D264DCC775
:10ABD000D364F993D464FA93D564FB93D664FC935D
:10ABE000D764A8DFD864A2EBD964FD93DA64FE933E
:10ABF000DB644094DC644194DD644294DE64D3CB36
:10AC0000DF644394E0644494E1644594E264AADF21
:10AC1000E3644694E464A9DFE5644794E664C1B262
:10AC2000E7644894E8644994E9644A94EA644B947C
:10AC3000EB644C94EC644D94ED644E94EE644F944C
:10AC4000EF645094F0645194F1645294F26453941C
:10AC5000F3645494F4645594F5645694F6645794EC
:10AC6000F7645894F8645994F9645A94FA645B94BC
:10AC7000FB645C94FC645D94FD645E94FE645F948C
:10AC8000FF6460940065CAC50165619402656294C1
:10AC9000036563940465649405656594066566942C
:10ACA00007656794086568940965ABDF0A65699470
:10ACB0000B656A940C656B940D656C940E656D94D0
:10ACC0000F656E9410656F94116570941265DCD4F5
:10ACD0001365719414657294156573941665749474
:10ACE000176575941865C1C8196576941A657794C7
:10ACF0001B6578941C6579941D657A941E657B9418
:10AD00001F657C9420657D9421657E9422658094E6
:10AD100023658194246582942565ACDF2665839440
:10AD20002765849428658594296586942A65879487
:10AD30002B65F0BE2C6588942D6589942E65ADDF5A
:10AD40002F65A7D630658A9431658B9432658C94D3
:10AD500033658D943465B7EA3565B6EB3665D5CA8B
:10AD600037658E943865FCD83965C4B83A658F94D8
:10AD70003B65A5B93C6590943D6591943E65C5B72A
:10AD80003F65FED5406592944165939442659494E5
:10AD900043659594446596944565CAB9466597940C
:10ADA000476598944865A7D04965CDF44A6599945C
:10ADB0004B659A944C65D0B54D659B944E659C94BB
:10ADC0004F65F4C350659D945165C8BE52659E940D
:10ADD00053659F945465A0945565B7EB5665BDB017
:10ADE0005765A1945865A2945965CCBD5A65A39442
:10ADF0005B65B2C15C65A4945D65D6B15E65A8B3C0
:10AE00005F65A5946065A6946165A7946265D2B8F4
:10AE10006365A2C96465A8946565A9946665D8B69A
:10AE20006765AA946865AB946965AC946A65AD94EE
:10AE30006B65B8EB6C65B4BE6D65AE946E65AF9432
:10AE40006F65B0947065FDCA7165B1947265C3C7D2
:10AE50007365B2947465FBD57565B3947665B494E7
:10AE60007765F3B77865B5947965B6947A65B794E4
:10AE70007B65B8947C65B9947D65BA947E65BB9416
:10AE80007F65BC948065BD948165BE948265BF94E6
:10AE90008365C0948465C1948565C2948665C394B6
:10AEA0008765C4CE8865C4948965C5948A65C6944F
:10AEB0008B65ABD58C65F3B18D65C7948E65C894F1
:10AEC0008F65C9949065B3EC9165DFB09265CA94C3
:10AED0009365B5EC9465CB949565CC949665CD94CB
:10AEE0009765B7B69865CE949965CFC19A65CF94AA
:10AEF0009B65FAF59C65B1D09D65D0949E65D19413
:10AF00009F65E5D5A065D294A165D3CEA265D39403
:10AF1000A365D494A465EFBDA565E2B3A665D594F9
:10AF2000A765ABB8A865D694A965B6D5AA65D79428
:10AF3000AB65BDEDAC65D894AD65CFB6AE65D994C3
:10AF4000AF65B9CBB065C2D0B165DA94B265DB94B8
:10AF5000B365DC94B465DD94B565DE94B665DF94C5
:10AF6000B765E094B865E194B965BDB7BA65E29498
:10AF7000BB65E394BC65B6ECBD65A9CABE65E49447
:10AF8000BF65E594C065E694C165D4C5C265E79424
:10AF9000C365B9ECC465B8ECC565C3C2C665B7EC9A
:10AFA000C765E894C865E994C965EA94CA65EB94F5
:10AFB000CB65FDD0CC65BAECCD65EC94CE65BBEC31
:10AFC000CF65E5D7D065ED94D165EE94D265BCEC44
:10AFD000D365EF94D465F094D565F194D665BDEC56
:10AFE000D765ECC6D865F294D965F394DA65F49424
:10AFF000DB65F594DC65F694DD65F794DE65F89421
:10B00000DF65F994E065DECEE165FA94E265C8BCDF
:10B01000E365FB94E465FC94E565D5C8E665A9B5F0
:10B02000E765C9BEE865BCD6E965E7D4EA65FD9485
:10B03000EB65FE94EC65AED1ED65F1D0EE65B8EA56
:10B04000EF65B9EAF065BAEAF165B5BAF26540951F
:10B05000F3654195F4654295F5654395F665B1CA8A
:10B06000F765F5BFF8654495F9654595FA65FACD3C
:10B07000FB654695FC654795FD654895FE654995D8
:10B08000FF654A950066C0EA01664B950266BAB054
:10B090000366BEEA04664C9505664D950666A5C036
:10B0A00007664E9508664F95096650950A66BBEA95
:10B0B0000B6651950C66FDB20D6652950E66F7C390
:10B0C0000F66E8BB10665395116654951266559548
:10B0D0001366D7D21466F4CE1566BFEA1666569587
:10B0E00017665795186658951966BCEA1A665995F9
:10B0F0001B665A951C665B951D66C3EA1E665C95C9
:10B100001F66C7D02066B3D321665D9522665E9523
:10B1100023665F95246660952566BAB426666195B8
:10B120002766C1C32866F2D7296662952A666395A9
:10B130002B6664952C6665952D66D1D52E66669531
:10B140002F66C7CA306667953166C5EA326668956C
:10B15000336669953466C4EA3566C7EA3666C6EA78
:10B1600037666A9538666B9539666C953A666D9563
:10B170003B666E953C66E7D63D666F953E66D4CFDE
:10B180003F667095406671954166CBEA426672955E
:10B190004366CEBB44667395456674954666759561
:10B1A0004766769548667795496678954A667995B3
:10B1B0004B66FABD4C66CEC94D667A954E667B9558
:10B1C0004F66CCEA50667C9551667D955266B9C94A
:10B1D0005366FECF5466CAEA5566CED45666CDEAAB
:10B1E0005766CFEA58667E95596680955A66EDCDCA
:10B1F0005B6681955C6682955D6683955E668495E7
:10B200005F66C9EA606685956166CEEA6266869584
:10B21000636687956466EECE656688956666DEBB76
:10B22000676689956866BFB369668A956A668B9515
:10B230006B668C956C668D956D668E956E66D5C6C3
:10B240006F66B0BE7066FACE71668F957266909525
:10B25000736691957466E7C7756692957666A7BE24
:10B260007766D0EA78669395796694957A66C7D6BC
:10B270007B6695957C6696957D6697957E66C0C142
:10B280007F6698958066999581669A958266DDD4E9
:10B2900083669B958466D1EA85669C9586669D95B6
:10B2A0008766BECF88669E9589669F958A66A095BB
:10B2B0008B66A1958C66D2EA8D66A2958E66A39563
:10B2C0008F66A4959066A5959166EECA9266A6953E
:10B2D0009366A7959466A8959566A9959666AFC559
:10B2E0009766B5B09866AA959966AB959A66AC953F
:10B2F0009B66AD959C66AE959D66D4EA9E66AF95BD
:10B300009F66B095A066B195A166B295A266B39509
:10B31000A366B495A466B595A566B695A666B795D9
:10B32000A766D3EAA866DFF4A966B895AA66B995B8
:10B33000AB66BA95AC66BB95AD66BC95AE66BAC455
:10B34000AF66BD95B066BE95B166BF95B266C09555
:10B35000B366C195B466A9B1B566C295B666C39524
:10B36000B766C495B866C595B966DFE5BA66C69591
:10B37000BB66C795BC66C895BD66C995BE66D5EA6D
:10B38000BF66CA95C066CB95C166CC95C266CD95A1
:10B39000C366CE95C466CF95C566D095C666D19571
:10B3A000C766D295C866D395C966D495CA66D59541
:10B3B000CB66D695CC66D795CD66D895CE66D99511
:10B3C000CF66DA95D066DB95D166DC95D266DD95E1
:10B3D000D366DE95D466DF95D566E095D666E195B1
:10B3E000D766E295D866E395D966EFCADA66E49542
:10B3F000DB66D6EADC66D7EADD66D8C6DE66E595AA
:10B40000DF66E695E066E795E166E895E266E99530
:10B41000E366EA95E466EB95E566EC95E666D8EAC0
:10B42000E766ED95E866EE95E966D9EAEA66EF9596
:10B43000EB66F095EC66F195ED66F295EE66F395A8
:10B44000EF66F495F066BBD4F166F595F266FAC73F
:10B45000F366B7D2F466FCB8F566F695F666F7952E
:10B46000F766C2EAF866F895F966DCB2FA66F9950D
:10B47000FB66FA95FC66FCC2FD66FB95FE66F8D499
:10B48000FF66E6CC0067EED70167FC950267FD9585
:10B490000367FE95046740960567419606674296E6
:10B4A000076743960867C2D40967D0D30A67C3EB1E
:10B4B0000B67F3C50C6744960D67FEB70E6745969C
:10B4C0000F6746961067D4EB116747961267489648
:10B4D000136749961467B7CB1567DEEB16674A9674
:10B4E0001767CAC018674B9619674C961A674D962E
:10B4F0001B67FBCD1C674E961D67AFB31E674F964B
:10B500001F67DAC6206750962167519622675296C8
:10B510002367539624675496256755962667FCEB58
:10B52000276756962867BEC4296757962A67B4CE00
:10B530002B67A9C42C67BEB12D67FDD42E67589622
:10B540002F67F5CA306759963167ECD632675A963D
:10B5500033675B963467D3C63567E4B636675C9667
:10B5600037675D9638675E9639675F963A67FABBCC
:10B570003B6760963C6761963D67E0D03E676296A8
:10B580003F6763964067B1C9416764964267D3D409
:10B590004367A8C844676596456766964667CBB813
:10B5A000476767964867BEE84967BCC94A676896B7
:10B5B0004B6769964C67BBE84D676A964E67EEC06D
:10B5C0004F67D3D05067C4B25167E5B452676B96EA
:10B5D0005367BCE854676C9655676D965667C8D537
:10B5E00057676E9658676F96596770965A67719647
:10B5F0005B6772965C67C5B65D6773965E67BDE80C
:10B600005F67F8CA6067DCB86167F5CC62677496FB
:10B6100063677596646776966567B4C06667779664
:10B62000676778966867EED16967BFE86A67C2E8BE
:10B630006B6779966C677A966D67BCBA6E677B9616
:10B640006F67ADB17067DCBD71677C967267BDEAEC
:10B650007367C3E874677D967567C6E876677E96FC
:10B660007767CBE878678096796781967A67829664
:10B670007B6783967C67CCE87D6784967E67C9CBC1
:10B680007F67E5B0806785968167ABBC82678696E9
:10B69000836787968467B9B9856788968667899630
:10B6A0008767C1E888678A968967F7CD8A678B962E
:10B6B0008B67CAE88C678C968D678D968E678E96A1
:10B6C0008F678F969067F6CE916790969267919666
:10B6D00093679296946793969567EDD5966794963F
:10B6E0009767D6C19867C4E8996795969A67B6C375
:10B6F0009B6796969C67FBB99D67A6D69E67C8E830
:10B700009F679796A0679896A1679996A267E0CAE7
:10B71000A367E6D4A4679A96A567C0E8A6679B9638
:10B72000A767C5E8A867C7E8A9679C96AA67B9C7CD
:10B73000AB67E3B7AC679D96AD67C9E8AE679E9609
:10B74000AF67DDBFB067D2E8B1679F96B267A096DA
:10B75000B367D7E8B467A196B567D5E8B667DCBC30
:10B76000B767CFBCB867DBE8B967A296BA67A3969C
:10B77000BB67A496BC67A596BD67A696BE67A7964D
:10B78000BF67A896C067A996C167DEE8C267AA9698
:10B79000C367DAE8C467FAB1C567AB96C667AC960B
:10B7A000C767AD96C867AE96C967AF96CA67B096C9
:10B7B000CB67B196CC67B296CD67B396CE67B49699
:10B7C000CF67D8B0D067B3C4D167CCB8D267E2C670
:10B7D000D367BEC8D467E1C8D567B596D667B696B5
:10B7E000D767B796D867CFE8D967D4E8DA67D6E8DD
:10B7F000DB67B896DC67F1B9DD67D8E8DE67F5D7B7
:10B80000DF67B996E067FBC4E167BA96E267DCE8F8
:10B81000E367BB96E467BC96E567E9B2E667BD9669
:10B82000E767BE96E867BF96E967D1E8EA67C09622
:10B83000EB67C196EC67EDBCED67C296EE67C39609
:10B84000EF67C2BFF067CDE8F167F9D6F267C4963B
:10B85000F367F8C1F467F1B2F567C596F667C69667
:10B86000F767C796F867C896F967C996FA67CA96E0
:10B87000FB67CB96FC67CC96FD67DFE8FE67CD964D
:10B88000FF67C1CA0068D9E80168CE960268CF9602
:10B890000368D0960468D1960568A4D50668D29648
:10B8A0000768EAB10868BBD50968CEE80A68D0E83D
:10B8B0000B68B0B60C68D3E80D68D3960E68DDE867
:10B8C0000F68B8C01068D4961168F7CA1268D59688
:10B8D0001368A8CB1468D6961568D7961668DCC688
:10B8E0001768F5C01868D8961968D9961A68DA9654
:10B8F0001B68DB961C68DC961D68E9E81E68DD960F
:10B900001F68DE962068DF962168A3D02268E09643
:10B910002368E1962468E2962568E3962668E49613
:10B920002768E5962868E6962968F2E82A68EAD644
:10B930002B68E7962C68E8962D68E9962E68EA96BB
:10B940002F68EB963068EC963168ED963268E0E847
:10B950003368E1E83468EE963568EF963668F0961D
:10B960003768F9D13868CBBA3968F9B83A68F196CE
:10B970003B68F2963C68F1B83D68D4D43E68EFE885
:10B980003F68F3964068EEE84168ECE84268F0B939
:10B990004368D2CC4468E6E84568A6CE4668F2BF64
:10B9A0004768F4964868B8B04968F1E84A68F0E832
:10B9B0004B68F5964C68C0D74D68F6964E68E4E83B
:10B9C0004F68F7965068A9CD5168A3C95268F89698
:10B9D0005368B8BB5468DBBD5568EAE85668F99609
:10B9E0005768FA965868FB965968FC965A68FD960F
:10B9F0005B68FE965C6840975D6841975E68429719
:10BA00005F6843976068E2E86168E3E86268E5E8D8
:10BA10006368B5B56468E7E86568C5C76668EBE85C
:10BA20006768EDE86868B0BD6968AED76A68449732
:10BA30006B68F8E86C6845976D6846976E6847973D
:10BA40006F6848977068499771684A9772684B9712
:10BA500073684C977468F5E875684D977668B0CD53
:10BA60007768F6E878684E9779684F977A685097C4
:10BA70007B6851977C6852977D6853977E6854978E
:10BA80007F685597806856978168BAC182685797D2
:10BA90008368E8E8846858978568B7C38668F0B01B
:10BAA0008768599788685A9789685B978A685C970E
:10BAB0008B685D978C685E978D685F978E686097DE
:10BAC0008F68F4E8906861979168629792686397CD
:10BAD0009368F7E8946864979568659796686697A1
:10BAE0009768A3B998686797996868979A686997FB
:10BAF0009B686A979C686B979D686C979E686D972A
:10BB00009F686E97A0686F97A1687097A268D2C966
:10BB1000A3687197A4687297A5687397A668CEC347
:10BB2000A768E0CEA868E6C0A9687497AA68759768
:10BB3000AB687697AC687797AD68F3CBAE687897CB
:10BB4000AF68DDCCB068B5D0B1687997B2687A9744
:10BB5000B368E1CAB4687B97B568F3E8B6687C97C8
:10BB6000B7687D97B8687E97B9688097BA688197FB
:10BB7000BB688297BC688397BD688497BE688597C9
:10BB8000BF688697C068ECBCC1688797C268F9E84F
:10BB9000C3688897C4688997C5688A97C6688B9771
:10BBA000C7688C97C8688D97C968DEC3CA688E97C6
:10BBB000CB68E5C6CC688F97CD68F7B9CE6890970B
:10BBC000CF689197D0689297D1689397D268F4B074
:10BBD000D3689497D4689597D568D8D7D668969740
:10BBE000D7689797D868ACBCD9689897DA68EFC5DA
:10BBF000DB689997DC689A97DD689B97DE689C976D
:10BC0000DF689D97E068C4CCE1689E97E2689F97E3
:10BC1000E368A6E9E468A097E568A197E668A297BB
:10BC2000E768A397E868A497E968A597EA68A697E4
:10BC3000EB68A797EC68A897ED68A997EE68ADC97F
:10BC4000EF68AA97F068A2E9F168E2C0F268AB97E2
:10BC5000F368AC97F468AD97F568C3BFF668AE9724
:10BC6000F768AF97F868B097F968FEE8FA68D7B94F
:10BC7000FB68B197FC68FBE8FD68B297FE68B39774
:10BC8000FF68B4970069B5970169A4E90269B6979E
:10BC90000369B7970469B8970569CED20669B99761
:10BCA0000769BA970869BB970969BC970A69BD9784
:10BCB0000B69A3E90C69BE970D69B2D60E69B5D7B9
:10BCC0000F69BF971069A7E91169C0971269B7BDDD
:10BCD0001369C1971469C2971569C3971669C49708
:10BCE0001769C5971869C6971969C7971A69C897D8
:10BCF0001B69C9971C69CA971D69CB971E69CC97A8
:10BD00001F69FCE82069FDE82169CD972269CE977B
:10BD10002369CF972469A1E92569D0972669D1972E
:10BD20002769D2972869D3972969D4972A69D59723
:10BD30002B69D6972C69D7972D69D6CD2E69D897C0
:10BD40002F69D9973069ACD23169DA973269DB97BC
:10BD50003369DC973469B2E93569DD973669DE9776
:10BD60003769DF973869E0973969A9E93A69E19756
:10BD70003B69E2973C69E3973D69AAB43E69E49761
:10BD80003F69BBB44069E5974169E6974269ABE911
:10BD90004369E7974469E8974569E9974669EA97EF
:10BDA0004769EB974869EC974969ED974A69EE97BF
:10BDB0004B69EF974C69F0974D69F1974E69F2978F
:10BDC0004F69F3975069F4975169F5975269F6975F
:10BDD0005369F7975469A8D05569F8975669F99748
:10BDE0005769A5E95869FA975969FB975A69FEB3EB
:10BDF0005B69FC975C69FD975D69ACE95E69E3C0CE
:10BE00005F69FE976069AAE9616940986269419833
:10BE10006369B9E964694298656943986669B8E9F4
:10BE20006769449868694598696946986A69479856
:10BE30006B69AEE96C6948986D6949986E69FAE872
:10BE40006F694A9870694B987169A8E972694C9852
:10BE500073694D9874694E9875694F9876695098D2
:10BE60007769ACBF7869B1E97969BAE97A695198BB
:10BE70007B6952987C69A5C27D6953987E69549804
:10BE80007F6955988069AFE9816956988269C5B81C
:10BE9000836957988469ADE9856958988669DCD3C8
:10BEA0008769B4E98869B5E98969B7E98A69599800
:10BEB0008B695A988C695B988D69C7E98E695C9823
:10BEC0008F695D9890695E9891695F9892696098B2
:10BED000936961989469C6C09569C5E99669629845
:10BEE000976963989869B0E9996964989A696598BF
:10BEF0009B69BBE99C69F1B09D6966989E696798EA
:10BF00009F696898A0696998A1696A98A2696B9805
:10BF1000A3696C98A4696D98A5696E98A6696F98D5
:10BF2000A769BCE9A869A5D5A9697098AA6971989B
:10BF3000AB69BEE9AC697298AD69BFE9AE69739847
:10BF4000AF697498B0697598B169C1E9B2697698BA
:10BF5000B3697798B469F1C1B5697898B669799889
:10BF6000B769B6C8B8697A98B9697B98BA697C9894
:10BF7000BB69BDE9BC697D98BD697E98BE69809842
:10BF8000BF698198C0698298C169C2E9C269839812
:10BF9000C3698498C4698598C5698698C669879875
:10BFA000C7698898C8698998C9698A98CA69C3E9BC
:10BFB000CB698B98CC69B3E9CD698C98CE69B6E929
:10BFC000CF698D98D069B1BBD1698E98D2698F98AD
:10BFD000D3699098D469C0E9D5699198D669929847
:10BFE000D7699398D8699498D9699598DA69969899
:10BFF000DB69F7BCDC699798DD699898DE699998E8
:10C00000DF69C4E9E069C6E9E1699A98E2699B9849
:10C01000E3699C98E4699D98E5699E98E6699F9814
:10C02000E769A098E869A198E969A298EA69A398E4
:10C03000EB69A498EC69A598ED69CAE9EE69A69840
:10C04000EF69A798F069A898F169A998F269CEE913
:10C05000F369AA98F469AB98F569AC98F669AD985C
:10C06000F769AE98F869AF98F969B098FA69B1982C
:10C07000FB69B298FC69B398FD69DBB2FE69B498BC
:10C08000FF69C8E9006AB598016AB698026AB7986C
:10C09000036AB898046AB998056ABA98066ABB98A0
:10C0A000076ABC98086ABD98096ABE980A6AAEB762
:10C0B0000B6ABF980C6AC0980D6AC1980E6AC29844
:10C0C0000F6AC398106AC498116AC598126AC69814
:10C0D000136AC798146AC898156AC998166ACA98E4
:10C0E000176ACBE9186ACCE9196ACB981A6ACC9816
:10C0F0001B6ACD981C6ACE981D6ACF981E6AD0988C
:10C100001F6AC1D5206AD198216AA3C4226AD29835
:10C11000236AD398246AD498256AD598266AD69833
:10C12000276AD798286AD8E9296AD8982A6AE1BA8A
:10C130002B6AD9982C6ADA982D6ADB982E6ADC98DB
:10C140002F6AC9E9306ADD98316AA3D3326ADE9872
:10C15000336ADF98346AE098356AD4E9366AE19840
:10C16000376AE298386AE398396AE4983A6AE59857
:10C170003B6AE6983C6AE7983D6AD7E93E6AD0E9AF
:10C180003F6AE898406AE998416AEA98426AEB98FF
:10C19000436AEC98446ACFE9456AED98466AEE989E
:10C1A000476AC1C7486AEF98496AF0984A6AF198A5
:10C1B0004B6AF2984C6AF3984D6AF4984E6AF59877
:10C1C0004F6AF698506AD2E9516AF798526AF8981D
:10C1D000536AF998546AFA98556AFB98566AFC981B
:10C1E000576AFD98586AD9E9596AC8B35A6AFE98DD
:10C1F0005B6AD3E95C6A40995D6A41995E6A4299DB
:10C200005F6A4399606A4499616AF0CF626A4599AE
:10C21000636A4699646A4799656ACDE9666A48998E
:10C22000676A4999686A4A99696A4B996A6A4C9936
:10C230006B6A4D996C6A4E996D6A4F996E6A509906
:10C240006F6A5199706A5299716AF7B3726A539919
:10C25000736A5499746A5599756A5699766A5799AA
:10C26000776A5899786A5999796AD6E97A6A5A99AF
:10C270007B6A5B997C6ADAE97D6A5C997E6A5D9982
:10C280007F6A5E99806AB4CC816A5F99826A60999C
:10C29000836A6199846AADCF856A6299866A639977
:10C2A000876A6499886A6599896A66998A6A6799CA
:10C2B0008B6A68998C6A69998D6A6A998E6AD5E9E0
:10C2C0008F6A6B99906ADCE9916ADBE9926A6C99F2
:10C2D000936A6D99946A6E99956A6F99966A709946
:10C2E000976ADEE9986A7199996A72999A6A73995C
:10C2F0009B6A74999C6A75999D6A76999E6A7799EA
:10C300009F6A7899A06AD1E9A16A7999A26A7A9913
:10C31000A36A7B99A46A7C99A56A7D99A66A7E998D
:10C32000A76A8099A86A8199A96ADDE9AA6A8299AF
:10C33000AB6ADFE9AC6ACAC3AD6A8399AE6A849915
:10C34000AF6A8599B06A8699B16A8799B26A889905
:10C35000B36A8999B46A8A99B56A8B99B66A8C99D5
:10C36000B76A8D99B86A8E99B96A8F99BA6A9099A5
:10C37000BB6A9199BC6A9299BD6A9399BE6A949975
:10C38000BF6A9599C06A9699C16A9799C26A989945
:10C39000C36A9999C46A9A99C56A9B99C66A9C9915
:10C3A000C76A9D99C86A9E99C96A9F99CA6AA099E5
:10C3B000CB6AA199CC6AA299CD6AA399CE6AA499B5
:10C3C000CF6AA599D06AA699D16AA799D26AA89985
:10C3D000D36AA999D46AAA99D56AAB99D66AAC9955
:10C3E000D76AAD99D86AAE99D96AAF99DA6AB09925
:10C3F000DB6AB199DC6AB299DD6AB399DE6AB499F5
:10C40000DF6AB599E06AB699E16AB799E26AB899C4
:10C41000E36AB999E46ABA99E56ABB99E66ABC9994
:10C42000E76ABD99E86ABE99E96ABF99EA6AC09964
:10C43000EB6AC199EC6AC299ED6AC399EE6AC49934
:10C44000EF6AC599F06AC699F16AC799F26AC89904
:10C45000F36AC999F46ACA99F56ACB99F66ACC99D4
:10C46000F76ACD99F86ACE99F96ACF99FA6AD099A4
:10C47000FB6AD199FC6AD299FD6AD399FE6AD49974
:10C48000FF6AD599006BD699016BD799026BD89941
:10C49000036BD999046BDA99056BDB99066BDC9910
:10C4A000076BDD99086BDE99096BDF990A6BE099E0
:10C4B0000B6BE1990C6BE2990D6BE3990E6BE499B0
:10C4C0000F6BE599106BE699116BE799126BE89980
:10C4D000136BE999146BEA99156BEB99166BEC9950
:10C4E000176BED99186BEE99196BEF991A6BF09920
:10C4F0001B6BF1991C6BF2991D6BF3991E6BF499F0
:10C500001F6BF599206BB7C7216BCEB4226BB6BBFE
:10C51000236BC0D0246BA3EC256BF699266BF7999F
:10C52000276BB7C5286BF899296BF9992A6BFA998B
:10C530002B6BFB992C6BFC992D6BFD992E6BFE9947
:10C540002F6B409A306B419A316B429A326BFBD31E
:10C55000336B439A346B449A356B459A366B469AE3
:10C56000376BA4EC386B479A396BA5EC3A6BDBC69A
:10C570003B6B489A3C6B499A3D6B4A9A3E6BEEBFC7
:10C580003F6B4B9A406B4C9A416B4D9A426B4E9A63
:10C59000436BA6EC446B4F9A456B509A466BA7ECE5
:10C5A000476BAAD0486B519A496BB8C74A6B529AED
:10C5B0004B6B539A4C6BE8B84D6B549A4E6B559A33
:10C5C0004F6B569A506B579A516B589A526B599AB7
:10C5D000536B5A9A546B5B9A556B5C9A566B5D9A87
:10C5E000576B5E9A586B5F9A596BA8EC5A6B609ABE
:10C5F0005B6B619A5C6B629A5D6B639A5E6B649A2B
:10C600005F6B659A606B669A616B679A626BB9D66D
:10C61000636BFDD5646BCBB4656BBDB2666BE4CE6A
:10C62000676BE7C6686B689A696B699A6A6BE1CD5C
:10C630006B6B6A9A6C6B6B9A6D6B6C9A6E6B6D9A86
:10C640006F6B6E9A706B6F9A716B709A726B719A56
:10C65000736B729A746B739A756B749A766B759A26
:10C66000776B769A786B779A796BF5B47A6B789A60
:10C670007B6BC0CB7C6BDFBC7D6B799A7E6B7A9ACF
:10C680007F6B7B9A806B7C9A816BE2E9826BE3E93A
:10C69000836BEAD1846BE5E9856B7D9A866BF9B48F
:10C6A000876BE4E9886B7E9A896BB3D18A6BE2CAA7
:10C6B0008B6BD0B28C6B809A8D6BE8E98E6B819A14
:10C6C0008F6B829A906B839A916B849A926BE6E956
:10C6D000936BE7E9946B859A956B869A966BB3D6C4
:10C6E000976B879A986B889A996B899A9A6BE9E904
:10C6F0009B6BEAE99C6B8A9A9D6B8B9A9E6B8C9ADA
:10C700009F6B8D9AA06B8E9AA16BEBE9A26B8F9AAF
:10C71000A36B909AA46B919AA56B929AA66B939A2D
:10C72000A76B949AA86B959AA96B969AAA6BECE959
:10C73000AB6B979AAC6B989AAD6B999AAE6B9A9AD1
:10C74000AF6B9B9AB06B9C9AB16B9D9AB26B9E9AA1
:10C75000B36BAFECB46BB9C5B56BCEB6B66B9F9A85
:10C76000B76BF3D2B86BA09AB96BA19ABA6BA29AC5
:10C77000BB6BA39ABC6BA49ABD6BA59ABE6BA69A21
:10C78000BF6BEEB5C06BA79AC16BD9BBC26BB1ECE6
:10C79000C36BA89AC46BA99AC56BE3D2C66BAA9A5D
:10C7A000C76BAB9AC86BAC9AC96BAD9ACA6BAE9AA1
:10C7B000CB6BE3CECC6BAF9ACD6BB8C4CE6BB09ADB
:10C7C000CF6BBFC3D06BB19AD16BB29AD26BBEB6EE
:10C7D000D36BB9D8D46BC8B1D56BCFB1D66BD1B14F
:10C7E000D76BFEC5D86BB39AD96BD0B1DA6BB49A5C
:10C7F000DB6BABC3DC6BB59ADD6BB69ADE6BB79ABD
:10C80000DF6BB89AE06BB99AE16BB1D5E26BBA9A7B
:10C81000E36BBB9AE46BBC9AE56BBD9AE66BBE9A80
:10C82000E76BBF9AE86BC09AE96BC19AEA6BA4EB1D
:10C83000EB6BC1BAEC6BC29AED6BC39AEE6BC49A08
:10C84000EF6BBACCF06BC59AF16BC69AF26BC79AD4
:10C85000F36BA5EBF46BC89AF56BA7EBF66BC99A73
:10C86000F76BCA9AF86BCB9AF96BA8EBFA6BCC9A78
:10C87000FB6BCD9AFC6BCE9AFD6BA6EBFE6BCF9A51
:10C88000FF6BD09A006CD19A016CD29A026CD39A49
:10C89000036CD49A046CD59A056CA9EB066CABEBCF
:10C8A000076CAAEB086CD69A096CD79A0A6CD89ACE
:10C8B0000B6CD99A0C6CDA9A0D6CACEB0E6CDB9AA3
:10C8C0000F6CCFCA106CB5D8116CF1C3126CDC9A26
:10C8D000136CA5C3146CF8C6156CADEB166CCAC40A
:10C8E000176CDD9A186CAEEB196CAFEB1A6CB0EBF1
:10C8F0001B6CD5B71C6CDE9A1D6CDF9A1E6CE09A1F
:10C900001F6CFAB7206CE19A216CB1EB226CE2C784
:10C91000236CE29A246CB3EB256CE39A266CA4BAE0
:10C92000276CF5D1286CB1B0296CB2EB2A6CB4EB52
:10C930002B6CE49A2C6CE59A2D6CE69A2E6CAAB5B9
:10C940002F6CC8C2306CE8C7316CE79A326CB5EB1B
:10C95000336CE89A346CAECB356CDFE3366CE99A15
:10C96000376CEA9A386CC0D3396CEB9A3A6CEC9A13
:10C970003B6CED9A3C6CEE9A3D6CDBD93E6CEF9AC9
:10C980003F6CF09A406CA1CD416CADD6426CF3C7C0
:10C99000436CF19A446CF29A456CF39A466CE0D978
:10C9A000476CE3BB486CF49A496CBABA4A6CE2E350
:10C9B0004B6CF59A4C6CF69A4D6CF79A4E6CF89A53
:10C9C0004F6CF99A506CABCF516CFA9A526CFB9A3F
:10C9D000536CFC9A546CE0E3556CC7C9566CFD9AD5
:10C9E000576CB9BA586CFE9A596C409B5A6C419B73
:10C9F0005B6CB4D15C6CE1E35D6CEAC85E6CAFB9B2
:10CA00005F6CADBD606CD8B3616CDBCE626C429B79
:10CA1000636C439B646CC0CC656C449B666C459BAB
:10CA2000676C469B686CE8E3696CE9E36A6CF4CD7B
:10CA30006B6C479B6C6C489B6D6C499B6E6C4A9B06
:10CA40006F6C4B9B706CADCC716C4C9B726CB3BCBF
:10CA5000736C4D9B746CEAE3756C4E9B766CEBE3E8
:10CA6000776C4F9B786C509B796CDAD07A6C519BC9
:10CA70007B6C529B7C6C539B7D6CFBC67E6CDAB7E7
:10CA80007F6C549B806C559B816CDFC7826CCAD2D3
:10CA9000836CD6CE846C569B856CE4E3866CECE3A9
:10CAA000876C579B886CF2C9896CC1B38A6C589BA0
:10CAB0008B6C599B8C6CE7E38D6C5A9B8E6C5B9BEB
:10CAC0008F6CE3C6906CE5E3916C5C9B926C5D9B14
:10CAD000936CB3ED946CE6E3956C5E9B966C5F9BF8
:10CAE000976C609B986C619B996CB3C99A6C629BC4
:10CAF0009B6CE6C59C6C639B9D6C649B9E6C659B6C
:10CB00009F6CB5B9A06C669BA16CBBC3A26C679B04
:10CB1000A36CE3E3A46CBDC5A56CA4C1A66CD9C28B
:10CB2000A76CD7B2A86C689BA96CEDE3AA6CA6BBF6
:10CB3000AB6CADC4AC6C699BAD6CF0E3AE6CDABEB3
:10CB4000AF6C6A9BB06C6B9BB16CFBE3B26CF5E3B2
:10CB5000B36CD3BAB46C6C9BB56C6D9BB66C6E9BAE
:10CB6000B76C6F9BB86CD0B7B96CCDD3BA6C709BF7
:10CB7000BB6CCED6BC6CD3D5BD6CC1B9BE6CB4D5C4
:10CB8000BF6CD8D1C06C719BC16C729BC26C739B23
:10CB9000C36C749BC46CB9D0C56CF6C7C66C759B6E
:10CBA000C76C769BC86C779BC96CAAC8CA6CB4B2B8
:10CBB000CB6C789BCC6CDAC3CD6C799BCE6C7A9BBA
:10CBC000CF6C7B9BD06CEEE3D16C7C9BD26C7D9B5D
:10CBD000D36CFCE3D46CEFE3D56CA8B7D66CF7E369
:10CBE000D76CF4E3D86C7E9BD96C809BDA6C819B0C
:10CBF000DB6CBAB7DC6C829BDD6C839BDE6CA2C500
:10CC0000DF6C849BE06CF6E3E16CDDC5E26CA8B2FE
:10CC1000E36CFCC6E46C859BE56CE0C4E66C869B2B
:10CC2000E76C879BE86CA2D7E96C889BEA6CE1C053
:10CC3000EB6CF9E3EC6C899BED6C8A9BEE6CFAE390
:10CC4000EF6CFDE3F06CA9CCF16CF3E3F26C8B9B21
:10CC5000F36CBED3F46C8C9BF56CC3B1F66CB4ED85
:10CC6000F76CF1E3F86CF2E3F96C8D9BFA6CF8E386
:10CC7000FB6CBAD0FC6CC3C6FD6CF3D4FE6CFEE357
:10CC8000FF6C8E9B006D8F9B016DE0BD026D909BD4
:10CC9000036D919B046DA7E4056D929B066D939BBC
:10CCA000076DA6E4086D949B096D959B0A6D969B94
:10CCB0000B6DF3D10C6DA3E40D6D979B0E6DA9E484
:10CCC0000F6D989B106D999B116D9A9B126DF7C813
:10CCD000136D9B9B146D9C9B156D9D9B166D9E9B70
:10CCE000176DB4CF186D9F9B196DA8E41A6DAEE453
:10CCF0001B6DE5C21C6DA09B1D6DA19B1E6DB4B686
:10CD00001F6DA29B206DA39B216DA49B226DA59BF3
:10CD1000236DA69B246DA79B256DF2BD266DA89B58
:10CD2000276DA2E4286DA99B296DAA9B2A6DE9BAFB
:10CD30002B6DAAE42C6DAB9B2D6DAC9B2E6DACE4E2
:10CD40002F6DAD9B306DAE9B316DFDB6326DDED675
:10CD5000336DB2E4346DAF9B356DADE4366DB09B91
:10CD6000376DB19B386DB29B396DA1E43A6DB39BC1
:10CD70003B6DEEBB3C6DDDCD3D6DA2C73E6DC9C5C3
:10CD80003F6DB49B406DB59B416DF7C1426DB69B45
:10CD9000436DA4E4446DB79B456DB3C7466DACBD10
:10CDA000476DBDBD486DA5E4496DB89B4A6DC7D7B9
:10CDB0004B6DE2B24C6DB99B4D6DABE44E6DC3BC97
:10CDC0004F6DAFE4506DBA9B516DEBBB526DB0E44B
:10CDD000536DA8C5546DB1E4556DBB9B566DBC9B9E
:10CDE000576DBD9B586DBE9B596DE3D55A6DA3BF62
:10CDF0005B6DBF9B5C6DBAE45D6DC09B5E6DB7E41F
:10CE00005F6DC19B606DBBE4616DC29B626DC39B36
:10CE1000636DBDE4646DC49B656DC59B666DD6C6D0
:10CE2000676DC69B686DC79B696DC6BA6A6DCBC0DE
:10CE30006B6DC89B6C6DC99B6D6DCA9B6E6DA1B807
:10CE40006F6DB4E4706DCB9B716DCC9B726DCD9B9F
:10CE5000736DCE9B746DA1D4756DCF9B766DD09B99
:10CE6000776DA3BA786DFEBD796DD19B7A6DD29B3B
:10CE70007B6DD39B7C6DBCE47D6DD49B7E6DD59B1F
:10CE80007F6DD69B806DD79B816DD89B826DBFCD0A
:10CE9000836DD99B846DDA9B856DF9C4866DDB9BB0
:10CEA000876DDC9B886DFBCF896DE6C98A6DDD9B44
:10CEB0008B6DDE9B8C6DBFD38D6DDF9B8E6DD1CF67
:10CEC0008F6DE09B906DE19B916DB3E4926DE29B61
:10CED000936DB8E4946DB9E4956DE9CC966DE39BE0
:10CEE000976DE49B986DE59B996DE69B9A6DE79B2A
:10CEF0009B6DCECC9C6DE89B9D6DD4C09E6DB5E4C2
:10CF00009F6DB0C1A06DB6E4A16DD0CEA26DE99BBE
:10CF1000A36DC1BBA46DD3B5A56DEA9BA66DF3C887
:10CF2000A76DA7BDA86DC7D5A96DACC9AA6DA2B8DC
:10CF3000AB6DCAE4AC6DEB9BAD6DEC9BAE6DCCE420
:10CF4000AF6DC4D1B06DED9BB16DEE9BB26DBAD239
:10CF5000B36DEF9BB46DF09BB56DADBAB66DF19B43
:10CF6000B76DF29BB86DD4BAB96DF39BBA6DF49BF3
:10CF7000BB6DF59BBC6DF69BBD6DF79BBE6DF89BC5
:10CF8000BF6DC3E4C06DEDB5C16DF99BC26DFA9B79
:10CF9000C36DFB9BC46DCDD7C56DC0E4C66DFDCF21
:10CFA000C76DBFE4C86DFC9BC96DFD9BCA6DFE9B40
:10CFB000CB6DDCC1CC6DCACCCD6D409CCE6D419C9F
:10CFC000CF6D429CD06D439CD16DE7CAD26D449C1D
:10CFD000D36D459CD46D469CD56D479CD66DD7C40A
:10CFE000D76D489CD86DD4CCD96DC8E4DA6D499C16
:10CFF000DB6D4A9CDC6D4B9CDD6DC7E4DE6DC1E4EE
:10D00000DF6D4C9CE06DC4E4E16DADB5E26D4D9C0F
:10D01000E36D4E9CE46DD9D3E56D4F9CE66DC6E49F
:10D02000E76D509CE86D519CE96D529CEA6D539CF4
:10D03000EB6DF9D2EC6DE3B4ED6D549CEE6DB4BBC9
:10D04000EF6D559CF06D569CF16DEEC9F26D579CDD
:10D05000F36DBEB4F46D589CF56D599CF66D5A9CF9
:10D06000F76DECBBF86D5B9CF96DCDD1FA6D5C9CF6
:10D07000FB6DEDCCFC6DB5EDFD6D5D9CFE6D5E9CBC
:10D08000FF6D5F9C006E609C016E619C026E629CF5
:10D09000036E639C046E649C056EE5C7066E659C1A
:10D0A000076E669C086E679C096E689C0A6EA8D421
:10D0B0000B6E699C0C6ECBE40D6ED5D70E6EC2E480
:10D0C0000F6E6A9C106EA5BD116EC5E4126E6B9C4E
:10D0D000136E6C9C146EE6D3156E6D9C166EC9E4CF
:10D0E000176EF8C9186E6E9C196E6F9C1A6EBEE4AE
:10D0F0001B6E709C1C6E719C1D6EE5D31E6E729C27
:10D100001F6E739C206EFEC7216EC9B6226E749C82
:10D11000236EFCD4246EB3B2256ED7E4266E759CC4
:10D12000276E769C286E779C296EC2CE2A6E789CDC
:10D130002B6ECDE42C6E799C2D6EBCCE2E6E7A9C1F
:10D140002F6EDBB8306E7B9C316E7C9C326ED6E4E9
:10D15000336E7D9C346ECABF356E7E9C366E809C6D
:10D16000376E819C386ECED3396E829C3A6EECC39A
:10D170003B6E839C3C6E849C3D6E859C3E6E869C83
:10D180003F6E879C406E889C416E899C426E8A9C53
:10D19000436EC8C5446ED8E4456E8B9C466E8C9C2D
:10D1A000476E8D9C486E8E9C496E8F9C4A6E909CFB
:10D1B0004B6E919C4C6E929C4D6EC4CD4E6ECFE4E6
:10D1C0004F6E939C506E949C516E959C526E969CA3
:10D1D000536ED4E4546ED5E4556E979C566EFEBAE9
:10D1E000576E989C586EE6CF596E999C5A6E9A9CD1
:10D1F0005B6EBFD55C6E9B9C5D6E9C9C5E6E9D9CC9
:10D200005F6ED2E4606E9E9C616E9F9C626EA09C7D
:10D21000636EA19C646EA29C656EA39C666EA49CCA
:10D22000676EA59C686EA69C696EA79C6A6EA89C9A
:10D230006B6ED0E46C6EA99C6D6EAA9C6E6ECEE493
:10D240006F6EAB9C706EAC9C716EAD9C726EAE9C42
:10D25000736EAF9C746EB09C756EB19C766EB29C12
:10D26000776EB39C786EB49C796EB59C7A6EB69CE2
:10D270007B6EB79C7C6EB89C7D6EB99C7E6EE5CD56
:10D280007F6EAACA806EBA9C816EBB9C826EBC9C6B
:10D29000836EA3C0846EBD9C856EA6BD866ED3E4EE
:10D2A000876EBE9C886EBF9C896EC8B88A6EC09C13
:10D2B0008B6EC19C8C6EC29C8D6EC39C8E6EC49C0A
:10D2C0008F6EE7E4906EB4D4916EC59C926EC69C4E
:10D2D000936EC79C946EC89C956EC99C966ECA9CB2
:10D2E000976ECB9C986EDBE4996ECC9C9A6ECD9C2D
:10D2F0009B6ECE9C9C6EEFC19D6ECF9C9E6ED09C13
:10D300009F6EE9E4A06ED19CA16ED29CA26EE7D282
:10D31000A36ED39CA46ED49CA56EDFE4A66ED59CB0
:10D32000A76EE0E4A86ED69CA96ED79CAA6EAACF81
:10D33000AB6ED89CAC6ED99CAD6EDA9CAE6EDB9CAD
:10D34000AF6EDDCBB06EDC9CB16EDAE4B26ED1E4D0
:10D35000B36EDD9CB46EE5E4B56EDE9CB66EDCC8E3
:10D36000B76EE3E4B86EDF9CB96EE09CBA6EE7C4BA
:10D37000BB6EE2E4BC6EE19CBD6EE1E4BE6EE29C7D
:10D38000BF6EE39CC06EE49CC16EFCB3C26EE8E469
:10D39000C36EE59CC46EE69CC56EE79CC66EE89CB9
:10D3A000C76EE1B5C86EE99CC96EEA9CCA6EEB9C7B
:10D3B000CB6ECCD7CC6EEC9CCD6EED9CCE6EEE9C45
:10D3C000CF6EE6E4D06EEF9CD16EACBBD26EF09C1B
:10D3D000D36ED2D7D46ECFCCD56EF8EBD66EF19C8F
:10D3E000D76EE4E4D86EF29CD96EF39CDA6EF6B98F
:10D3F000DB6EF49CDC6EF59CDD6EF69CDE6ECDD6AD
:10D40000DF6ED9E4E06EDCE4E16EFAC2E26EDEE4E7
:10D41000E36EF79CE46ECBC2E56EC4C0E66ED0C28C
:10D42000E76EF89CE86EF5B1E96EB2CCEA6EF99C55
:10D43000EB6EFA9CEC6EFB9CED6EFC9CEE6EFD9C24
:10D44000EF6EFE9CF06E409DF16E419DF26E429D2E
:10D45000F36E439DF46ECEB5F56E449DF66E459D1C
:10D46000F76E469DF86E479DF96EEFE4FA6E489DA3
:10D47000FB6E499DFC6E4A9DFD6E4B9DFE6E4C9D64
:10D48000FF6E4D9D006F4E9D016F4F9D026FAFC6A9
:10D49000036F509D046F519D056F529D066FE1C64D
:10D4A000076F539D086F549D096FF5E40A6F559DF2
:10D4B0000B6F569D0C6F579D0D6F589D0E6F599DAC
:10D4C0000F6FA9C2106F5A9D116F5B9D126F5C9D0B
:10D4D000136FECC0146FDDD1156FEEE4166F5D9D18
:10D4E000176F5E9D186F5F9D196F609D1A6F619D2C
:10D4F0001B6F629D1C6F639D1D6F649D1E6F659DFC
:10D500001F6F669D206FAEC4216F679D226F689D5F
:10D51000236F699D246FEDE4256F6A9D266F6B9DD7
:10D52000276F6C9D286F6D9D296FF6E42A6FF4E4D8
:10D530002B6FFEC22C6F6E9D2D6FDDE42E6F6F9DE5
:10D540002F6FF0E4306F709D316FFECA326F719DA6
:10D55000336FC4D5346F729D356F739D366FF1E4B0
:10D56000376F749D386F759D396F769D3A6F779DD3
:10D570003B6F789D3C6F799D3D6F7A9D3E6FFAD1F0
:10D580003F6F7B9D406F7C9D416F7D9D426F7E9D77
:10D59000436F809D446F819D456F829D466FEBE494
:10D5A000476FECE4486F839D496F849D4A6F859D6A
:10D5B0004B6FF2E44C6F869D4D6FABCE4E6F879DE7
:10D5C0004F6F889D506F899D516F8A9D526F8B9DC3
:10D5D000536F8C9D546F8D9D556F8E9D566F8F9D93
:10D5E000576F909D586FCBC5596F919D5A6F929D03
:10D5F0005B6F939D5C6FB1C75D6F949D5E6FBAC2A8
:10D600005F6F959D606F969D616F979D626FEAE475
:10D61000636F989D646F999D656F9A9D666FCAC18F
:10D62000676F9B9D686F9C9D696F9D9D6A6F9E9DB6
:10D630006B6F9F9D6C6FA09D6D6FB6CC6E6FB1B31D
:10D640006F6FA19D706FA29D716FA39D726FFBE4C0
:10D65000736FA49D746FF3E4756FA59D766FA69D9F
:10D66000776FA79D786FFAE4796FA89D7A6FFDE4D4
:10D670007B6FA99D7C6FFCE47D6FAA9D7E6FAB9D47
:10D680007F6FAC9D806FAD9D816FAE9D826FAF9DB2
:10D69000836FB09D846FCEB3856FB19D866FB29D51
:10D6A000876FB39D886FBAB3896FF7E48A6FB49DB3
:10D6B0008B6FB59D8C6FF9E48D6FF8E48E6FECC5C0
:10D6C0008F6FB69D906FB79D916FB89D926FB99D0A
:10D6D000936FBA9D946FBB9D956FBC9D966FBD9DDA
:10D6E000976FBE9D986FBF9D996FC09D9A6FC19DAA
:10D6F0009B6FC29D9C6FBDC09D6FC39D9E6FC49D5F
:10D700009F6FC59DA06FC69DA16FE8D4A26FC79DF6
:10D71000A36FC89DA46FC99DA56FCA9DA66FCB9D21
:10D72000A76FA2E5A86FCC9DA96FCD9DAA6FCE9DD6
:10D73000AB6FCF9DAC6FD09DAD6FD19DAE6FD29DC5
:10D74000AF6FD39DB06FD49DB16FD59DB26FD69D95
:10D75000B36FC4B0B46FD79DB56FD89DB66FA4E555
:10D76000B76FD99DB86FDA9DB96FA3E5BA6FDB9D2E
:10D77000BB6FDC9DBC6FDD9DBD6FDE9DBE6FDF9D11
:10D78000BF6FE09DC06FA4BCC16FE19DC26FA5E5F6
:10D79000C36FE29DC46FE39DC56FE49DC66FE59DB9
:10D7A000C76FE69DC86FE79DC96FA1E5CA6FE89D89
:10D7B000CB6FE99DCC6FEA9DCD6FEB9DCE6FEC9D5D
:10D7C000CF6FED9DD06FEE9DD16FFEE4D26FF4B1BF
:10D7D000D36FEF9DD46FF09DD56FF19DD66FF29D05
:10D7E000D76FF39DD86FF49DD96FF59DDA6FF69DD5
:10D7F000DB6FF79DDC6FF89DDD6FF99DDE6FA8E5AF
:10D80000DF6FFA9DE06FA9E5E16FA6E5E26FFB9D92
:10D81000E36FFC9DE46FFD9DE56FFE9DE66F409E0E
:10D82000E76F419EE86F429EE96F439EEA6F449E18
:10D83000EB6F459EEC6F469EED6F479EEE6FA7E542
:10D84000EF6FAAE5F06F489EF16F499EF26F4A9E16
:10D85000F36F4B9EF46F4C9EF56F4D9EF66F4E9E90
:10D86000F76F4F9EF86F509EF96F519EFA6F529E60
:10D87000FB6F539EFC6F549EFD6F559EFE6F569E30
:10D88000FF6F579E0070589E0170599E02705A9EFD
:10D8900003705B9E04705C9E05705D9E06705E9ECC
:10D8A00007705F9E0870609E0970619E0A70629E9C
:10D8B0000B70639E0C70649E0D70659E0E70669E6C
:10D8C0000F70679E1070689E1170D9C61270699EA5
:10D8D00013706A9E14706B9E15706C9E16706D9E10
:10D8E00017706E9E18706F9E1970709E1A70ABE55F
:10D8F0001B70ADE51C70719E1D70729E1E70739E34
:10D900001F70749E2070759E2170769E2270779E87
:10D910002370ACE52470789E2570799E26707A9EDF
:10D9200027707B9E28707C9E29707D9E2A707E9E2B
:10D930002B70809E2C70819E2D70829E2E70839EF7
:10D940002F70849E3070859E3170869E3270879EC7
:10D950003370889E3470899E3570AFE536708A9E2C
:10D9600037708B9E38708C9E3970AEE53A708D9E04
:10D970003B708E9E3C708F9E3D70909E3E70919E3F
:10D980003F70929E4070939E4170949E4270959E0F
:10D990004370969E4470979E4570989E4670999EDF
:10D9A00047709A9E48709B9E49709C9E4A709D9EAF
:10D9B0004B709E9E4C70E0B94D709F9E4E70A09E25
:10D9C0004F70B0E55070A19E5170A29E5270A39E00
:10D9D0005370A49E5470A59E5570A69E5670A79E27
:10D9E0005770A89E5870A99E5970AA9E5A70AB9EF7
:10D9F0005B70AC9E5C70AD9E5D70AE9E5E70B1E57E
:10DA00005F70AF9E6070B09E6170B19E6270B29E9A
:10DA10006370B39E6470B49E6570B59E6670B69E6A
:10DA20006770B79E6870B89E6970B99E6A70BA9E3A
:10DA30006B70F0BB6C70E1EC6D70F0C36E70BB9EF0
:10DA40006F70C6B57070D2BB7170BC9E7270BD9E97
:10DA50007370BE9E7470BF9E7570E9C17670EED40F
:10DA60007770C09E7870C4BE7970C19E7A70C29E75
:10DA70007B70C39E7C70C6D77D70C49E7E70D6D4EA
:10DA80007F70D3B28070BEEC8170C59E8270C69EDE
:10DA90008370C79E8470C89E8570C1EA8670C99ED7
:10DAA0008770CA9E8870CB9E8970AFC28A70B6B4E8
:10DAB0008B70CC9E8C70CD9E8D70CE9E8E70D7D18B
:10DAC0008F70CF9E9070D09E9170D19E9270B4B3A3
:10DAD0009370D29E9470B2C89570BBBF9670C0EC24
:10DAE0009770D39E9870D49E9970CBD69A70D59E1D
:10DAF0009B70D69E9C70BFEC9D70C1EC9E70D79EB3
:10DB00009F70D89EA070D99EA170DA9EA270DB9EF5
:10DB1000A370DC9EA470DD9EA570DE9EA670DF9EC5
:10DB2000A770E09EA870E19EA970E29EAA70E39E95
:10DB3000AB70C5ECAC70E6BEAD70BFCCAE70DAC5F4
:10DB4000AF70BCBEB070E49EB170C6ECB270E59E22
:10DB5000B370FEB1B470E69EB570E79EB670E89EF5
:10DB6000B770C4ECB870A8D5B970E3B5BA70E99EC7
:10DB7000BB70C2ECBC70B6C1BD70E3B3BE70EA9EB0
:10DB8000BF70EB9EC070C3ECC170B8CBC270C3C095
:10DB9000C370FECCC470EC9EC570ED9EC670EE9E48
:10DBA000C770EF9EC870D2C1C970F09ECA70C8EC31
:10DBB000CB70F19ECC70F29ECD70F39ECE70F49E31
:10DBC000CF70F59ED070F69ED170F79ED270F89E01
:10DBD000D370F99ED470FA9ED570FB9ED670FC9ED1
:10DBE000D770FD9ED870E6BAD970D3C0DA70FE9EA9
:10DBF000DB70F2D6DC70409FDD70419FDE70429F8B
:10DC0000DF70CCD1E070439FE170449FE270459F8C
:10DC1000E370469FE470BEBFE570479FE670B3B700
:10DC2000E770D5C9E870C7ECE970E2BBEA70489FBD
:10DC3000EB70CCCCEC70FDBDED70C8C8EE70499FA8
:10DC4000EF70A9CFF0704A9FF1704B9FF2704C9F1C
:10DC5000F3704D9FF4704E9FF5704F9FF670509F7C
:10DC6000F770E9CDF870519FF970EBC5FA70529FCB
:10DC7000FB70539FFC70549FFD70E9B7FE70559F79
:10DC8000FF70569F0071579F0171589F0271599FF5
:10DC900003715A9F04715B9F05715C9F06715D9FC4
:10DCA00007715E9F08715F9F0971C9D10A71B8BA87
:10DCB0000B71609F0C71619F0D71629F0E71639F6C
:10DCC0000F71649F1071C9EC1171659F1271669F8D
:10DCD0001371CAEC1471679F1571C0BB1671CBEC40
:10DCE0001771689F1871E2EC1971BAB11A71D9B73E
:10DCF0001B71699F1C716A9F1D716B9F1E716C9FC8
:10DD00001F716D9F20716E9F21716F9F2271709F97
:10DD10002371719F2471729F2571739F2671B9BD04
:10DD20002771749F2871759F2971769F2A71779F3B
:10DD30002B71789F2C71799F2D717A9F2E717B9F0B
:10DD40002F71CCEC3071E6D13171CDEC32717C9F0A
:10DD500033717D9F34717E9F3571809F3671BBC852
:10DD60003771819F3871829F3971839F3A71849F87
:10DD70003B71859F3C71869F3D71879F3E71889F57
:10DD80003F71899F40718A9F41718B9F42718C9F27
:10DD900043718D9F44718E9F4571D1EC46718F9F69
:10DDA0004771909F4871919F4971929F4A71D3EC3E
:10DDB0004B71939F4C71CDBB4D71949F4E71E5BCDF
:10DDC0004F71959F5071969F5171979F5271989F77
:10DDD0005371999F54719A9F55719B9F56719C9F47
:10DDE00057719D9F58719E9F59719F9F5A71A09F17
:10DDF0005B71A19F5C71CFEC5D71A29F5E71B7C931
:10DE00005F71A39F6071A49F6171A59F6271A69FBE
:10DE10006371A79F6471BAC36571A89F6671E3ECD3
:10DE20006771D5D56871D0EC6971A99F6A71AA9F95
:10DE30006B71AB9F6C71AC9F6D71AD9F6E71F3D6C2
:10DE40006F71AE9F7071AF9F7171B09F7271D2ECA4
:10DE50007371CEEC7471B19F7571B29F7671B39F7F
:10DE60007771B49F7871D4EC7971B59F7A71D5ECE4
:10DE70007B71B69F7C71B79F7D71BFC97E71B89F62
:10DE80007F71B99F8071BA9F8171BB9F8271BC9F66
:10DE90008371BD9F8471A8CF8571BE9F8671BF9F1E
:10DEA0008771C09F8871C19F8971C29F8A71DCD0C0
:10DEB0008B71C39F8C71C49F8D71C59F8E71C69FDE
:10DEC0008F71ACD19071C79F9171C89F9271C99F9A
:10DED0009371CA9F9471DBC89571CB9F9671CC9F4B
:10DEE0009771CD9F9871D6EC9971F5CE9A71CE9FAE
:10DEF0009B71CF9F9C71D09F9D71D19F9E71D29F2E
:10DF00009F71ECCAA071DAECA171D39FA271D49F6A
:10DF1000A371D59FA471D69FA571D79FA671D89FD5
:10DF2000A771D99FA871D9ECA971DA9FAA71DB9F5B
:10DF3000AB71DC9FAC71BEB0AD71DD9FAE71DE9F89
:10DF4000AF71DF9FB071E09FB171E19FB271E29F4D
:10DF5000B371D7ECB471E39FB571D8ECB671E49F9F
:10DF6000B771E59FB871E69FB971E4ECBA71E79FAC
:10DF7000BB71E89FBC71E99FBD71EA9FBE71EB9FC9
:10DF8000BF71EC9FC071ED9FC171EE9FC271EF9F99
:10DF9000C371BCC8C471F09FC571F19FC671F29F77
:10DFA000C771F39FC871F49FC971F59FCA71F69F3D
:10DFB000CB71F79FCC71F89FCD71F99FCE71C7C11E
:10DFC000CF71FA9FD071FB9FD171FC9FD271FD9FE1
:10DFD000D371FE9FD471DCECD571E0D1D67140A035
:10DFE000D77141A0D87142A0D97143A0DA7144A081
:10DFF000DB7145A0DC7146A0DD7147A0DE7148A051
:10E00000DF7149A0E071DBECE1714AA0E2714BA045
:10E01000E3714CA0E4714DA0E571EFD4E6714EA020
:10E02000E771DDECE8714FA0E97150A0EA7151A0F1
:10E03000EB7152A0EC7153A0ED7154A0EE71C6DBF0
:10E04000EF7155A0F07156A0F17157A0F27158A070
:10E05000F37159A0F4715AA0F5715BA0F6715CA040
:10E06000F7715DA0F8715EA0F971DEECFA715FA046
:10E07000FB7160A0FC7161A0FD7162A0FE7163A0E4
:10E08000FF7164A0007265A0017266A0027267A0B1
:10E09000037268A0047269A005726AA00672ACB12E
:10E0A00007726BA008726CA009726DA00A726EA054
:10E0B0000B726FA00C7270A00D7271A00E7272A024
:10E0C0000F7273A0107274A0117275A0127276A0F4
:10E0D000137277A0147278A0157279A016727AA0C4
:10E0E00017727BA018727CA019727DA01A727EA094
:10E0F0001B7280A01C7281A01D72DFEC1E7282A0B8
:10E100001F7283A0207284A0217285A0227286A033
:10E11000237287A0247288A0257289A026728AA003
:10E1200027728BA02872E0EC29728CA02A72A6D7E5
:10E130002B728DA02C72C0C52D728EA02E728FA056
:10E140002F7290A03072BCEB3172AEB0327291A0DF
:10E15000337292A0347293A03572F4BE3672B8B89E
:10E160003772AFD23872D6B03972F9B53A7294A01C
:10E170003B72B3D83C7295A03D72ACCB3E7296A078
:10E180003F72DDE3407297A0417298A0427299A05D
:10E1900043729AA044729BA045729CA046729DA0B7
:10E1A0004772ACC64872E6B049729EA04A729FA000
:10E1B0004B72A0A04C72C6C54D72B9EB4E72A1A0B5
:10E1C0004F72A2A05072A3A05172A4A05272BAEBD7
:10E1D0005372A5A05472A6A05572A7A05672BBEBAD
:10E1E0005772A8A05872A9A05972C0D15A72AAA099
:10E1F0005B72A3C55C72ABA05D72F2EA5E72ACA00A
:10E200005F72B2C46072ADA06172B5C46272CEC0FA
:10E210006372AEA06472AFA06572B0A06672F3EADA
:10E220006772C1C46872B1A06972EFCE6A72B2A09F
:10E230006B72B3A06C72B4A06D72B5A06E72F0EA8E
:10E240006F72F4EA7072B6A07172B7A07272FCC9F4
:10E250007372B8A07472B9A07572A3C77672BAA0AF
:10E260007772BBA07872BCA07972D8CC7A72FECEDD
:10E270007B72BDA07C72BEA07D72BFA07E72F5EAEB
:10E280007F72F6EA8072ACCF8172E7C08272C0A062
:10E290008372C1A08472F7EA8572C2A08672C3A09D
:10E2A0008772C4A08872C5A08972C6A08A72BFB6E0
:10E2B0008B72F8EA8C72C7A08D72F9EA8E72C8A0D0
:10E2C0008F72FAEA9072C9A09172CAA09272FBEAA8
:10E2D0009372CBA09472CCA09572CDA09672CEA072
:10E2E0009772CFA09872D0A09972D1A09A72D2A042
:10E2F0009B72D3A09C72D4A09D72D5A09E72D6A012
:10E300009F72F1EAA072D7A0A172D8A0A272D9A080
:10E31000A372DAA0A472DBA0A572DCA0A672DDA0B5
:10E32000A772DEA0A872DFA0A972E0A0AA72E1A085
:10E33000AB72E2A0AC72AEC8AD72EBE1AE72E3A01C
:10E34000AF72B8B7B072ECE1B172E4A0B272E5A0FE
:10E35000B372E6A0B472EDE1B572E7A0B672B4D7BD
:10E36000B772EEE1B872EFE1B972CCD3BA72E8A03D
:10E37000BB72E9A0BC72EAA0BD72EBA0BE72ECA0B9
:10E38000BF72EDA0C072EEA0C172F1E1C272F1BF26
:10E39000C372F0E1C472D2B5C572EFA0C672F0A02C
:10E3A000C772F1A0C872B7B1C972F2A0CA72F3A065
:10E3B000CB72F4A0CC72F5A0CD72F3E1CE72F2E193
:10E3C000CF72F6A0D072FCBAD172F7A0D272F4E18B
:10E3D000D372F8A0D472F9A0D572FAA0D672FBA0BD
:10E3E000D772B7B9D872FCA0D972D1BEDA72FDA0CB
:10E3F000DB72FEA0DC7240AADD7241AADE72FCC4B0
:10E40000DF7242AAE072DDBAE172C6BDE27243AACF
:10E41000E37244AAE47245AAE57246AAE67247AAE4
:10E42000E77248AAE872F5E1E972F7E1EA7249AAEF
:10E43000EB724AAAEC72C0B6ED72C1CFEE72A8CAF6
:10E44000EF72F6E1F072F8D5F172FCD3F272F8E1F6
:10E45000F372FCE1F472F9E1F5724BAAF6724CAA80
:10E46000F772FAE1F872EAC0F9724DAAFA72FEE1A7
:10E47000FB72A1E2FC72C7C0FD724EAAFE724FAAE7
:10E48000FF7250AA007351AA0173FBE1027352AAF2
:10E490000373FDE1047353AA057354AA067355AAC6
:10E4A000077356AA087357AA097358AA0A73A5E2F4
:10E4B0000B7359AA0C735AAA0D735BAA0E73D4C1BD
:10E4C0000F735CAA10735DAA11735EAA12735FAA20
:10E4D0001373A3E2147360AA1573A8E21673FEB255
:10E4E0001773A2E2187361AA197362AA1A7363AA56
:10E4F0001B73CDC31C73C2B21D73A7E21E73A6E2C9
:10E500001F7364AA207365AA2173A4E22273A9E28F
:10E51000237366AA247367AA2573ABE2267368AADD
:10E52000277369AA28736AAA2973C9D02A73EDD6FA
:10E530002B73A8C32C73ACE22D736BAA2E73D7CFA9
:10E540002F736CAA30736DAA3173AEE232736EAA68
:10E5500033736FAA3473EFBA357370AA367371AA26
:10E560003773E0E93873ADE23973AAE23A7372AAFD
:10E570003B7373AA3C7374AA3D7375AA3E73ABBB1D
:10E580003F73B3D4407376AA417377AA427378AAD3
:10E59000437379AA44737AAA45737BAA46737CAA0B
:10E5A00047737DAA48737EAA497380AA4A7381AAD9
:10E5B0004B7382AA4C7383AA4D73B0E24E7384AA44
:10E5C0004F7385AA5073AFE2517386AA5273E1E983
:10E5D000537387AA547388AA557389AA56738AAA53
:10E5E0005773B1E258738BAA59738CAA5A738DAAC8
:10E5F0005B738EAA5C738FAA5D7390AA5E7391AAF7
:10E600005F7392AA6073B2E2617393AA627394AA71
:10E61000637395AA647396AA657397AA667398AA9A
:10E62000677399AA68739AAA69739BAA6A739CAA6A
:10E630006B739DAA6C73B3E26D73A1CC6E739EAACB
:10E640006F73B4E270739FAA7173A0AA727340AB28
:10E65000737341AB747342AB757343AB767344AB66
:10E66000777345AB787346AB797347AB7A7348AB36
:10E670007B7349AB7C734AAB7D734BAB7E73B5E266
:10E680007F734CAB80734DAB81734EAB82734FABDA
:10E69000837350AB8473FED0857351AB867352ABDA
:10E6A0008773CAC2887353AB8973F1D38A7354AB2F
:10E6B0008B73F5CD8C7355AB8D7356AB8E73E0E7D2
:10E6C0008F7357AB907358AB9173E1E7927359AB6B
:10E6D00093735AAB94735BAB95735CAB9673C1BE8B
:10E6E00097735DAB98735EAB99735FAB9A7360ABD6
:10E6F0009B73EAC29C7361AB9D7362AB9E7363AB09
:10E700009F73E4E7A07364ABA17365ABA273E3E707
:10E71000A37366ABA47367ABA57368ABA67369AB51
:10E72000A7736AABA8736BABA973E6CDAA736CAB86
:10E73000AB73B5C3AC736DABAD736EABAE73E2E7E9
:10E74000AF73B7BBB073D6CFB1736FABB273E1C168
:10E75000B373E9E7B47370ABB57371ABB67372ABF7
:10E76000B773E8E7B87373ABB97374ABBA73F4E714
:10E77000BB73A3B2BC7375ABBD7376ABBE7377AB23
:10E78000BF7378ABC073EAE7C17379ABC273E6E7D6
:10E79000C3737AABC4737BABC5737CABC6737DAB01
:10E7A000C7737EABC873ECE7C973EBE7CA73BAC92A
:10E7B000CB7380ABCC7381ABCD73E4D5CE7382AB1E
:10E7C000CF73E5E7D073A9B7D173E7E7D27383AB13
:10E7D000D37384ABD47385ABD57386ABD67387AB59
:10E7E000D77388ABD87389ABD973EEE7DA738AAB8A
:10E7F000DB738BABDC738CABDD738DABDE73F3E75C
:10E80000DF738EABE073E9D6E1738FABE27390AB4D
:10E81000E37391ABE47392ABE573EDE7E67393AB0F
:10E82000E773F2E7E87394ABE973F1E7EA7395AB4A
:10E83000EB7396ABEC7397ABED73E0B0EE7398AB04
:10E84000EF7399ABF0739AABF1739BABF273F5E78F
:10E85000F3739CABF4739DABF5739EABF6739FABF8
:10E86000F773A0ABF87340ACF97341ACFA7342ACE8
:10E87000FB7343ACFC7344ACFD7345ACFE7346AC18
:10E88000FF7347AC007448AC017449AC02744AACE5
:10E890000374F2C704744BAC0574C5C00674EDC0B4
:10E8A00007744CAC08744DAC0974F0C10A74F0E7FD
:10E8B0000B744EAC0C744FAC0D7450AC0E7451AC68
:10E8C0000F74F6E71074F6CB117452AC127453AC9B
:10E8D000137454AC147455AC157456AC167457AC10
:10E8E000177458AC187459AC19745AAC1A74A2E85D
:10E8F0001B74A1E81C745BAC1D745CAC1E745DAC35
:10E900001F745EAC20745FAC217460AC2274C1D7FC
:10E91000237461AC247462AC2574FAE72674F9E7B9
:10E92000277463AC2874FBE7297464AC2A74F7E796
:10E930002B7465AC2C74FEE72D7466AC2E74FDE769
:10E940002F7467AC3074FCE7317468AC327469AC16
:10E950003374D5C13474D9C73574FDC53674C3C595
:10E9600037746AAC38746BAC39746CAC3A746DAC97
:10E970003B746EAC3C74EDC73D746FAC3E7470ACD0
:10E980003F7471AC407472AC4174A3E8427473ACD0
:10E99000437474AC447475AC457476AC467477AC0F
:10E9A000477478AC487479AC49747AAC4A747BACDF
:10E9B0004B747CAC4C747DAC4D747EAC4E7480ACAE
:10E9C0004F7481AC507482AC517483AC527484AC7B
:10E9D000537485AC547486AC5574A6E8567487ACF1
:10E9E0005774A5E8587488AC5974A7E85A74F7BAF4
:10E9F0005B74F8E75C74A4E85D7489AC5E74F0C87D
:10EA00005F74AAC960748AAC61748BAC62748CAC9C
:10EA100063748DAC64748EAC65748FAC667490ACAA
:10EA2000677491AC687492AC697493AC6A7494AC7A
:10EA30006B7495AC6C7496AC6D74A9E86E7497ACFD
:10EA40006F7498AC7074E5B9717499AC72749AACC7
:10EA500073749BAC74749CAC75749DAC7674FED16D
:10EA60007774A8E878749EAC79749FAC7A74A0AC83
:10EA70007B7440AD7C7441AD7D7442AD7E74AAE878
:10EA80007F7443AD8074ADE88174AEE8827444ADA8
:10EA90008374A7C1847445AD857446AD867447AD53
:10EAA0008774AFE8887448AD897449AD8A744AADFB
:10EAB0008B74B0E88C744BAD8D744CAD8E74ACE837
:10EAC0008F744DAD9074B4E891744EAD92744FADA7
:10EAD000937450AD947451AD957452AD967453AD1A
:10EAE000977454AD987455AD997456AD9A7457ADEA
:10EAF0009B7458AD9C74ABE89D7459AD9E74B1E89D
:10EB00009F745AADA0745BADA1745CADA2745DAD91
:10EB1000A3745EADA4745FADA57460ADA67461AD61
:10EB2000A774B5E8A874B2E8A974B3E8AA7462AD92
:10EB3000AB7463ADAC7464ADAD7465ADAE7466AD0D
:10EB4000AF7467ADB07468ADB17469ADB2746AADDD
:10EB5000B3746BADB4746CADB5746DADB6746EADAD
:10EB6000B7746FADB87470ADB97471ADBA74B7E8FD
:10EB7000BB7472ADBC7473ADBD7474ADBE7475AD51
:10EB8000BF7476ADC07477ADC17478ADC27479AD21
:10EB9000C3747AADC4747BADC5747CADC6747DADF1
:10EBA000C7747EADC87480ADC97481ADCA7482ADBE
:10EBB000CB7483ADCC7484ADCD7485ADCE7486AD8D
:10EBC000CF7487ADD07488ADD17489ADD274B6E8F6
:10EBD000D3748AADD4748BADD5748CADD6748DAD31
:10EBE000D7748EADD8748FADD97490ADDA7491AD01
:10EBF000DB7492ADDC74CFB9DD7493ADDE74ACF030
:10EC0000DF7494ADE074ADF0E17495ADE274B0C61C
:10EC1000E374EAB0E474BFC8E57496ADE674DFCD82
:10EC2000E77497ADE87498ADE97499ADEA749AAD5C
:10EC3000EB749BADEC749CADED749DADEE74CDCEDC
:10EC4000EF74B1EAF0749EADF1749FADF274A0ADB3
:10EC5000F37440AEF474B2EAF57441AEF674BFC614
:10EC6000F774C9B4F87442AEF97443AEFA7444AEA2
:10EC7000FB7445AEFC7446AEFD7447AEFE7448AE00
:10EC8000FF74B3EA007549AE01754AAE02754BAE2A
:10EC900003754CAE0475E7D505754DAE06754EAEE1
:10ECA00007754FAE087550AE097551AE0A7552AE74
:10ECB0000B7553AE0C7554AE0D75F9DD0E7555AE72
:10ECC0000F75B4EA107556AE1175B5EA127557AEE8
:10ECD0001375B6EA147558AE157559AE16755AAE59
:10ECE00017755BAE1875CAB81975B0DF1A75F5C916
:10ECF0001B755CAE1C75F0CC1D755DAE1E755EAEF1
:10ED00001F75FAC920755FAE217560AE227561AEC0
:10ED1000237562AE247563AE2575FBC9267564AE96
:10ED2000277565AE2875C3D32975A6CB2A7566AE3F
:10ED30002B75A6B82C75AEF02D75C2B12E7567AEC9
:10ED40002F75B8E53075EFCC3175C9D33275D7BCA6
:10ED50003375EAC9347568AE3575E7B5367569AE91
:10ED60003775D0C43875E9B539756AAE3A75AEEE07
:10ED70003B75ADBB3C756BAE3D756CAE3E75DEE76D
:10ED80003F756DAE4075AFEE41756EAE42756FAEBC
:10ED9000437570AE447571AE4575A9B3467572AED4
:10EDA000477573AE4875B2EE497574AE4A7575AE67
:10EDB0004B75B1EE4C75E7BD4D7576AE4E75B0EE48
:10EDC0004F75B7CE507577AE517578AE527579AE36
:10EDD00053757AAE5475CFC555757BAE56757CAEFE
:10EDE00057757DAE58757EAE5975F4C15A75CEDB38
:10EDF0005B75B3EE5C75F3D05D7580AE5E7581AE0C
:10EE00005F7582AE607583AE617584AE627585AEE6
:10EE1000637586AE647587AE6575D4C26675E8C6DF
:10EE2000677588AE687589AE69758AAE6A75ACB764
:10EE30006B758BAE6C758CAE6D758DAE6E758EAE62
:10EE40006F758FAE707590AE717591AE7275B4EED0
:10EE5000737592AE7475EBB3757593AE767594AEAB
:10EE6000777595AE7875FBBB7975B5EE7A7596AE0C
:10EE70007B7597AE7C7598AE7D7599AE7E759AAEB2
:10EE80007F75DCE780759BAE81759CAE82759DAE0B
:10EE90008375B6EE84759EAE85759FAE8675AEBDE4
:10EEA0008775A0AE887540AF897541AF8A7542AF4E
:10EEB0008B75E2F18C7543AF8D7544AF8E7545AFA0
:10EEC0008F75E8CA907546AF9175C9D29275DAF020
:10EED000937547AF9475DBF0957548AF9675DCF088
:10EEE0009775C6C1987549AF9975EDB89A75CEBE3C
:10EEF0009B754AAF9C754BAF9D75DEF09E754CAF10
:10EF00009F75B1C5A075DDF0A175F1D1A2754DAFAA
:10EF1000A375E0F0A475CCB0A575EABDA6754EAF9B
:10EF2000A7754FAFA87550AFA97551AFAA7552AF6D
:10EF3000AB75DFD2AC75DFF0AD7553AFAE75AFB466
:10EF4000AF75E8B7B075E6F0B175E5F0B275A3C678
:10EF5000B375E1F0B475E2F0B575C3B4B67554AFEE
:10EF6000B77555AFB875E3F0B975EED5BA7556AF4C
:10EF7000BB7557AFBC75DBCCBD75D2BEBE75B2BC20
:10EF8000BF7558AFC07559AFC1755AAFC275E8F0BB
:10EF9000C375E7F0C475E4F0C575A1B2C6755BAF83
:10EFA000C775A2D6C875B8D3C975B7BECA75ACC87F
:10EFB000CB755CAFCC755DAFCD75EAF0CE755EAF4D
:10EFC000CF755FAFD07560AFD17561AFD275F7D136
:10EFD000D37562AFD475CCD6D575DBBAD675E9F0EA
:10EFE000D77563AFD875BBB6D97564AFDA7565AF41
:10EFF000DB75B4CDDC7566AFDD7567AFDE75A6C6B3
:10F00000DF7568AFE07569AFE1756AAFE275A1C100
:10F01000E375EBF0E475EEF0E5756BAFE675EDF0DA
:10F02000E775F0F0E875ECF0E9756CAFEA75BEBB1A
:10F03000EB75EFF0EC756DAFED756EAFEE756FAF14
:10F04000EF7570AFF075B5CCF175F2F0F27571AF88
:10F05000F37572AFF475D5B3F57573AFF67574AF1C
:10F06000F77575AFF87576AFF975D4B1FA7577AFF6
:10F07000FB7578AFFC75F3F0FD7579AFFE757AAF6F
:10F08000FF75F4F00076F6F00176E1B402767BAF1E
:10F090000376F1F004767CAF0576F7F006767DAF67
:10F0A00007767EAF087680AF097681AF0A76FAF0F0
:10F0B0000B7682AF0C76F8F00D7683AF0E7684AFC8
:10F0C0000F7685AF1076F5F0117686AF127687AFA2
:10F0D000137688AF147689AF1576FDF016768AAF71
:10F0E0001776F9F01876FCF01976FEF01A768BAFE9
:10F0F0001B76A1F11C768CAF1D768DAF1E768EAF80
:10F100001F76C1CE2076A4F121768FAF2276A3F1AF
:10F11000237690AF2476F6C12576FBF02676DDCAFD
:10F12000277691AF287692AF2976F1B42A76F1B19D
:10F130002B76B1CC2C7693AF2D76A6F12E7694AFAC
:10F140002F7695AF3076A7F1317696AF327697AFBE
:10F150003376ACF13476CED53576A9F1367698AFE4
:10F16000377699AF3876B3C839769AAF3A769BAF8F
:10F170003B769CAF3C76A2F13D769DAF3E76ABF1FF
:10F180003F76A8F14076A5F141769EAF42769FAFDB
:10F190004376AAF14476A0AF457640B0467641B0BA
:10F1A000477642B0487643B0497644B04A7645B097
:10F1B0004B7646B04C76A9B04D76ADF14E7647B061
:10F1C0004F7648B0507649B051764AB052764BB03F
:10F1D00053764CB05476AFF155764DB05676B1F1CA
:10F1E00057764EB058764FB0597650B05A7651B0E7
:10F1F0005B7652B05C76B0F15D7653B05E76AEF180
:10F200005F7654B0607655B0617656B0627657B08E
:10F210006376A2D1647658B0657659B066765AB0F6
:10F2200067765BB068765CB069765DB06A765EB032
:10F230006B76B2F16C765FB06D7660B06E7661B071
:10F240006F76B3F1707662B0717663B0727664B047
:10F25000737665B0747666B0757667B0767668B0AA
:10F26000777669B07876EFB979766AB07A766BB0EE
:10F270007B76C7B57C766CB07D76D7B07E76D9B01C
:10F280007F766DB080766EB081766FB08276EDD489
:10F29000837670B08476C4B5857671B08676D4BD39
:10F2A0008776CABB8876A7F0897672B08A7673B003
:10F2B0008B76DEB88C7674B08D7675B08E76A8F0CD
:10F2C0008F7676B0907677B09176A8B0927678B057
:10F2D0009376A9F0947679B095767AB09676EECD5D
:10F2E00097767BB098767CB09976AAF09A767DB0C6
:10F2F0009B767EB09C7680B09D7681B09E7682B003
:10F300009F7683B0A07684B0A17685B0A27686B0D1
:10F31000A37687B0A476ABF0A57688B0A67689B040
:10F32000A7768AB0A8768BB0A9768CB0AA768DB075
:10F33000AB768EB0AC768FB0AD7690B0AE76A4C61C
:10F34000AF7691B0B07692B0B176E5D6B276E4F110
:10F35000B37693B0B476E5F1B57694B0B67695B061
:10F36000B77696B0B87697B0B97698B0BA7699B0C5
:10F37000BB769AB0BC769BB0BD769CB0BE769DB095
:10F38000BF76F3C3C0769EB0C1769FB0C276DBD3A2
:10F39000C376A0B0C47640B1C576D1D6C676E8C5EE
:10F3A000C77641B1C876AFD3C97642B1CA76E6D244
:10F3B000CB7643B1CC7644B1CD76C1EECE76BBB040
:10F3C000CF76B5D5D076CED1D176E0BCD276D0BAD4
:10F3D000D37645B1D476F8BFD57646B1D676C7B8E0
:10F3E000D776C1B5D876CCC5D97647B1DA7648B1EB
:10F3F000DB76A2CADC7649B1DD764AB1DE764BB166
:10F40000DF76CBC3E0764CB1E1764DB1E2764EB11A
:10F41000E3764FB1E47650B1E576C2EEE67651B1CF
:10F42000E77652B1E87653B1E97654B1EA7655B150
:10F43000EB7656B1EC7657B1ED7658B1EE76BFC4A7
:10F44000EF76A2B6F07659B1F176ECEDF276A4C380
:10F45000F3765AB1F476B1D6F5765BB1F6765CB157
:10F46000F7765DB1F876E0CFF976EFEDFA765EB13A
:10F47000FB765FB1FC76CEC5FD7660B1FE76DCB67C
:10F48000FF7661B1007762B10177A1CA027763B1FB
:10F49000037764B10477EDED057765B1067766B162
:10F4A0000777F0ED0877F1ED0977BCC30A7767B10C
:10F4B0000B77B4BF0C7768B10D77EEED0E7769B1BD
:10F4C0000F776AB110776BB111776CB112776DB1AC
:10F4D00013776EB114776FB1157770B1167771B17C
:10F4E000177772B1187773B11977F4ED1A77F2EDD7
:10F4F0001B7774B11C7775B11D7776B11E7777B124
:10F500001F77E6D52077DFC3217778B12277F3ED37
:10F51000237779B124777AB125777BB12677F6ED19
:10F5200027777CB12877A3D52977A3D12A777DB116
:10F530002B777EB12C7780B12D77F5ED2E7781B1C9
:10F540002F77D0C3307782B1317783B1327784B1EE
:10F55000337785B1347786B13577F7ED3677F4BFF9
:10F560003777ECBE3877F8ED397787B13A77F7CC53
:10F570003B7788B13C77DBD13D7789B13E778AB163
:10F580003F778BB14077C5D74177F6D542778CB1BD
:10F590004377FCED44778DB145778EB146778FB1D7
:10F5A0004777FBED487790B1497791B14A7792B1AF
:10F5B0004B7793B14C7794B14D7795B14E7796B127
:10F5C0004F7797B15077F9ED5177FAED527798B1BF
:10F5D000537799B154779AB155779BB156779CB1CF
:10F5E00057779DB158779EB159779FB15A77FDED06
:10F5F0005B77A6BE5C77A0B15D7740B25E7741B223
:10F600005F7742B2607743B26177AFCB6277A1EEAA
:10F610006377BDB6647744B26577A2EE6677C0C4FF
:10F62000677745B26877FEED697746B26A7747B289
:10F630006B77DEBD6C77C7B26D7748B26E7749B233
:10F640006F774AB270774BB271774CB272774DB226
:10F6500073774EB274774FB2757750B2767751B2F6
:10F66000777752B2787753B27977C3B67A7754B254
:10F670007B7755B27C7756B27D77A5EE7E77BAD888
:10F680007F77A3EE8077A6EE817757B2827758B264
:10F69000837759B28477E9C38577F2B386775AB214
:10F6A00087775BB288775CB289775DB28A775EB222
:10F6B0008B775FB28C77A7EE8D77A4EE8E77B9CF7C
:10F6C0008F7760B2907761B29177A8EE9277F7C2A8
:10F6D000937762B2947763B2957764B2967765B2A6
:10F6E000977766B2987767B2997768B29A7769B276
:10F6F0009B776AB29C776BB29D776CB29E776DB246
:10F700009F77A9EEA077AAEEA1776EB2A277ABDEC3
:10F71000A3776FB2A47770B2A577B3C6A67771B29C
:10F72000A777C6C7A87772B2A977F5D6AA77C9B561
:10F73000AB7773B2AC77B2CBAD7774B2AE7775B24C
:10F74000AF7776B2B077ABEEB17777B2B27778B207
:10F75000B377ABCDB47779B2B577ACEEB6777AB292
:10F76000B7777BB2B8777CB2B9777DB2BA777EB221
:10F77000BB77B0D5BC7780B2BD77ADEEBE7781B236
:10F78000BF77C4F6C07782B2C17783B2C27784B242
:10F79000C37785B2C47786B2C57787B2C67788B299
:10F7A000C77789B2C8778AB2C9778BB2CA778CB269
:10F7B000CB778DB2CC778EB2CD77C7DBCE778FB2D9
:10F7C000CF7790B2D07791B2D17792B2D27793B20D
:10F7D000D37794B2D47795B2D57796B2D67797B2DD
:10F7E000D777A3B4D87798B2D97799B2DA779AB2A3
:10F7F000DB77ACC3DC77E6F1DD779BB2DE779CB2DA
:10F80000DF779DB2E0779EB2E1779FB2E277B8CA28
:10F81000E377D3D2E477A0B2E577AAD6E67740B310
:10F82000E777F2EFE87741B3E977D8BEEA7742B3FA
:10F83000EB77C3BDEC77F3EFED77CCB6EE77ABB0FB
:10F84000EF7743B3F07744B3F17745B3F27746B33C
:10F85000F377AFCAF47747B3F57748B3F677B6EDE9
:10F86000F77749B3F877B7EDF9774AB3FA774BB33F
:10F87000FB774CB3FC774DB3FD77F9CEFE77AFB78E
:10F88000FF77F3BF0078B8ED0178EBC20278B0C91A
:10F8900003784EB304784FB3057850B3067851B36C
:10F8A000077852B3087853B30978B9ED0A7854B39E
:10F8B0000B7855B30C78F6C60D78B3BF0E7856B3F7
:10F8C0000F7857B3107858B31178BCED1278F8C59B
:10F8D000137859B31478D0D115785AB31678A9D7BC
:10F8E0001778BAED1878BBED19785BB31A78E2D1C6
:10F8F0001B785CB31C78BFED1D78C0ED1E785DB33E
:10F900001F78C4ED20785EB321785FB3227860B3AE
:10F910002378C8ED247861B32578C6ED2678CEED3E
:10F920002778E8D5287862B32978C9ED2A7863B3B7
:10F930002B7864B32C78C7ED2D78BEED2E7865B3A7
:10F940002F7866B33078E9C5317867B3327868B319
:10F95000337869B33478C6C635786AB336786BB312
:10F960003778E9C93878D2D43978C1ED3A78C2ED20
:10F970003B78C3ED3C78C5ED3D786CB33E78F9C07B
:10F980003F786DB34078A1B441786EB342786FB3DD
:10F99000437870B3447871B34578E8B9467872B368
:10F9A0004778D0ED487873B3497874B34A7875B323
:10F9B0004B7876B34C78D1ED4D7877B34E78CAED6D
:10F9C0004F7878B35078CFED517879B35278F8CE3C
:10F9D00053787AB354787BB35578B6CB5678CCED60
:10F9E0005778CDED58787CB359787DB35A787EB38B
:10F9F0005B7880B35C7881B35D78F5CF5E7882B355
:10FA00005F7883B3607884B3617885B3627886B3B6
:10FA1000637887B3647888B3657889B366788AB386
:10FA200067788BB368788CB369788DB36A78D2EDD8
:10FA30006B78F2C16C78B2D36D78CBED6E78B7C8C5
:10FA40006F788EB370788FB3717890B3727891B30A
:10FA5000737892B3747893B3757894B3767895B3DA
:10FA60007778EFBC787896B3797897B37A7898B34B
:10FA70007B7899B37C78F0C57D789AB37E789BB318
:10FA80007F789CB380789DB381789EB382789FB352
:10FA90008378A0B3847840B4857841B4867842B442
:10FAA0008778D6ED887843B48978EFB58A7844B4FE
:10FAB0008B7845B48C78B5C28D78ADB08E78E9CBB3
:10FAC0008F7846B4907847B49178AEB1927848B4C4
:10FAD0009378D4ED947849B495784AB496784BB439
:10FAE0009778EBCD9878E2B599784CB49A78D5EDC3
:10FAF0009B78D3ED9C78D7ED9D784DB49E784EB42D
:10FB00009F78FAB5A0784FB4A178D8EDA27850B418
:10FB1000A378D9EDA47851B4A578DCEDA67852B4D9
:10FB2000A778CCB1A87853B4A97854B4AA7855B4BE
:10FB3000AB7856B4AC7857B4AD7858B4AE7859B405
:10FB4000AF785AB4B078F6C5B178EEBCB278DAEDD9
:10FB5000B378BCCCB478EAB2B5785BB4B6785CB4B0
:10FB6000B7785DB4B8785EB4B978DBEDBA785FB4D5
:10FB7000BB7860B4BC7861B4BD7862B4BE78EBC4C5
:10FB8000BF7863B4C07864B4C178C5B4C27865B4D2
:10FB9000C37866B4C47867B4C578F5B0C67868B47D
:10FBA000C77869B4C8786AB4C978DFEDCA78DAC0B2
:10FBB000CB78E8B4CC786BB4CD786CB4CE786DB437
:10FBC000CF786EB4D078CDC5D1786FB4D27870B418
:10FBD000D37871B4D478DDEDD578C4BFD67872B45B
:10FBE000D77873B4D87874B4D978DEEDDA7875B490
:10FBF000DB7876B4DC7877B4DD7878B4DE7879B405
:10FC0000DF787AB4E0787BB4E1787CB4E2787DB4D4
:10FC1000E3787EB4E47880B4E57881B4E67882B4A1
:10FC2000E77883B4E878A5C4E97884B4EA7885B441
:10FC3000EB7886B4EC78E0EDED7887B4EE7888B4B4
:10FC4000EF7889B4F0788AB4F1788BB4F278E1ED8A
:10FC5000F3788CB4F478E3EDF5788DB4F6788EB45F
:10FC6000F778D7C1F8788FB4F97890B4FA78C7BB31
:10FC7000FB7891B4FC7892B4FD7893B4FE7894B498
:10FC8000FF7895B4007996B40179B8BD027997B43C
:10FC9000037998B4047999B40579E2ED06799AB4B8
:10FCA00007799BB408799CB409799DB40A799EB40C
:10FCB0000B799FB40C79A0B40D7940B50E7941B59C
:10FCC0000F7942B5107943B5117944B5127945B52C
:10FCD0001379E4ED147946B5157947B5167948B529
:10FCE000177949B518794AB519794BB51A794CB5D0
:10FCF0001B794DB51C794EB51D794FB51E79E6EDD2
:10FD00001F7950B5207951B5217952B5227953B573
:10FD1000237954B52479E5ED257955B5267956B57D
:10FD2000277957B5287958B5297959B52A795AB517
:10FD30002B795BB52C795CB52D795DB52E795EB5E7
:10FD40002F795FB5307960B5317961B5327962B5B7
:10FD5000337963B53479E7ED357964B5367965B5CE
:10FD6000377966B5387967B5397968B53A79BECAF1
:10FD70003B79EAEC3C79F1C03D7969B53E79E7C958
:10FD80003F796AB54079EBEC4179EEC642796BB5C3
:10FD900043796CB544796DB545796EB54679ECEC2F
:10FDA00047796FB54879EDC64979EDEC4A7970B578
:10FDB0004B7971B54C7972B54D7973B54E7974B58F
:10FDC0004F7975B5507976B5517977B5527978B55F
:10FDD0005379F0EC547979B555797AB55679E6D7F7
:10FDE0005779F3EC58797BB559797CB55A79F1ECB0
:10FDF0005B79EEEC5C79EFEC5D79A3D75E79F1C9C4
:10FE00005F79EECB6079F4EC61797DB56279F2ECE3
:10FE100063797EB5647980B56579E9CF667981B516
:10FE20006779F6EC6879B1C6697982B56A7983B584
:10FE30006B7984B56C7985B56D79C0BC6E7986B502
:10FE40006F79F5EC707987B5717988B5727989B574
:10FE500073798AB574798BB575798CB576798DB5EA
:10FE60007779BBB57879F6BB79798EB57A79F7EC85
:10FE70007B798FB57C7990B57D7991B57E7992B596
:10FE80007F7993B58079F7D98179FBBD827994B573
:10FE9000837995B58479BBC28579F8EC867996B576
:10FEA000877997B5887998B5897999B58A79F9EC80
:10FEB0008B799AB58C799BB58D799CB58E799DB5EA
:10FEC0008F79A3B890799EB591799FB59279A0B5B5
:10FED000937940B6947941B6957942B6967943B60E
:10FEE000977944B6987945B6997946B69A79FAECF5
:10FEF0009B7947B69C7948B69D7949B69E794AB6B2
:10FF00009F794BB6A0794CB6A1794DB6A2794EB681
:10FF1000A3794FB6A47950B6A57951B6A67952B651
:10FF2000A779FBECA87953B6A97954B6AA7955B646
:10FF3000AB7956B6AC7957B6AD7958B6AE7959B6F5
:10FF4000AF795AB6B0795BB6B1795CB6B2795DB6C5
:10FF5000B379FCECB4795EB6B5795FB6B67960B6C4
:10FF6000B77961B6B87962B6B979EDD3BA79AED856
:10FF7000BB79EBC0BC7963B6BD79DDC7BE79CCBABD
:10FF8000BF7964B6C079E3D0C179BDCBC27965B61B
:10FF9000C379BACDC47966B6C57967B6C679D1B822
:10FFA000C77968B6C87969B6C979FCB1CA796AB641
:10FFB000CB79EFC7CC796BB6CD79D6D6CE796CB686
:10FFC000CF796DB6D0796EB6D179C6BFD279EBC391
:10FFD000D3796FB6D47970B6D579F5EFD67971B695
:10FFE000D77972B6D879D8C3D97973B6DA7974B6B5
:10FFF000DB7975B6DC7976B6DD7977B6DE7978B6F9
:020000040801F1
:10000000DF79E2D7E07979B6E1797AB6E2797BB641
:10001000E379F7EFE479D3B3E5797CB6E679D8C72D
:10002000E779EDD1E8797DB6E979C8D6EA797EB687
:10003000EB79F8EFEC7980B6ED79F6EFEE7981B6F1
:10004000EF79FDBBF079C6B3F17982B6F27983B668
:10005000F37984B6F47985B6F57986B6F67987B6FC
:10006000F77988B6F879D5BDF97989B6FA798AB67B
:10007000FB79C6D2FC798BB6FD79E0BBFE798CB6F4
:10008000FF798DB6007AA1CF017A8EB6027AFCEFA5
:10009000037AFBEF047A8FB6057A90B6067AF9EF09
:1000A000077A91B6087A92B6097A93B60A7A94B624
:1000B0000B7ACCB30C7A95B60D7AD4C90E7AB0CB44
:1000C0000F7A96B6107A97B6117A98B6127A99B6D0
:1000D000137A9AB6147AFEEF157A9BB6167A9CB606
:1000E000177ADEB0187A9DB6197A9EB61A7AC9D6F2
:1000F0001B7A9FB61C7AA0B61D7A40B71E7AFDEF18
:100100001F7A41B7207AEDB3217A42B7227A43B7FA
:10011000237AD5F6247A44B7257A45B7267A46B7A6
:10012000277A47B7287A48B7297A49B72A7A4AB747
:100130002B7A4BB72C7A4CB72D7A4DB72E7A4EB717
:100140002F7A4FB7307A50B7317A51B7327A52B7E7
:10015000337AC8CE347A53B7357A54B7367A55B72E
:10016000377AA2F0387A56B7397AA1F03A7A57B787
:100170003B7ABEB53C7ADABC3D7AFCBB3E7A58B7D6
:100180003F7AE5B8407A59B7417A5AB7427A5BB7B5
:10019000437A5CB7447A5DB7457A5EB7467AC2C4A3
:1001A000477A5FB7487A60B7497A61B74A7A62B7E7
:1001B0004B7A63B74C7A64B74D7A65B74E7A66B7B7
:1001C0004F7A67B7507A68B7517AA3F0527A69B715
:1001D000537A6AB7547A6BB7557A6CB7567A6DB75B
:1001E000577AEBCB587A6EB7597A6FB75A7A70B79D
:1001F0005B7A71B75C7A72B75D7A73B75E7A74B7FF
:100200005F7A75B7607A76B7617A77B7627A78B7CE
:10021000637A79B7647A7AB7657A7BB7667A7CB79E
:10022000677A7DB7687A7EB7697A80B76A7A81B76C
:100230006B7A82B76C7A83B76D7A84B76E7A85B73A
:100240006F7A86B7707AA6F0717A87B7727A88B7B4
:10025000737A89B7747AA8D1757A8AB7767ABFBE6D
:10026000777AEEC7787AB6F1797AB7F17A7AD5BF2C
:100270007B7A8BB77C7A8CB77D7A8DB77E7A8EB796
:100280007F7AA9B4807AB8F1817ABBCD827A8FB7B0
:10029000837AD4C7847AADD5857A90B7867AB9F156
:1002A000877A91B7887ABAF1897A92B78A7A93B7BE
:1002B0008B7A94B78C7A95B78D7ACFC78E7A96B7AA
:1002C0008F7A97B7907A98B7917AA4D2927ACFD64C
:1002D000937A99B7947A9AB7957ABBF1967AD1BD09
:1002E000977AB0B4987ABDBE997A9BB79A7A9CB740
:1002F0009B7A9DB79C7ADCB49D7AD1CE9E7A9EB7CC
:100300009F7ADFBFA07ABDF1A17A9FB7A27AA0B78A
:10031000A37A40B8A47A41B8A57AFABFA67ABCF10C
:10032000A77A42B8A87ABFF1A97A43B8AA7A44B8A2
:10033000AB7A45B8AC7ABEF1AD7AC0F1AE7A46B8C8
:10034000AF7A47B8B07A48B8B17A49B8B27A4AB801
:10035000B37AC1F1B47A4BB8B57A4CB8B67A4DB825
:10036000B77A4EB8B87A4FB8B97A50B8BA7A51B8A5
:10037000BB7A52B8BC7A53B8BD7A54B8BE7A55B875
:10038000BF7AFEC1C07A56B8C17A57B8C27A58B897
:10039000C37A59B8C47A5AB8C57A5BB8C67A5CB819
:1003A000C77A5DB8C87A5EB8C97A5FB8CA7A60B8E9
:1003B000CB7AA2C1CC7A61B8CD7A62B8CE7A63B872
:1003C000CF7A64B8D07A65B8D17A66B8D27A67B88D
:1003D000D37A68B8D47A69B8D57A6AB8D67AFACABC
:1003E000D77A6BB8D87A6CB8D97ABED5DA7A6DB8C4
:1003F000DB7A6EB8DC7A6FB8DD7A70B8DE7ABABEB6
:10040000DF7AB9BEE07AC2D5E17A71B8E27A72B821
:10041000E37AA2BFE47A73B8E57AAFCDE67AB5F1B4
:10042000E77A74B8E87A75B8E97A76B8EA7A77B88C
:10043000EB7A78B8EC7A79B8ED7ADFBDEE7A7AB8F3
:10044000EF7ACBB6F07A7BB8F17A7CB8F27A7DB8E5
:10045000F37A7EB8F47A80B8F57A81B8F67A82B801
:10046000F77A83B8F87A84B8F97AF1D6FA7AC3F3CE
:10047000FB7A85B8FC7A86B8FD7AC4F3FE7A87B831
:10048000FF7ACDB8007B88B8017B89B8027B8AB837
:10049000037BC6F3047BC7F3057B8BB8067BCAB02E
:1004A000077B8CB8087BC5F3097B8DB80A7BC9F341
:1004B0000B7BF1CB0C7B8EB80D7B8FB80E7B90B88D
:1004C0000F7BCBF3107B91B8117BA6D0127B92B837
:1004D000137B93B8147BCAB1157BC8F3167B94B811
:1004E000177B95B8187B96B8197BCFF31A7B97B812
:1004F0001B7BD1B51C7B98B81D7B99B81E7BD7F3AD
:100500001F7B9AB8207BD2F3217B9BB8227B9CB8BF
:10051000237B9DB8247BD4F3257BD3F3267BFBB7C9
:10052000277B9EB8287BBFB1297B9FB82A7BCEF35F
:100530002B7BCAF32C7BDAB52D7BA0B82E7BD0F3B6
:100540002F7B40B9307B41B9317BD1F3327B42B94B
:10055000337BD5F3347B43B9357B44B9367B45B91E
:10056000377B46B9387BCDF3397B47B93A7BE3BC5F
:100570003B7B48B93C7BFDC13D7B49B93E7BD6F313
:100580003F7B4AB9407B4BB9417B4CB9427B4DB96B
:10059000437B4EB9447B4FB9457BDAF3467B50B978
:1005A000477BCCF3487B51B9497BC8B54A7B52B9EC
:1005B0004B7BEEBD4C7BDCF34D7B53B94E7B54B98A
:1005C0004F7BA4B7507BF0BF517BFED6527BB2CDA0
:1005D000537B55B9547BF0B4557B56B9567BDFB28B
:1005E000577B57B9587BD8F3597B58B95A7BD9F305
:1005F0005B7BB8C95C7B59B95D7BDDF35E7B5AB927
:100600005F7B5BB9607BDEF3617B5CB9627BE1F3AE
:10061000637B5DB9647B5EB9657B5FB9667B60B9FE
:10062000677B61B9687B62B9697B63B96A7B64B9CE
:100630006B7B65B96C7B66B96D7B67B96E7BDFF3ED
:100640006F7B68B9707B69B9717BE3F3727BE2F30E
:10065000737B6AB9747B6BB9757BDBF3767B6CB9A2
:10066000777BEABF787B6DB9797BEFB37A7B6EB924
:100670007B7BE0F37C7B6FB97D7B70B97E7BA9C708
:100680007F7B71B9807BF2BC817B72B9827B73B94D
:10069000837B74B9847B75B9857BEBF3867B76B9F4
:1006A000877B77B9887B78B9897B79B98A7B7AB976
:1006B0008B7B7BB98C7B7CB98D7BBFB98E7B7DB905
:1006C0008F7B7EB9907BE4F3917B80B9927B81B97B
:1006D000937B82B9947BADB2957BFEBB967B83B94D
:1006E000977BE3CB987B84B9997B85B99A7B86B954
:1006F0009B7B87B99C7BEDF39D7BE9F39E7B88B95F
:100700009F7B89B9A07B8AB9A17BDCB9A27BEEF380
:10071000A37B8BB9A47B8CB9A57B8DB9A67BE5F3B4
:10072000A77BE6F3A87BEAF3A97BE1C2AA7BECF303
:10073000AB7BEFF3AC7BE8F3AD7BFDBCAE7B8EB95E
:10074000AF7B8FB9B07B90B9B17BE4CFB27B91B96D
:10075000B37B92B9B47BF0F3B57B93B9B67B94B914
:10076000B77B95B9B87BE7F3B97B96B9BA7B97B9F4
:10077000BB7B98B9BC7B99B9BD7B9AB9BE7B9BB951
:10078000BF7B9CB9C07B9DB9C17BF2F3C27B9EB994
:10079000C37B9FB9C47BA0B9C57B40BAC67BADD72C
:1007A000C77BAAC6C87B41BAC97B42BACA7B43BAD7
:1007B000CB7B44BACC7BF3F3CD7B45BACE7B46BA38
:1007C000CF7B47BAD07B48BAD17BF1F3D27B49BA11
:1007D000D37BA8C2D47B4ABAD57B4BBAD67B4CBA62
:1007E000D77B4DBAD87B4EBAD97BDDB8DA7BF5F32F
:1007F000DB7B4FBADC7B50BADD7BF4F3DE7B51BA96
:10080000DF7B52BAE07B53BAE17BDBB4E27B54BAC4
:10081000E37B55BAE47B56BAE57BF6F3E67BF7F368
:10082000E77B57BAE87B58BAE97B59BAEA7BF8F319
:10083000EB7B5ABAEC7B5BBAED7B5CBAEE7BBAC061
:10084000EF7B5DBAF07B5EBAF17BE9C0F27B5FBA09
:10085000F37B60BAF47B61BAF57B62BAF67B63BA6C
:10086000F77BF1C5F87B64BAF97B65BAFA7B66BAA7
:10087000FB7B67BAFC7BFBF3FD7B68BAFE7BFAF37C
:10088000FF7B69BA007C6ABA017C6BBA027C6CBAE5
:10089000037C6DBA047C6EBA057C6FBA067C70BAB4
:1008A000077CD8B4087C71BA097C72BA0A7C73BA26
:1008B0000B7CFEF30C7CF9F30D7C74BA0E7C75BADC
:1008C0000F7CFCF3107C76BA117C77BA127C78BA74
:1008D000137C79BA147C7ABA157C7BBA167CFDF34A
:1008E000177C7CBA187C7DBA197C7EBA1A7C80BAD7
:1008F0001B7C81BA1C7C82BA1D7C83BA1E7C84BAA4
:100900001F7CA1F4207C85BA217C86BA227C87BA20
:10091000237C88BA247C89BA257C8ABA267CA3F4F5
:10092000277CC9BB287C8BBA297C8CBA2A7CA2F490
:100930002B7C8DBA2C7C8EBA2D7C8FBA2E7C90BAF3
:100940002F7C91BA307C92BA317C93BA327C94BAC3
:10095000337C95BA347C96BA357C97BA367C98BA93
:10096000377C99BA387CA4F4397C9ABA3A7C9BBA21
:100970003B7C9CBA3C7C9DBA3D7C9EBA3E7C9FBA37
:100980003F7CBEB2407CA6F4417CA5F4427CA0BA78
:10099000437C40BB447C41BB457C42BB467C43BB63
:1009A000477C44BB487C45BB497C46BB4A7C47BB33
:1009B0004B7C48BB4C7C49BB4D7CAEBC4E7C4ABB9F
:1009C0004F7C4BBB507C4CBB517C4DBB527C4EBBD7
:1009D000537C4FBB547C50BB557C51BB567C52BBA7
:1009E000577C53BB587C54BB597C55BB5A7C56BB77
:1009F0005B7C57BB5C7C58BB5D7C59BB5E7C5ABB47
:100A00005F7C5BBB607C5CBB617C5DBB627C5EBB16
:100A1000637C5FBB647C60BB657C61BB667C62BBE6
:100A2000677C63BB687C64BB697C65BB6A7C66BBB6
:100A30006B7C67BB6C7C68BB6D7C69BB6E7C6ABB86
:100A40006F7C6BBB707C6CBB717C6DBB727C6EBB56
:100A5000737CD7C3747CE1D9757C6FBB767C70BB2B
:100A6000777C71BB787C72BB797C73BB7A7C74BBFE
:100A70007B7CE0C07C7CCCF47D7CD1D77E7C75BB5C
:100A80007F7C76BB807C77BB817C78BB827C79BBAA
:100A9000837C7ABB847C7BBB857C7CBB867C7DBB7A
:100AA000877C7EBB887C80BB897CDBB78A7C81BBF2
:100AB0008B7C82BB8C7C83BB8D7C84BB8E7C85BB1A
:100AC0008F7C86BB907C87BB917CCEF4927CA3C14B
:100AD000937C88BB947C89BB957CC9C6967C8ABB79
:100AE000977CD6B4987CB3D5997C8BBB9A7C8CBB15
:100AF0009B7C8DBB9C7CD0F49D7CCFF49E7CD1F400
:100B00009F7CDACBA07C8EBBA17C8FBBA27CD2F475
:100B1000A37C90BBA47CC1D4A57CE0D6A67C91BB71
:100B2000A77C92BBA87C93BBA97C94BBAA7CE0B7B2
:100B3000AB7C95BBAC7C96BBAD7C97BBAE7CB8C1A7
:100B4000AF7C98BBB07C99BBB17CBBC1B27CD3F409
:100B5000B37CACBEB47C9ABBB57C9BBBB67C9CBB67
:100B6000B77C9DBBB87C9EBBB97CE2B4BA7C9FBB12
:100B7000BB7CA0BBBC7CD4F4BD7CD5F4BE7CABBE3E
:100B8000BF7C40BCC07C41BCC17CD6F4C27C42BCB2
:100B9000C37C43BCC47C44BCC57CDBF4C67C45BC84
:100BA000C77CD7F4C87CDAF4C97C46BCCA7CFDBAE1
:100BB000CB7C47BCCC7CD8F4CD7CD9F4CE7C48BC73
:100BC000CF7C49BCD07C4ABCD17C4BBCD27C4CBCD9
:100BD000D37C4DBCD47C4EBCD57CE2B8D67CC7CC93
:100BE000D77CDCF4D87C4FBCD97CDAB2DA7C50BC40
:100BF000DB7C51BCDC7CD3C3DD7C52BCDE7C53BCD3
:100C0000DF7CE3D4E07CB7BFE17C54BCE27C55BC24
:100C1000E37C56BCE47C57BCE57C58BCE67C59BC04
:100C2000E77C5ABCE87CDDF4E97C5BBCEA7C5CBC1C
:100C3000EB7C5DBCEC7C5EBCED7C5FBCEE7C60BCA8
:100C4000EF7CB4C5F07C61BCF17C62BCF27C63BC1F
:100C5000F37C64BCF47C65BCF57C66BCF67C67BC4C
:100C6000F77C68BCF87CE9F4F97C69BCFA7C6ABC66
:100C7000FB7CB5CFFC7C6BBCFD7C6CBCFE7C6DBC96
:100C8000FF7C6EBC007D6FBC017D70BC027D71BCC1
:100C9000037D72BC047D73BC057D74BC067D75BC90
:100CA000077D76BC087D77BC097D78BC0A7DC9CEFE
:100CB0000B7D79BC0C7D7ABC0D7D7BBC0E7D7CBC34
:100CC0000F7D7DBC107D7EBC117D80BC127D81BC02
:100CD000137D82BC147D83BC157D84BC167D85BCD0
:100CE000177D86BC187D87BC197D88BC1A7D89BCA0
:100CF0001B7D8ABC1C7D8BBC1D7D8CBC1E7D8DBC70
:100D00001F7D8EBC207DD8CB217D8FBC227DF7CB73
:100D1000237D90BC247D91BC257D92BC267D93BC17
:100D2000277DF4BD287D94BC297D95BC2A7D96BC89
:100D30002B7DCFD72C7D97BC2D7D98BC2E7D99BC6B
:100D40002F7DDBC0307D9ABC317D9BBC327D9CBC4D
:100D5000337D9DBC347D9EBC357D9FBC367DA0BC63
:100D6000377D40BD387D41BD397D42BD3A7D43BDB3
:100D70003B7D44BD3C7D45BD3D7D46BD3E7D47BD83
:100D80003F7D48BD407D49BD417D4ABD427D4BBD53
:100D9000437D4CBD447D4DBD457D4EBD467D4FBD23
:100DA000477D50BD487D51BD497D52BD4A7D53BDF3
:100DB0004B7D54BD4C7D55BD4D7D56BD4E7D57BDC3
:100DC0004F7D58BD507D59BD517D5ABD527D5BBD93
:100DD000537D5CBD547D5DBD557D5EBD567D5FBD63
:100DE000577D60BD587D61BD597D62BD5A7D63BD33
:100DF0005B7D64BD5C7D65BD5D7D66BD5E7D67BD03
:100E00005F7D68BD607D69BD617D6ABD627D6BBDD2
:100E1000637D6CBD647D6DBD657D6EBD667D6FBDA2
:100E2000677D70BD687D71BD697D72BD6A7D73BD72
:100E30006B7D74BD6C7D75BD6D7D76BD6E7DF5D0B1
:100E40006F7D77BD707D78BD717D79BD727D7ABD16
:100E5000737D7BBD747D7CBD757D7DBD767D7EBDE6
:100E6000777DEAF4787D80BD797D81BD7A7D82BD14
:100E70007B7D83BD7C7D84BD7D7D85BD7E7D86BD86
:100E80007F7D87BD807D88BD817D89BD827D8ABD56
:100E9000837D8BBD847D8CBD857D8DBD867D8EBD26
:100EA000877D8FBD887D90BD897D91BD8A7D92BDF6
:100EB0008B7D93BD8C7D94BD8D7D95BD8E7D96BDC6
:100EC0008F7D97BD907D98BD917D99BD927D9ABD96
:100ED000937D9BBD947D9CBD957D9DBD967D9EBD66
:100EE000977D9FBD987DA0BD997D40BE9A7D41BEF6
:100EF0009B7D42BE9C7D43BE9D7D44BE9E7D45BE86
:100F00009F7D46BEA07D47BEA17D48BEA27D49BE55
:100F1000A37D4ABEA47D4BBEA57D4CBEA67DEBF451
:100F2000A77D4DBEA87D4EBEA97D4FBEAA7D50BEF9
:100F3000AB7D51BEAC7D52BEAD7D53BEAE7DECF4FB
:100F4000AF7D54BEB07D55BEB17D56BEB27D57BE9D
:100F5000B37D58BEB47D59BEB57D5ABEB67D5BBE6D
:100F6000B77D5CBEB87D5DBEB97D5EBEBA7D5FBE3D
:100F7000BB7D60BEBC7D61BEBD7D62BEBE7D63BE0D
:100F8000BF7D64BEC07D65BEC17D66BEC27D67BEDD
:100F9000C37D68BEC47D69BEC57D6ABEC67D6BBEAD
:100FA000C77D6CBEC87D6DBEC97D6EBECA7D6FBE7D
:100FB000CB7D70BECC7D71BECD7D72BECE7D73BE4D
:100FC000CF7D74BED07D75BED17D76BED27D77BE1D
:100FD000D37D78BED47D79BED57D7ABED67D7BBEED
:100FE000D77D7CBED87D7DBED97D7EBEDA7D80BEBC
:100FF000DB7D81BEDC7D82BEDD7D83BEDE7D84BE89
:10100000DF7D85BEE07D86BEE17D87BEE27D88BE58
:10101000E37D89BEE47D8ABEE57D8BBEE67D8CBE28
:10102000E77D8DBEE87D8EBEE97D8FBEEA7D90BEF8
:10103000EB7D91BEEC7D92BEED7D93BEEE7D94BEC8
:10104000EF7D95BEF07D96BEF17D97BEF27D98BE98
:10105000F37D99BEF47D9ABEF57D9BBEF67D9CBE68
:10106000F77D9DBEF87D9EBEF97D9FBEFA7DA0BE38
:10107000FB7D40BFFC7D41BFFD7D42BFFE7D43BF88
:10108000FF7D44BF007E45BF017E46BF027E47BF55
:10109000037E48BF047E49BF057E4ABF067E4BBF24
:1010A000077E4CBF087E4DBF097E4EBF0A7E4FBFF4
:1010B0000B7E50BF0C7E51BF0D7E52BF0E7E53BFC4
:1010C0000F7E54BF107E55BF117E56BF127E57BF94
:1010D000137E58BF147E59BF157E5ABF167E5BBF64
:1010E000177E5CBF187E5DBF197E5EBF1A7E5FBF34
:1010F0001B7E60BF1C7E61BF1D7E62BF1E7E63BF04
:101100001F7E64BF207E65BF217E66BF227E67BFD3
:10111000237E68BF247E69BF257E6ABF267E6BBFA3
:10112000277E6CBF287E6DBF297E6EBF2A7E6FBF73
:101130002B7E70BF2C7E71BF2D7E72BF2E7E73BF43
:101140002F7E74BF307E75BF317E76BF327E77BF13
:10115000337E78BF347E79BF357E7ABF367E7BBFE3
:10116000377E7CBF387E7DBF397E7EBF3A7E80BFB2
:101170003B7EE3F73C7E81BF3D7E82BF3E7E83BFE8
:101180003F7E84BF407E85BF417EB1B7427E86BF31
:10119000437E87BF447E88BF457E89BF467E8ABF27
:1011A000477EEDF4487E8BBF497E8CBF4A7E8DBF63
:1011B0004B7E8EBF4C7E8FBF4D7E90BF4E7E91BFCB
:1011C0004F7E92BF507E93BF517E94BF527E95BF9B
:1011D000537E96BF547E97BF557E98BF567E99BF6B
:1011E000577E9ABF587E9BBF597E9CBF5A7E9DBF3B
:1011F0005B7E9EBF5C7E9FBF5D7EA0BF5E7E40C06B
:101200005F7E41C0607E42C0617E43C0627E44C05A
:10121000637E45C0647E46C0657E47C0667E48C02A
:10122000677E49C0687E4AC0697E4BC06A7E4CC0FA
:101230006B7E4DC06C7E4EC06D7E4FC06E7E50C0CA
:101240006F7E51C0707E52C0717E53C0727E54C09A
:10125000737E55C0747E56C0757E57C0767E58C06A
:10126000777E59C0787E5AC0797E5BC07A7E5CC03A
:101270007B7E5DC07C7E5EC07D7E5FC07E7E60C00A
:101280007F7E61C0807E62C0817E63C0827EEBD73C
:10129000837E64C0847E65C0857E66C0867E67C0AE
:1012A000877E68C0887E69C0897E6AC08A7E6BC07E
:1012B0008B7E6CC08C7E6DC08D7E6EC08E7E6FC04E
:1012C0008F7E70C0907E71C0917E72C0927E73C01E
:1012D000937E74C0947E75C0957E76C0967E77C0EE
:1012E000977E78C0987E79C0997E7AC09A7E7BC0BE
:1012F0009B7EEEF49C7E7CC09D7E7DC09E7E7EC0EB
:101300009F7EF9E6A07EC0BEA17EFAE6A27EECBA80
:10131000A37EFBE6A47ECBCFA57EFCE6A67EBCD456
:10132000A77EB6BCA87EFDE6A97EFEE6AA7ECDBC61
:10133000AB7ED2C8AC7EB3CEAD7EA1E7AE7E80C020
:10134000AF7EBFB4B07EA2E7B17EB4C9B27ED9B8D9
:10135000B37EC9C4B47E81C0B57EDDD7B67EDAC2A5
:10136000B77ED7B7B87EBDD6B97EC6CEBA7EC4B773
:10137000BB7E82C0BC7E83C0BD7EA6C5BE7EA3E709
:10138000BF7EDFCFC07EA4E7C17EA5E7C27EA6E711
:10139000C37EB7C1C47EE9D7C57EF0C9C67EB8CFCB
:1013A000C77EAFD6C87ED5D6C97EA7E7CA7EEDB0C8
:1013B000CB7EA8E7CC7EA9E7CD7EDCC9CE7EEFD27E
:1013C000CF7EADBED07EAAE7D17EF3B0D27EDEC89E
:1013D000D37EE1BDD47EABE7D57EC6C8D67E84C0C1
:1013E000D77EACE7D87EE6BBD97EF8B8DA7EA4D14A
:1013F000DB7EADE7DC7EE7C2DD7EF8BEDE7ECABD09
:10140000DF7EB3CDE07EAEE7E17EAFE7E27EEEBE0B
:10141000E37EE5D0E47E85C0E57EE7CBE67ED0CCFA
:10142000E77ECCBCE87EB0E7E97EA8BCEA7EF7D0D8
:10143000EB7EB1E7EC7E86C0ED7EF8D0EE7EB2E7C3
:10144000EF7EB3E7F07EC2B4F17EB4E7F27EB5E79B
:10145000F37EFEC9F47EACCEF57EE0C3F67EB7E740
:10146000F77EC1B1F87EF1B3F97E87C0FA7EB8E7A6
:10147000FB7EB9E7FC7EDBD7FD7EC0D5FE7EBAE7FA
:10148000FF7ECCC2007FBAD7017FBBE7027FBCE7FB
:10149000037FBDE7047FEABC057FE5C3067FC2C0CA
:1014A000077FBEE7087FBFE7097FA9BC0A7F88C026
:1014B0000B7FC0E70C7FC1E70D7FB6E70E7FD0B68C
:1014C0000F7FC2E7107F89C0117FC3E7127FC4E797
:1014D000137FBABB147FDEB5157FC6C2167FE0B19D
:1014E000177FC5E7187FB5D4197FC6E71A7FBFB845
:1014F0001B7FC8E71C7FC7E71D7FECB71E7F8AC034
:101500001F7FC9E7207FF8B2217FCAE7227FCBE7A0
:10151000237FCCE7247FCDE7257FCEE7267FCFE76B
:10152000277FD0E7287FA7D3297FF5CB2A7FD1E774
:101530002B7FD2E72C7FD3E72D7FD4E72E7FC9C93D
:101540002F7FD5E7307FD6E7317FD7E7327FD8E7E7
:10155000337FD9E7347FC9BD357FDAE7367FBEF305
:10156000377F8BC0387FD7B8397F8CC03A7FB1C8FE
:101570003B7F8DC03C7F8EC03D7F8FC03E7F90C043
:101580003F7F91C0407F92C0417F93C0427FBFF3B5
:10159000437F94C0447FC0F3457FC1F3467F95C02D
:1015A000477F96C0487F97C0497F98C04A7F99C0BF
:1015B0004B7F9AC04C7F9BC04D7F9CC04E7F9DC08F
:1015C0004F7F9EC0507FDEB9517FF8CD527F9FC0C4
:1015D000537FA0C0547FE8D8557FB1BA567F40C131
:1015E000577FDEC2587FB7EE597F41C15A7FA3B7FC
:1015F0005B7F42C15C7F43C15D7F44C15E7F45C16B
:101600005F7FB9EE607F46C1617FB8EE627FD5B083
:10161000637F47C1647F48C1657F49C1667F4AC116
:10162000677F4BC1687FBBEE697FD6D56A7FEFD7F6
:101630006B7F4CC16C7F4DC16D7F4EC16E7FC3D639
:101640006F7F4FC1707F50C1717FBDEE727FF0CA56
:10165000737F51C1747FBCEE757F52C1767F53C1D9
:10166000777F54C1787F55C1797FBEEE7A7F56C1AE
:101670007B7F57C17C7F58C17D7F59C17E7FC0EE83
:101680007F7F5AC1807F5BC1817FBFEE827F5CC15B
:10169000837F5DC1847F5EC1857F5FC1867F60C1BE
:1016A000877F61C1887F62C1897F63C18A7FF2D1F0
:1016B0008B7F64C18C7FBCC78D7F65C18E7FC0C3AB
:1016C0008F7F66C1907F67C1917F68C1927F69C13A
:1016D000937F6AC1947FE1B8957F6BC1967F6CC19F
:1016E000977F6DC1987F6EC1997F6FC19A7FE7C167
:1016F0009B7F70C19C7F71C19D7FC6F49E7FDFD0B0
:101700009F7FC7F4A07F72C1A17FDBCFA27F73C18F
:10171000A37F74C1A47FBAC8A57F75C1A67F76C117
:10172000A77FC8F4A87F77C1A97F78C1AA7F79C1B4
:10173000AB7F7AC1AC7F7BC1AD7F7CC1AE7F7DC109
:10174000AF7FC9F4B07FCAF4B17F7EC1B27FCBF462
:10175000B37F80C1B47F81C1B57F82C1B67F83C1B1
:10176000B77F84C1B87FFAD9B97FFEB8BA7F85C187
:10177000BB7F86C1BC7FF1E5BD7FF0D3BE7F87C153
:10178000BF7FE0F4C07F88C1C17FCCCEC27F89C15A
:10179000C37F8AC1C47F8BC1C57FE1B3C67F8CC1C3
:1017A000C77F8DC1C87F8EC1C97F8FC1CA7FB4F189
:1017B000CB7F90C1CC7FEED2CD7F91C1CE7FE1F4C3
:1017C000CF7F92C1D07F93C1D17F94C1D27F95C189
:1017D000D37F96C1D47FE8CFD57FE2F4D67F97C17F
:1017E000D77F98C1D87FCCC7D97F99C1DA7F9AC1FA
:1017F000DB7F9BC1DC7F9CC1DD7F9DC1DE7F9EC105
:10180000DF7FD4B5E07FE4B4E17FE4F4E27F9FC101
:10181000E37FA0C1E47F40C2E57FE3F4E67FE5F427
:10182000E77F41C2E87F42C2E97FE6F4EA7F43C234
:10183000EB7F44C2EC7F45C2ED7F46C2EE7FE7F40A
:10184000EF7F47C2F07FB2BAF17FBFB0F27F48C2EC
:10185000F37FE8F4F47F49C2F57F4AC2F67F4BC2BA
:10186000F77F4CC2F87F4DC2F97F4EC2FA7F4FC25C
:10187000FB7FADB7FC7FEDD2FD7F50C2FE7F51C232
:10188000FF7F52C20080ABD20180CFC0028053C222
:101890000380BCBF0480A3EB0580DFD50680C8EAC7
:1018A000078054C2088055C2098056C20A8057C2B8
:1018B0000B80F3F10C80F8B60D80A3CB0E8058C2DC
:1018C0000F8059C21080CDC411805AC21280E7F136
:1018D00013805BC21480E8F11580FBB81680E9F133
:1018E0001780C4BA1880C5D41980D2B01A805CC2DF
:1018F0001B805DC21C80EAF11D805EC21E805FC23B
:101900001F8060C22080EBF1218061C22280ECF157
:10191000238062C2248063C22580EDF12680EEF12F
:101920002780EFF12880F1F12980F0F12A80D5C5D8
:101930002B8064C22C8065C22D8066C22E8067C257
:101940002F8068C2308069C23180F2F132806AC271
:101950003380FAB634806BC23580F4F13680AED273
:101960003780C7DE3880CACB39806CC23A806DC2FE
:101970003B80DCB33C806EC23D80A2B53E806FC22E
:101980003F80A2B9408070C2418071C24280F4C4DD
:101990004380F5F1448072C2458073C24680F6F1FF
:1019A000478074C2488075C2498076C24A80C4C1EB
:1019B0004B80FBC14C80B0D64D80F7F14E8077C292
:1019C0004F8078C2508079C251807AC25280F8F13B
:1019D00053807BC25480AAC155807CC256807DC290
:1019E00057807EC25880B8C6598080C25A80DBBEFC
:1019F0005B8081C25C8082C25D8083C25E8084C263
:101A00005F8085C2608086C2618087C2628088C232
:101A1000638089C264808AC265808BC266808CC202
:101A200067808DC268808EC26980F9F16A80CFB408
:101A30006B808FC26C8090C26D8091C26E8092C2AA
:101A40006F8093C2708094C27180FAF1728095C2E7
:101A5000738096C2748097C2758098C2768099C24E
:101A600077809AC278809BC279809CC27A809DC21E
:101A70007B809EC27C809FC27D80A0C27E8040C34E
:101A80007F80B2ED8080B1ED818041C3828042C30E
:101A90008380E0CB8480DED2858043C38680C1CB47
:101AA0008780D8D5888044C38980E2C88A8045C3AE
:101AB0008B80DFC08C80A1BC8D8046C38E8047C3E5
:101AC0008F8048C3908049C391804AC392804BC3A2
:101AD0009380C1EB94804CC395804DC39680A4D075
:101AE00097804EC39880E2D699804FC39A80C7B63C
:101AF0009B80D8B89C80C0EB9D80CEB89E8050C3A0
:101B00009F80BFEBA080A6B3A180C9B9A280ABD64D
:101B1000A38051C3A480F4B7A580CAB7A68052C3DE
:101B2000A78053C3A88054C3A980E7BCAA80BEB7CE
:101B3000AB80C6EBAC8055C3AD80C7EBAE80B9B00F
:101B4000AF80CFBFB08056C3B180C5EBB280FDD3AC
:101B5000B38057C3B480C8EBB58058C3B68059C3AF
:101B6000B780C9EBB8805AC3B9805BC3BA80CEB71F
:101B7000BB805CC3BC80C2EBBD80C4EBBE80F6C939
:101B8000BF80D7D6C080CDD5C180B2D0C280CFEBC8
:101B9000C380B8CEC480D0EBC5805DC3C680A8B575
:101BA000C7805EC3C8805FC3C98060C3CA8061C389
:101BB000CB8062C3CC80B3B1CD80D2EBCE80A5CC3C
:101BC000CF8063C3D08064C3D18065C3D28066C335
:101BD000D38067C3D48068C3D58069C3D680D6C597
:101BE000D780D3EBD8806AC3D980D1EBDA80DFC548
:101BF000DB80CEEBDC80A4CADD80D5EBDE80FBB0E1
:101C0000DF806BC3E0806CC3E180FABAE2806DC311
:101C1000E3806EC3E480B7D8E580E3F1E6806FC36C
:101C2000E780CAEBE880CBEBE980CCEBEA80CDEB38
:101C3000EB80D6EBEC80C0E6ED80D9EBEE8070C394
:101C4000EF80E8BFF080C8D2F180D7EBF280DCEB08
:101C5000F380ECB8F480D8EBF58071C3F680BABDA0
:101C6000F78072C3F880D8D0F98073C3FA80B7B018
:101C7000FB8074C3FC80DDEBFD80DCC4FE8075C39B
:101C8000FF8076C3008177C3018178C30281ACD61F
:101C9000038179C304817AC305817BC30681E0B4E3
:101CA00007817CC308817DC30981F6C20A81B9BC62
:101CB0000B817EC30C8180C30D81DAEB0E81DBEBDF
:101CC0000F81E0D41081EAC61181D4C41281DFEB08
:101CD0001381A7C51481F5D9158181C31681B1B2CD
:101CE000178182C31881E4EB198183C31A81C5BDB2
:101CF0001B8184C31C8185C31D8186C31E81E2EBC9
:101D00001F8187C3208188C3218189C322818AC31F
:101D100023818BC324818CC325818DC326818EC3EF
:101D200027818FC3288190C3298191C32A8192C3BF
:101D30002B8193C32C81E3EB2D8194C32E8195C31A
:101D40002F81ACB8308196C33181D1CD3281E5EBA2
:101D5000338197C3348198C3358199C33681E1EBD0
:101D600037819AC33881B3C139819BC33A819CC3FF
:101D70003B819DC33C819EC33D819FC33E81A2C6E2
:101D80003F81A0C3408140C4418141C4428142C4DB
:101D9000438143C4448144C4458145C44681F3CC56
:101DA000478146C44881E6EB498147C44A81B0C0B7
:101DB0004B81B8D24C81E7EB4D8148C44E8149C478
:101DC0004F814AC45081AFB85181ADB852814BC4E4
:101DD0005381E8EB5481BBC75581F3CD56814CC488
:101DE00057814DC458814EC45981EAEB5A81EBEBBF
:101DF0005B814FC45C8150C45D8151C45E8152C41B
:101E00005F8153C46081EDEB618154C4628155C42C
:101E1000638156C4648157C46581C8D0668158C443
:101E20006781F2EB688159C46981EEEB6A815AC41B
:101E30006B815BC46C815CC46D81F1EB6E81F9C810
:101E40006F815DC47081FCD17181ECEB72815EC4E5
:101E500073815FC47481E9EB758160C4768161C46C
:101E6000778162C4788163C47981B9B87A81D9CF26
:101E70007B81E5C47C81EFEB7D81F0EB7E81DACC68
:101E80007F81C8CD8081F2B0818164C48281F6EB0C
:101E9000838165C4848166C4858167C4868168C482
:101EA000878169C48881F5EB89816AC48A81B2B26D
:101EB0008B816BC48C816CC48D816DC48E816EC42A
:101EC0008F81E0B890816FC49181F7EB928170C4EB
:101ED000938171C4948172C4958173C4968174C4D2
:101EE000978175C49881ECB1998176C49A8177C441
:101EF0009B81C5CC9C81A4C49D81A5CF9E8178C4C3
:101F00009F8179C4A0817AC4A1817BC4A2817CC451
:101F1000A381F9EBA4817DC4A5817EC4A681A2EC36
:101F2000A78180C4A881F2C5A98181C4AA81FAEBE6
:101F3000AB8182C4AC8183C4AD8184C4AE8185C4CD
:101F4000AF8186C4B08187C4B18188C4B28189C49D
:101F5000B381C5C9B4818AC4B5818BC4B6818CC430
:101F6000B7818DC4B8818EC4B9818FC4BA81DFE2D4
:101F7000BB81FEEBBC8190C4BD8191C4BE8192C483
:101F8000BF8193C4C081CECDC181A1ECC281DBB140
:101F9000C381B7D3C48194C4C58195C4C681DCD242
:101FA000C78196C4C88197C4C98198C4CA81FDEB12
:101FB000CB8199C4CC81FBEBCD819AC4CE819BC4EB
:101FC000CF819CC4D0819DC4D1819EC4D2819FC445
:101FD000D381A0C4D48140C5D58141C5D68142C535
:101FE000D78143C5D88144C5D98145C5DA8146C565
:101FF000DB8147C5DC8148C5DD8149C5DE814AC535
:10200000DF814BC5E0814CC5E1814DC5E2814EC504
:10201000E381BCB3E4814FC5E58150C5E68151C57C
:10202000E781B0EAE88152C5E98153C5EA81D4D796
:10203000EB8154C5EC81ABF4ED81F4B3EE8155C571
:10204000EF8156C5F08157C5F18158C5F28159C558
:10205000F381C1D6F481C2D6F5815AC5F6815BC53C
:10206000F7815CC5F8815DC5F9815EC5FA815FC500
:10207000FB81E9D5FC81CABEFD8160C5FE81A7F464
:10208000FF8161C50082A8D20182A8F40282A9F46E
:10209000038262C50482AAF40582CBBE0682DFD326
:1020A000078263C5088264C5098265C50A8266C560
:1020B0000B8267C50C82E0C90D82E1C90E8268C53A
:1020C0000F8269C51082C2F311826AC51282E6CA04
:1020D00013826BC51482F2CC15826CC516826DC555
:1020E00017826EC518826FC5198270C51A8271C5B4
:1020F0001B82B6E21C82B4CB1D8272C51E82E8CE62
:102100001F82DBD6208273C52182ADF42282AEF419
:102110002382AFF4248274C5258275C5268276C5D4
:10212000278277C52882B2F4298278C52A82BDBA6F
:102130002B82B3F42C82E3B02D82B0F42E8279C5C9
:102140002F82B1F43082A2BD3182D5B232827AC5FB
:102150003382B6F43482B7F43582E6B63682B0B252
:102160003782CFCF3882B4F43982ACB43A827BC59F
:102170003B82B5F43C827CC53D827DC53E82B8F48D
:102180003F827EC5408280C5418281C5428282C530
:10219000438283C54482B9F4458284C5468285C59D
:1021A0004782A7CD488286C54982BAF44A8287C54C
:1021B0004B82BBF44C8288C54D8289C54E828AC54C
:1021C0004F82BCF450828BC551828CC552828DC522
:1021D00053828EC554828FC5558290C5568291C553
:1021E000578292C55882D2CB598293C55A82BDF488
:1021F0005B8294C55C8295C55D8296C55E8297C5FB
:102200005F82BEF4608298C5618299C562829AC578
:1022100063829BC564829CC565829DC566829EC59E
:1022200067829FC56882BFF46982A0C56A8240C682
:102230006B8241C66C8242C66D8243C66E82DEF4FA
:102240006F82BCC17082E8BC718244C67282ABC925
:102250007382DED17482F5E5758245C6768246C604
:10226000778247C6788248C67982B3DC7A82D5D233
:102270007B8249C67C824AC67D82B4DC7E82ACB059
:102280007F82B5DC80824BC681824CC68282DABDF9
:1022900083824DC68482B9DC85824EC686824FC653
:1022A000878250C68882C2D8898251C68A82B7DCAA
:1022B0008B82F3D38C8252C68D82D6C98E82BADCD1
:1022C0008F82B6DC908253C69182BBDC9282A2C31D
:1022D000938254C6948255C6958256C6968257C636
:1022E0009782BCDC9882C5DC9982BDDC9A8258C694
:1022F0009B8259C69C82DFCE9D82A5D69E825AC6FD
:102300009F82CFDCA0825BC6A182CDDCA2825CC6AC
:10231000A3825DC6A482D2DCA582E6BDA682ABC242
:10232000A7825EC6A882B8DCA982CBDCAA82CEDCFA
:10233000AB82BEDCAC82D2B7AD82C5B0AE82C7DCA8
:10234000AF82BED0B082C1DCB182A8BBB2825FC610
:10235000B382BCB7B482CCDCB58260C6B68261C63B
:10236000B782C6DCB882BFDCB982DBC7BA8262C67C
:10237000BB8263C6BC8264C6BD82BFD1BE82C0DCE4
:10238000BF8265C6C08266C6C182CADCC28267C619
:10239000C38268C6C482D0DCC58269C6C6826AC6EA
:1023A000C782ADCEC882C2DCC9826BC6CA82C3DC1A
:1023B000CB82C8DCCC82C9DCCD82D4B2CE82D1DC67
:1023C000CF82D5CBD0826CC6D182B7D4D282DBDCAF
:1023D000D382DFDCD482A6CCD582E6DCD6826DC681
:1023E000D782E7C3D882DCDCD9826EC6DA826FC6B8
:1023F000DB82C1BFDC82D9DCDD8270C6DE82FAB04E
:10240000DF82B6B9E082E5DCE182D3DCE28271C62C
:10241000E382C4DCE482D6DCE582F4C8E682E0BF75
:10242000E78272C6E88273C6E98274C6EA8275C61C
:10243000EB82BBC9EC8276C6ED8277C6EE8278C6A7
:10244000EF82BDB1F08279C6F182A2D3F2827AC660
:10245000F3827BC6F482DADCF5827CC6F6827DC626
:10246000F782D5DCF8827EC6F982BBC6FA8280C6C6
:10247000FB82DEDCFC8281C6FD8282C6FE8283C6D0
:10248000FF8284C6008385C60183C2D70283AFC39F
:102490000383B6B70483D1C70583A9C30683E2DCEF
:1024A0000783D8DC0883EBDC0983D4DC0A8386C687
:1024B0000B8387C60C83DDDC0D8388C60E83A5BE27
:1024C0000F83D7DC108389C61183E0DC12838AC6B0
:1024D00013838BC61483E3DC1583E4DC16838CC67C
:1024E0001783F8DC18838DC619838EC61A83E1DC46
:1024F0001B83A2DD1C83E7DC1D838FC61E8390C671
:102500001F8391C6208392C6218393C6228394C6DB
:10251000238395C6248396C6258397C6268398C6AB
:102520002783EBBC2883C4B4298399C62A839AC61F
:102530002B83A3C32C83E7B22D83FADC2E839BC6A7
:102540002F83F2DC30839CC63183EFDC32839DC65F
:102550003383FCDC3483EEDC3583F0D23683E8B29F
:1025600037839EC63883D7C83983E3C83A83FBDCF8
:102570003B839FC63C83EDDC3D83A0C63E8340C7C2
:102580003F8341C74083F7DC418342C7428343C74F
:102590004383F5DC448344C7458345C74683A3BED4
:1025A0004783F4DC488346C74983DDB24A8347C783
:1025B0004B8348C74C8349C74D834AC74E834BC79B
:1025C0004F83F3DC5083F6BC5183E8DC5283C4BBF9
:1025D00053834CC75483F3C055834DC756834EC7AE
:1025E00057834FC7588350C7598351C75A83D4BCA8
:1025F0005B83E9DC5C83EADC5D8352C75E83F1DCEC
:102600005F83F6DC6083F9DC6183B4B5628353C712
:102610006383D9C86483E7BB6583FEDC6683FDDC26
:102620006783ABD36883A1DD6983A3DD6A83A5DDFE
:102630006B83F1D26C83A4DD6D83A6DD6E83A7DD91
:102640006F83A9D2708354C7718355C7728356C7ED
:10265000738357C7748358C7758359C776835AC71E
:102660007783C9BA7883A9DD79835BC77A835CC72E
:102670007B83B6DD7C83B1DD7D83B4DD7E835DC786
:102680007F835EC780835FC7818360C7828361C7A2
:10269000838362C7848363C78583B0DD8683CEC6A8
:1026A000878364C7888365C78983F2C08A8366C7C6
:1026B0008B8367C78C8368C78D8369C78E83AFC9D7
:1026C0008F836AC790836BC791836CC79283ECDC5E
:1026D0009383AEDD94836DC795836EC796836FC772
:1026E000978370C79883B7DD998371C79A8372C740
:1026F0009B83F0DC9C83AFDD9D8373C79E83B8DD35
:102700009F8374C7A083ACDDA18375C7A28376C7FE
:10271000A38377C7A48378C7A58379C7A6837AC71D
:10272000A7837BC7A883B9DDA983B3DDAA83ADDD09
:10273000AB83AAC4AC837CC7AD837DC7AE837EC7A1
:10274000AF8380C7B083A8DDB183B3C0B283ABC110
:10275000B383AADDB483ABDDB58381C7B683B2DDB5
:10276000B783F1BBB883B5DDB983A8D3BA83BADD2B
:10277000BB8382C7BC83BBDDBD83A7C3BE8383C7C6
:10278000BF8384C7C083D2DDC183BCDDC28385C75C
:10279000C38386C7C48387C7C583D1DDC68388C783
:1027A000C783BDB9C88389C7C9838AC7CA83D5BE51
:1027B000CB838BC7CC83FABECD838CC7CE838DC72A
:1027C000CF83CABAD0838EC7D1838FC7D28390C735
:1027D000D38391C7D483CADDD58392C7D683C5DDA1
:1027E000D78393C7D883BFDDD98394C7DA8395C7CE
:1027F000DB8396C7DC83CBB2DD83C3DDDE8397C783
:10280000DF83CBDDE083A4B2E183D5DDE28398C72B
:10281000E38399C7E4839AC7E583BEDDE6839BC75C
:10282000E7839CC7E8839DC7E983D0C6EA83D0DDF0
:10283000EB839EC7EC839FC7ED83A0C7EE8340C8A0
:10284000EF8341C8F083D4DDF183E2C1F283C6B7E0
:10285000F38342C8F48343C8F58344C8F68345C86C
:10286000F78346C8F883CEDDF983CFDDFA8347C806
:10287000FB8348C8FC8349C8FD83C4DDFE834AC886
:10288000FF834BC800844CC80184BDDD02844DC861
:102890000384CDDD0484D1CC05844EC80684C9DD13
:1028A00007844FC8088450C8098451C80A8452C894
:1028B0000B84C2DD0C84C8C30D84BCC60E84AECEAE
:1028C0000F84CCDD108453C81184C8DD128454C831
:1028D000138455C8148456C8158457C8168458C81C
:1028E000178459C81884C1DD19845AC81A845BC872
:1028F0001B845CC81C84C6DD1D84DCC21E845DC8CC
:102900001F845EC820845FC8218460C8228461C897
:10291000238462C82484A9D32584AAD32684D3DD42
:102920002784F4CF2884F8C8298463C82A8464C81B
:102930002B8465C82C8466C82D8467C82E8468C81B
:102940002F8469C830846AC83184E6DD32846BC85C
:1029500033846CC834846DC835846EC836846FC8BF
:10296000378470C83884C7DD398471C83A8472C826
:102970003B8473C83C84E0DD3D84E4C23E8474C87B
:102980003F8475C8408476C8418477C8428478C83B
:10299000438479C844847AC845847BC84684E1DD91
:1029A00047847CC848847DC849847EC84A8480C8DE
:1029B0004B8481C84C8482C84D8483C84E8484C8AB
:1029C0004F8485C8508486C85184D7DD528487C817
:1029D000538488C8548489C855848AC856848BC84F
:1029E0005784F8D658848CC85984D9DD5A84D8DDE8
:1029F0005B84F0B85C84D6DD5D848DC85E848EC84F
:102A00005F848FC8608490C86184CFC6628491C897
:102A10006384ADB6648492C8658493C8668494C8A0
:102A2000678495C8688496C86984E2DD6A8497C81B
:102A30006B84F9BA6C84E1D46D84E7DD6E8498C848
:102A40006F8499C870849AC87184D0B472849BC80A
:102A50007384DADD74849CC87584FBBF7684E3DDFF
:102A600077849DC87884DFDD79849EC87A84DDDD33
:102A70007B849FC87C84A0C87D8440C97E8441C972
:102A80007F8442C9808443C9818444C98284D9B582
:102A9000838445C9848446C9858447C9868448C9D6
:102AA0008784DBDD8884DCDD8984DEDD8A8449C9B6
:102AB0008B84AFBD8C84E4DD8D844AC98E84E5DDD2
:102AC0008F844BC990844CC991844DC992844EC95E
:102AD00093844FC9948450C9958451C9968452C92E
:102AE0009784F5DD988453C99984C9C39A8454C9DD
:102AF0009B8455C99C84E2CB9D8456C99E8457C94A
:102B00009F8458C9A08459C9A184F2DDA2845AC9FE
:102B1000A3845BC9A4845CC9A5845DC9A6845EC97D
:102B2000A7845FC9A88460C9A98461C9AA8462C94D
:102B3000AB8463C9AC8464C9AD8465C9AE8466C91D
:102B4000AF84E1D8B08467C9B18468C9B284D1C602
:102B5000B38469C9B484F4DDB5846AC9B6846BC929
:102B6000B7846CC9B884F4D5B984F3DDBA84F0DDD8
:102B7000BB846DC9BC846EC9BD84ECDDBE846FC9E5
:102B8000BF84EFDDC08470C9C184E8DDC28471C92F
:102B9000C38472C9C484EED0C58473C9C68474C9A1
:102BA000C78475C9C88476C9C984D8C8CA84EEDD0B
:102BB000CB8477C9CC8478C9CD84E9DDCE8479C94A
:102BC000CF847AC9D084EADDD184F2CBD2847BC9A8
:102BD000D384EDDDD4847CC9D5847DC9D684CDB1C0
:102BE000D7847EC9D88480C9D98481C9DA8482C94E
:102BF000DB8483C9DC8484C9DD84B6C0DE8485C9F6
:102C0000DF84BBBCE084F1DDE18486C9E28487C94E
:102C1000E384F7DDE48488C9E584F6DDE684EBDD52
:102C2000E78489C9E8848AC9E9848BC9EA848CC9A4
:102C3000EB848DC9EC84EEC5ED848EC9EE848FC91A
:102C4000EF8490C9F084FBDDF18491C9F28492C9CC
:102C5000F38493C9F48494C9F58495C9F68496C91C
:102C6000F78497C9F88498C9F98499C9FA849AC9EC
:102C7000FB849BC9FC84A4DEFD849CC9FE849DC9A1
:102C8000FF84A3DE00859EC901859FC90285A0C976
:102C9000038540CA048541CA058542CA068543CAE0
:102CA000078544CA088545CA098546CA0A8547CAB0
:102CB0000B8548CA0C85F8DD0D8549CA0E854ACAC0
:102CC0000F854BCA10854CCA1185EFC312854DCABA
:102CD0001385FBC214854ECA15854FCA168550CA86
:102CE0001785E1D5188551CA198552CA1A85B5CEFE
:102CF0001B8553CA1C8554CA1D8555CA1E8556CAD4
:102D00001F85FDDD208557CA2185CCB2228558CA92
:102D1000238559CA24855ACA25855BCA26855CCA7B
:102D200027855DCA28855ECA29855FCA2A8560CA4B
:102D30002B85E8C42C85DFCA2D8561CA2E8562CA21
:102D40002F8563CA308564CA318565CA328566CAF3
:102D5000338567CA348568CA358569CA36856ACAC3
:102D60003785BEC73885FADD3985FCDD3A85FEDD5D
:102D70003B85A2DE3C85AAB03D85CEB13E856BCABF
:102D80003F856CCA40856DCA41856ECA42856FCA4F
:102D90004385ACDE448570CA458571CA468572CAD2
:102DA000478573CA4885A6DE4985B6BD4A85EFC802
:102DB0004B8574CA4C8575CA4D8576CA4E8577CACF
:102DC0004F8578CA508579CA51857ACA52857BCA9F
:102DD00053857CCA54857DCA55857ECA5685A1DE39
:102DE000578580CA588581CA5985A5DE5A8582CA09
:102DF0005B8583CA5C8584CA5D8585CA5E85A9DEDC
:102E00005F8586CA608587CA618588CA628589CAE6
:102E100063858ACA6485A8DE65858BCA66858CCA87
:102E200067858DCA6885A7DE69858ECA6A858FCA5F
:102E30006B8590CA6C8591CA6D8592CA6E8593CA5E
:102E40006F8594CA708595CA718596CA7285ADDE04
:102E5000738597CA7485CCD4758598CA768599CAC6
:102E600077859ACA78859BCA7985B3DE7A85AADE8A
:102E70007B85AEDE7C859CCA7D859DCA7E85D9C05A
:102E80007F859ECA80859FCA8185A0CA828540CBE6
:102E9000838541CB8485A1B18585B6DE868542CB0D
:102EA0008785B1DE888543CB898544CB8A8545CB30
:102EB0008B8546CB8C8547CB8D8548CB8E8549CB82
:102EC0008F85B2DE90854ACB91854BCB92854CCBDA
:102ED00093854DCB94854ECB95854FCB968550CB26
:102EE000978551CB988552CB998553CB9A8554CBF6
:102EF0009B85A6D19C85B5DE9D8555CB9E8556CB01
:102F00009F8557CBA08558CBA18559CBA2855ACB9D
:102F1000A3855BCBA485AFDEA5855CCBA6855DCB09
:102F2000A7855ECBA885B0DEA9855FCBAA85BDD07D
:102F3000AB8560CBAC8561CBAD8562CBAE85B4DEB5
:102F4000AF85EDCAB085B9DEB18563CBB28564CB00
:102F5000B38565CBB48566CBB58567CBB68568CBC5
:102F6000B785B8DEB88569CBB985B7DEBA856ACBD7
:102F7000BB856BCBBC856CCBBD856DCBBE856ECB6D
:102F8000BF856FCBC08570CBC185BBDEC28571CBE1
:102F9000C38572CBC48573CBC58574CBC68575CB11
:102FA000C78576CBC88577CBC985E5BDCA8578CB83
:102FB000CB8579CBCC857ACBCD857BCBCE857CCBB5
:102FC000CF85D8B2D085EAC3D1857DCBD2857ECBE3
:102FD000D385BADED48580CBD585BAC5D68581CBDD
:102FE000D78582CBD88583CBD98584CBDA8585CB31
:102FF000DB8586CBDC85BCDEDD8587CBDE8588CBBB
:10300000DF8589CBE0858ACBE1858BCBE2858CCBD4
:10301000E3858DCBE485D9CCE5858ECBE6858FCB5A
:10302000E78590CBE88591CBE985AAB7EA8592CB75
:10303000EB8593CBEC8594CBED8595CBEE8596CB4C
:10304000EF8597CBF08598CBF18599CBF2859ACB1C
:10305000F3859BCBF4859CCBF5859DCBF6859ECBEC
:10306000F7859FCBF885A0CBF98540CCFA8541CC7C
:10307000FB85E5D4FC8542CCFD8543CCFE8544CC64
:10308000FF85BDDE008645CC018646CC028647CC56
:10309000038648CC048649CC0586BFDE06864ACC2A
:1030A00007864BCC08864CCC09864DCC0A864ECC84
:1030B0000B864FCC0C8650CC0D8651CC0E8652CC54
:1030C0000F8653CC108654CC1186A2C4128655CCE0
:1030D000138656CC148657CC158658CC1686C1DE7E
:1030E000178659CC18865ACC19865BCC1A865CCCCC
:1030F0001B865DCC1C865ECC1D865FCC1E8660CC9C
:103100001F8661CC208662CC218663CC228664CC6B
:10311000238665CC248666CC258667CC268668CC3B
:103120002786BEDE288669CC2986C0DE2A866ACC40
:103130002B866BCC2C866CCC2D866DCC2E866ECCE3
:103140002F866FCC308670CC318671CC328672CCB3
:10315000338673CC348674CC358675CC368676CC83
:10316000378677CC3886BAD5398678CC3A8679CC0A
:103170003B867ACC3C86C2DE3D867BCC3E867CCCD0
:103180003F867DCC40867ECC418680CC428681CCF9
:10319000438682CC448683CC458684CC468685CCC7
:1031A000478686CC488687CC498688CC4A8689CC97
:1031B0004B868ACC4C868BCC4D86AEF24E86A2BB1B
:1031C0004F86B2C25086B0C55186C7C252868CCCDB
:1031D00053868DCC5486AFF255868ECC56868FCCD6
:1031E000578690CC588691CC598692CC5A86E9D095
:1031F0005B8693CC5C8694CC5D8695CC5E86DDD375
:103200005F8696CC608697CC618698CC6286BDEB53
:10321000638699CC64869ACC65869BCC66869CCC6A
:1032200067869DCC68869ECC69869FCC6A86A0CC3A
:103230006B86E6B36C86B0F26D8640CD6E86B1F2D9
:103240006F8641CD708642CD7186ADCA728643CD00
:10325000738644CD748645CD758646CD768647CD3A
:10326000778648CD788649CD7986E7BA7A86B3F2F3
:103270007B86B5F27C86B4F27D86E4CB7E86BACFBF
:103280007F86B2F28086B4CA8186CFD28286ECC2B3
:1032900083864ACD84864BCD85864CCD86864DCDA2
:1032A00087864ECD88864FCD898650CD8A86C3CEFF
:1032B0008B86B8F28C86F6B08D86B7F28E8651CDAD
:1032C0008F8652CD908653CD918654CD928655CD22
:1032D0009386BEF2948656CD9586CFB2968657CD0C
:1032E000978658CD988659CD99865ACD9A865BCDCA
:1032F0009B865CCD9C86C1D19D86BAF29E865DCDB3
:103300009F865ECDA0865FCDA18660CDA28661CD71
:10331000A386BCF2A486E9D4A58662CDA68663CD39
:10332000A786BBF2A886B6F2A986BFF2AA86BDF22E
:10333000AB8664CDAC86B9F2AD8665CDAE8666CD82
:10334000AF86C7F2B086C4F2B186C6F2B28667CD48
:10335000B38668CDB486CAF2B586C2F2B686C0F22C
:10336000B78669CDB8866ACDB9866BCDBA86C5F207
:10337000BB866CCDBC866DCDBD866ECDBE866FCD59
:10338000BF8670CDC086FBD6C18671CDC28672CD98
:10339000C38673CDC486C1F2C58674CDC686F9C70F
:1033A000C786DFC9C88675CDC986C8F2CA86C6B9C0
:1033B000CB86B0B5CC8676CDCD8677CDCE86C3F222
:1033C000CF86C9F2D086D0F2D186D6F2D28678CD19
:1033D000D38679CDD486D7BBD5867ACDD6867BCD1C
:1033E000D7867CCDD886D5F2D986DCCDDA867DCD60
:1033F000DB86EBD6DC867ECDDD8680CDDE86D2F226
:10340000DF86D4F2E08681CDE18682CDE28683CD6F
:10341000E38684CDE486F2B8E58685CDE68686CD62
:10342000E78687CDE88688CDE986CBF2EA8689CD26
:10343000EB868ACDEC868BCDED86CEF2EE86F9C298
:10344000EF868CCDF086DDD5F186CCF2F286CDF21A
:10345000F386CFF2F486D3F2F5868DCDF6868ECD47
:10346000F7868FCDF886D9F2F986BCD3FA8690CD4F
:10347000FB8691CDFC8692CDFD8693CDFE86EAB685
:10348000FF8694CD0087F1CA018795CD0287E4B706
:103490000387D7F2048796CD058797CD068798CD09
:1034A0000787D8F20887DAF20987DDF20A87DBF2AC
:1034B0000B8799CD0C879ACD0D87DCF20E879BCDBB
:1034C0000F879CCD10879DCD11879ECD1287D1D1BE
:1034D0001387D1F214879FCD1587C9CD1687A0CD4C
:1034E0001787CFCE1887A9D6198740CE1A87E3F25F
:1034F0001B8741CE1C87DBC31D8742CE1E87E0F2AF
:103500001F8743CE208744CE2187AFC02287ECF2AD
:103510002387DEF2248745CE2587E1F2268746CE33
:10352000278747CE288748CE2987E8F22A8749CEC1
:103530002B874ACE2C874BCE2D874CCE2E87E2F29E
:103540002F874DCE30874ECE3187E7F232874FCE70
:10355000338750CE3487E6F2358751CE368752CE48
:103560003787E9F2388753CE398754CE3A8755CE1C
:103570003B87DFF23C8756CE3D8757CE3E87E4F24D
:103580003F87EAF2408758CE418759CE42875ACECC
:1035900043875BCE44875CCE45875DCE46875ECE53
:1035A0004787ACD34887E5F24987F5B24A875FCEB3
:1035B0004B8760CE4C87F2F24D8761CE4E87ABD001
:1035C0004F8762CE508763CE518764CE528765CED7
:1035D0005387F5F2548766CE558767CE568768CEF7
:1035E0005787C8BB588769CE5987F9F25A876ACE80
:1035F0005B876BCE5C876CCE5D876DCE5E876ECE53
:103600005F876FCE6087F0F2618770CE628771CE80
:103610006387F6F26487F8F26587FAF2668772CEFE
:10362000678773CE688774CE698775CE6A8776CED2
:103630006B8777CE6C8778CE6D8779CE6E87F3F205
:103640006F877ACE7087F1F271877BCE72877CCEDE
:1036500073877DCE7487FBBA75877ECE7687FBB580
:10366000778780CE788781CE798782CE7A8783CE1E
:103670007B87EFF27C87F7F27D87EDF27E87EEF2B3
:103680007F8784CE808785CE818786CE8287EBF246
:103690008387A6F3848787CE8587A3F3868788CE22
:1036A000878789CE8887A2F389878ACE8A878BCE3F
:1036B0008B87F4F28C878CCE8D87DAC88E878DCE7F
:1036C0008F878ECE90878FCE918790CE928791CE26
:1036D0009387FBF2948792CE958793CE968794CE6C
:1036E0009787A5F3988795CE998796CE9A8797CE98
:1036F0009B8798CE9C8799CE9D879ACE9E879BCE9E
:103700009F87F8C3A0879CCEA1879DCEA2879ECE1F
:10371000A3879FCEA487A0CEA58740CFA68741CF01
:10372000A78742CFA887FDF2A98743CFAA8744CFB6
:10373000AB87A7F3AC87A9F3AD87A4F3AE8745CFDA
:10374000AF87FCF2B08746CFB18747CFB28748CF6B
:10375000B387ABF3B48749CFB587AAF3B6874ACF0F
:10376000B7874BCFB8874CCFB9874DCFBA87DDC26B
:10377000BB874ECFBC874FCFBD87AEF3BE8750CF40
:10378000BF8751CFC087B0F3C18752CFC28753CF15
:10379000C38754CFC48755CFC58756CFC687A1F3FB
:1037A000C78757CFC88758CFC98759CFCA87B1F3C2
:1037B000CB87ACF3CC875ACFCD875BCFCE875CCF9E
:1037C000CF875DCFD0875ECFD187AFF3D287FEF2B0
:1037D000D387ADF3D4875FCFD58760CFD68761CF4E
:1037E000D78762CFD88763CFD98764CFDA8765CF91
:1037F000DB87B2F3DC8766CFDD8767CFDE8768CFF4
:10380000DF8769CFE087B4F3E1876ACFE2876BCFC8
:10381000E3876CCFE4876DCFE587A8F3E6876ECFAB
:10382000E7876FCFE88770CFE98771CFEA87B3F377
:10383000EB8772CFEC8773CFED8774CFEE87B5F34C
:10384000EF8775CFF08776CFF18777CFF28778CF84
:10385000F38779CFF4877ACFF5877BCFF6877CCF54
:10386000F7877DCFF8877ECFF987B7D0FA8780CFEB
:10387000FB8781CFFC8782CFFD8783CFFE87B8F39C
:10388000FF8784CF008885CF018886CF028887CFC5
:103890000388F9D9048888CF058889CF06888ACF1C
:1038A00007888BCF08888CCF09888DCF0A88B9F319
:1038B0000B888ECF0C888FCF0D8890CF0E8891CF3C
:1038C0000F8892CF108893CF118894CF128895CF0C
:1038D0001388B7F3148896CF1588E4C81688B6F312
:1038E000178897CF188898CF198899CF1A889ACFB8
:1038F0001B88BAF31C889BCF1D889CCF1E889DCF48
:103900001F889ECF20889FCF2188BBF32288C0B418
:103910002388A0CF248840D0258841D0268842D053
:10392000278843D0288844D0298845D02A8846D083
:103930002B8847D02C8848D02D8849D02E884AD053
:103940002F884BD030884CD031884DD03288C3EE90
:1039500033884ED034884FD0358850D0368851D0F7
:10396000378852D0388853D03988BCF33A8854D03D
:103970003B8855D03C88BDF33D8856D03E8857D013
:103980003F8858D04088AAD1418859D042885AD01F
:1039900043885BD04488ACF44588C6D046885CD068
:1039A00047885DD048885ED049885FD04A8860D01B
:1039B0004B8861D04C88D0D04D88DCD14E8862D005
:1039C0004F8863D0508864D0518865D0528866D0C3
:1039D000538867D05488CECF558868D0568869D030
:1039E0005788D6BD58886AD05988C3D15A886BD0B9
:1039F0005B886CD05C886DD05D886ED05E886FD03F
:103A00005F8870D0608871D06188E2BA6288E9E12D
:103A10006388C2D26488C2F16588B9B2668872D000
:103A2000678873D06888EDB16988C3F16A8874D0FB
:103A30006B88C0C96C88C4B36D8875D06E88F2D9A4
:103A40006F8876D07088A5CB718877D07288C4F1E2
:103A5000738878D0748879D075887AD076887BD04E
:103A60007788D4D678887CD079887DD07A887ED0C3
:103A70007B8880D07C8881D07D88C5F17E88C0F429
:103A80007F88C6F1808882D08188ACD48288C7F1D3
:103A9000838883D08488C0B08588C1F4868884D028
:103AA000878885D08888C2F4898886D08A8887D01C
:103AB0008B88FCB48C8888D08D88DBC58E8889D0B3
:103AC0008F888AD090888BD091888CD09288BBCCFC
:103AD00093888DD094888ED095888FD09688E4D0A6
:103AE000978890D0988891D0998892D09A8893D0CE
:103AF0009B8894D09C88E0CD9D8895D09E8896D058
:103B00009F8897D0A08898D0A18899D0A288C8F122
:103B1000A3889AD0A488F3D9A5889BD0A6889CD0E6
:103B2000A7889DD0A8889ED0A9889FD0AA88A0D019
:103B3000AB88BBB1AC8840D1AD88AECFAE8841D1A7
:103B4000AF8842D1B08843D1B188A4B8B28844D1FB
:103B5000B38845D1B48846D1B58847D1B68848D115
:103B6000B788CAF1B88849D1B9884AD1BA884BD147
:103B7000BB884CD1BC88CBF1BD884DD1BE884ED11D
:103B8000BF884FD1C08850D1C188C3B2C288D1C1CB
:103B9000C38851D1C48852D1C588B0D7C688C9F16D
:103BA000C78853D1C88854D1C988CCF1CA8855D1A7
:103BB000CB8856D1CC8857D1CD8858D1CE88CEF17C
:103BC000CF8859D1D0885AD1D1885BD1D288F6D943
:103BD000D3885CD1D488E1D2D588A3D4D6885DD1EE
:103BE000D7885ED1D888C3F4D988B9C8DA885FD1BC
:103BF000DB8860D1DC8861D1DD8862D1DE8863D169
:103C0000DF88C4F4E08864D1E18865D1E288CDF131
:103C1000E388CFF1E488E3BFE588D0F1E68866D198
:103C2000E78867D1E888D4F1E98868D1EA8869D162
:103C3000EB886AD1EC886BD1ED886CD1EE886DD1C0
:103C4000EF886ED1F088D6F1F188D1F1F2886FD18A
:103C5000F388D1C9F488E1C5F58870D1F68871D1AF
:103C6000F78872D1F888E3C2F988FCB9FA8873D171
:103C7000FB8874D1FC88D3F1FD8875D1FE88D5F11D
:103C8000FF8876D1008977D1018978D10289D3B9AB
:103C9000038979D104897AD105897BD106897CD1C0
:103CA00007897DD108897ED1098980D10A89DBF114
:103CB0000B8981D10C8982D10D8983D10E8984D160
:103CC0000F8985D11089D6BA118986D11289FDB0A4
:103CD0001389D9F1148987D1158988D1168989D199
:103CE00017898AD118898BD11989D8F11A89D2F10B
:103CF0001B89DAF11C898CD11D898DD11E898ED149
:103D00001F898FD1208990D12189D7F1228991D122
:103D1000238992D1248993D12589ECC8268994D10D
:103D2000278995D1288996D1298997D12A89CACD01
:103D30002B89DDF12C8998D12D8999D12E899AD1A1
:103D40002F899BD13089BDE531899CD132899DD1A4
:103D500033899ED13489DCF135899FD13689DEF1F2
:103D60003789A0D1388940D2398941D23A8942D2A3
:103D70003B8943D23C8944D23D8945D23E8946D2D3
:103D80003F8947D2408948D24189DFF1428949D2EF
:103D900043894AD24489E5CF45894BD246894CD2E2
:103DA00047894DD248894ED249894FD24A8950D24B
:103DB0004B8951D24C8952D24D8953D24E8954D21B
:103DC0004F8955D2508956D2518957D2528958D2EB
:103DD000538959D254895AD255895BD256895CD2BB
:103DE00057895DD258895ED259895FD25A8960D28B
:103DF0005B8961D25C8962D25D8963D25E89C5F4D8
:103E00005F89F3BD608964D2618965D2628966D2B7
:103E1000638967D2648968D2658969D26689E0F16D
:103E200067896AD268896BD269896CD26A896DD2D6
:103E30006B896ED26C896FD26D8970D26E8971D2A6
:103E40006F8972D2708973D2718974D2728975D276
:103E5000738976D2748977D2758978D2768979D246
:103E600077897AD278897BD279897CD27A897DD216
:103E70007B89E1F17C897ED27D8980D27E8981D265
:103E80007F89F7CE808982D28189AAD2828983D222
:103E90008389FBF1848984D2858985D28689B2B8E9
:103EA000878986D2888987D2898988D28A8989D266
:103EB0008B898AD28C898BD28D898CD28E898DD236
:103EC0008F898ED290898FD2918990D2928991D206
:103ED000938992D2948993D2958994D2968995D2D6
:103EE000978996D2988997D2998998D29A8999D2A6
:103EF0009B899AD29C899BD29D899CD29E899DD276
:103F00009F899ED2A0899FD2A189A0D2A28940D3A5
:103F1000A38941D3A48942D3A58943D3A68944D395
:103F2000A78945D3A88946D3A98947D3AA8948D365
:103F3000AB8949D3AC894AD3AD894BD3AE894CD335
:103F4000AF894DD3B0894ED3B1894FD3B28950D305
:103F5000B38951D3B48952D3B58953D3B68954D3D5
:103F6000B78955D3B88956D3B98957D3BA8958D3A5
:103F7000BB8959D3BC895AD3BD895BD3BE895CD375
:103F8000BF895DD3C0895ED3C189FBBCC289DBB95F
:103F9000C3895FD3C489E6B9C589D9C3C689D3CAE1
:103FA000C789E8EAC889C0C0C989F5BECA89E9EAF3
:103FB000CB89EAEACC89EBEACD8960D3CE89ECEAF9
:103FC000CF89EDEAD089EEEAD189EFEAD289C7BD7F
:103FD000D38961D3D48962D3D58963D3D689FBF5DC
:103FE000D78964D3D88965D3D98966D3DA89FDF5B1
:103FF000DB8967D3DC89FEF5DD8968D3DE89FCF5D2
:10400000DF8969D3E0896AD3E1896BD3E2896CD314
:10401000E389E2BDE4896DD3E589A1F6E689A5B41B
:10402000E7896ED3E8896FD3E98970D3EA8971D3C0
:10403000EB89A2F6EC8972D3ED8973D3EE8974D340
:10404000EF89A3F6F08975D3F18976D3F28977D316
:10405000F389B2ECF48978D3F58979D3F6897AD3E8
:10406000F7897BD3F8897CD3F9897DD3FA897ED30C
:10407000FB8980D3FC8981D3FD8982D3FE8983D3D8
:10408000FF8984D3008AD4D1018A85D3028A86D35A
:10409000038A87D3048A88D3058A89D3068A8AD378
:1040A000078AEAD9088A8BD3098A8CD30A8A8DD3E6
:1040B0000B8A8ED30C8A8FD30D8A90D30E8A91D31C
:1040C0000F8A92D3108A93D3118A94D3128A95D3EC
:1040D000138A96D3148A97D3158A98D3168A99D3BC
:1040E000178A9AD3188A9BD3198A9CD31A8A9DD38C
:1040F0001B8A9ED31C8A9FD31D8AA0D31E8A40D4BC
:104100001F8A41D4208A42D4218A43D4228A44D4AB
:10411000238A45D4248A46D4258A47D4268A48D47B
:10412000278A49D4288A4AD4298A4BD42A8A4CD44B
:104130002B8A4DD42C8A4ED42D8A4FD42E8A50D41B
:104140002F8A51D4308A52D4318A53D4328A54D4EB
:10415000338A55D4348A56D4358A57D4368A58D4BB
:10416000378A59D4388A5AD4398A5BD43A8A5CD48B
:104170003B8A5DD43C8A5ED43D8A5FD43E8AA4F6F5
:104180003F8A60D4408A61D4418A62D4428A63D42F
:10419000438A64D4448A65D4458A66D4468A67D4FF
:1041A000478A68D4488ABAEE498A69D44A8A6AD466
:1041B0004B8A6BD44C8A6CD44D8A6DD44E8A6ED4A3
:1041C0004F8A6FD4508A70D4518A71D4528A72D473
:1041D000538A73D4548A74D4558A75D4568A76D443
:1041E000578A77D4588A78D4598A79D45A8A7AD413
:1041F0005B8A7BD45C8A7CD45D8A7DD45E8A7ED4E3
:104200005F8A80D4608A81D4618A82D4628A83D4AE
:10421000638A84D4648A85D4658A86D4668A87D47E
:10422000678A88D4688A89D4698A8AD46A8A8BD44E
:104230006B8A8CD46C8A8DD46D8A8ED46E8A8FD41E
:104240006F8A90D4708A91D4718A92D4728A93D4EE
:10425000738A94D4748A95D4758A96D4768A97D4BE
:10426000778A98D4788A99D4798AB2D57A8A9AD476
:104270007B8A9BD47C8A9CD47D8A9DD47E8A9ED462
:104280007F8A9FD4808AA0D4818A40D5828A41D5F2
:10429000838A42D5848A43D5858A44D5868A45D582
:1042A000878A46D5888A47D5898AFED38A8ADCCC14
:1042B0008B8A48D58C8A49D58D8A4AD58E8A4BD52A
:1042C0008F8A4CD5908A4DD5918A4ED5928A4FD5FA
:1042D000938AC4CA948A50D5958A51D5968A52D564
:1042E000978A53D5988A54D5998A55D59A8A56D59E
:1042F0009B8A57D59C8A58D59D8A59D59E8A5AD56E
:104300009F8A5BD5A08A5CD5A18A5DD5A28A5ED53D
:10431000A38A5FD5A48A60D5A58A61D5A68A62D50D
:10432000A78A63D5A88A64D5A98A65D5AA8A66D5DD
:10433000AB8A67D5AC8A68D5AD8A69D5AE8A6AD5AD
:10434000AF8A6BD5B08A6CD5B18A6DD5B28A6ED57D
:10435000B38A6FD5B48A70D5B58A71D5B68A72D54D
:10436000B78A73D5B88A74D5B98A75D5BA8A76D51D
:10437000BB8A77D5BC8A78D5BD8A79D5BE8A7AD5ED
:10438000BF8A7BD5C08A7CD5C18A7DD5C28A7ED5BD
:10439000C38A80D5C48A81D5C58A82D5C68A83D589
:1043A000C78A84D5C88A85D5C98A86D5CA8A87D559
:1043B000CB8A88D5CC8A89D5CD8A8AD5CE8A8BD529
:1043C000CF8A8CD5D08A8DD5D18A8ED5D28A8FD5F9
:1043D000D38A90D5D48A91D5D58A92D5D68A93D5C9
:1043E000D78A94D5D88A95D5D98A96D5DA8A97D599
:1043F000DB8A98D5DC8A99D5DD8A9AD5DE8A9BD569
:10440000DF8A9CD5E08A9DD5E18A9ED5E28A9FD538
:10441000E38AA0D5E48A40D6E58A41D6E68A42D628
:10442000E78A43D6E88A44D6E98A45D6EA8A46D658
:10443000EB8A47D6EC8A48D6ED8A49D6EE8A4AD628
:10444000EF8A4BD6F08A4CD6F18A4DD6F28A4ED6F8
:10445000F38A4FD6F48A50D6F58A51D6F68A52D6C8
:10446000F78A53D6F88A54D6F98A55D6FA8A56D698
:10447000FB8A57D6FC8A58D6FD8A59D6FE8A5AD668
:10448000FF8A5BD6008B5CD6018B5DD6028B5ED635
:10449000038B5FD6048B60D6058B61D6068B62D604
:1044A000078BC0E5088B63D6098B64D60A8B65D66B
:1044B0000B8B66D60C8B67D60D8B68D60E8B69D6A8
:1044C0000F8B6AD6108B6BD6118B6CD6128B6DD678
:1044D000138B6ED6148B6FD6158B70D6168B71D648
:1044E000178B72D6188B73D6198B74D61A8B75D618
:1044F0001B8B76D61C8B77D61D8B78D61E8B79D6E8
:104500001F8B7AD6208B7BD6218B7CD6228B7DD6B7
:10451000238B7ED6248B80D6258B81D6268BA5F641
:10452000278B82D6288B83D6298B84D62A8B85D657
:104530002B8B86D62C8B87D62D8B88D62E8B89D627
:104540002F8B8AD6308B8BD6318B8CD6328B8DD6F7
:10455000338B8ED6348B8FD6358B90D6368B91D6C7
:10456000378B92D6388B93D6398B94D63A8B95D697
:104570003B8B96D63C8B97D63D8B98D63E8B99D667
:104580003F8B9AD6408B9BD6418B9CD6428B9DD637
:10459000438B9ED6448B9FD6458BA0D6468B40D767
:1045A000478B41D7488B42D7498B43D74A8B44D757
:1045B0004B8B45D74C8B46D74D8B47D74E8B48D727
:1045C0004F8B49D7508B4AD7518B4BD7528B4CD7F7
:1045D000538B4DD7548B4ED7558B4FD7568B50D7C7
:1045E000578B51D7588B52D7598B53D75A8B54D797
:1045F0005B8B55D75C8B56D75D8B57D75E8B58D767
:104600005F8B59D7608B5AD7618B5BD7628B5CD736
:10461000638B5DD7648B5ED7658B5FD7668BAFBED0
:10462000678B60D7688B61D7698B62D76A8B63D7DA
:104630006B8B64D76C8BA9C66D8B65D76E8B66D779
:104640006F8B67D7708B68D7718B69D7728B6AD77E
:10465000738B6BD7748B6CD7758B6DD7768B6ED74E
:10466000778B6FD7788B70D7798B71D77A8B72D71E
:104670007B8B73D77C8B74D77D8B75D77E8B76D7EE
:104680007F8B77D7808B78D7818B79D7828B7AD7BE
:10469000838B7BD7848B7CD7858B7DD7868B7ED78E
:1046A000878B80D7888B81D7898B82D78A8B83D75A
:1046B0008B8B84D78C8B85D78D8B86D78E8B87D72A
:1046C0008F8B88D7908B89D7918B8AD7928B8BD7FA
:1046D000938B8CD7948B8DD7958B8ED7968B8FD7CA
:1046E000978B90D7988B91D7998B92D79A8B93D79A
:1046F0009B8B94D79C8B95D79D8B96D79E8B97D76A
:104700009F8B98D7A08BA5DAA18BC6BCA28BA9B62C
:10471000A38BBCB8A48BCFC8A58BA5BCA68BA6DAEF
:10472000A78BA7DAA88BD6CCA98BC3C8AA8BA8DA8B
:10473000AB8BFDC6AC8B99D7AD8BB5D1AE8BE9D227
:10474000AF8BB6D1B08BC7BCB18B9AD7B28BB2BD91
:10475000B38BE4BBB48BA9DAB58BAADAB68BC8D11C
:10476000B78BABDAB88BEDD0B98BEFB6BA8BDBC2B7
:10477000BB8B9BD7BC8BCFCBBD8BEDB7BE8BE8C9BA
:10478000BF8BC3B7C08BF7BEC18BA4D6C28BACDACC
:10479000C38BADDAC48BC0C6C58BE7D7C68BB6CA90
:1047A000C78B9CD7C88BA9D5C98BDFCBCA8BEFD55C
:1047B000CB8BAEDACC8BDFD6CD8BCAB4CE8BB0DA56
:1047C000CF8BAFDAD08B9DD7D18BEBD2D28BB1DA36
:1047D000D38BB2DAD48BB3DAD58BD4CAD68BB4DA16
:1047E000D78BABCAD88BB5DAD98BB6DADA8BCFB325
:1047F000DB8BEFD6DC8BB7DADD8BB0BBDE8BAEB5F7
:10480000DF8BB8DAE08BB9DAE18BEEB9E28BAFD1AE
:10481000E38BE8D2E48BBADAE58BC3B8E68BEACF58
:10482000E78BEFB2E88BBBDAE98BBCDAEA8B9ED779
:10483000EB8BEBBDEC8BDCCEED8BEFD3EE8BBDDAEF
:10484000EF8BF3CEF08BBEDAF18BD5D3F28BE5BBD9
:10485000F38BBFDAF48BB5CBF58BD0CBF68BC0DA0C
:10486000F78BEBC7F88BEED6F98BC1DAFA8BB5C5AF
:10487000FB8BC1B6FC8BC2DAFD8BCCB7FE8BCEBFF7
:10488000FF8BC3DA008CC4DA018CADCB028CC5DAA5
:10489000038CF7B5048CC6DA058CC2C1068CBBD775
:1048A000078CC7DA088CB8CC098C9FD70A8CEAD25F
:1048B0000B8CB1C40C8CC8DA0D8CFDB50E8CD1BB41
:1048C0000F8CC9DA108CB3D0118CCADA128CCBDA07
:1048D000138CBDCE148CCCDA158CCDDA168CCEDAD6
:1048E000178CF7B2188CD1DA198CCFDA1A8CE8D180
:1048F0001B8CD0DA1C8CD5C31D8CD2DA1E8CA0D7B1
:104900001F8CD3DA208CD4DA218CD5DA228CBBD060
:10491000238CA5D2248CF9B0258CD6DA268CABC793
:10492000278CD7DA288CF7BD298CA1C32A8CD8DA3A
:104930002B8CD9DA2C8CFDC32D8CB7CC2E8CDADAEB
:104940002F8CDBDA308CBEC0318CD7C6328CDCDAEF
:10495000338CDDDA348CB4C7358CDEDA368CDFDAB2
:10496000378CC8B9388C40D8398C41D83A8C42D869
:104970003B8C43D83C8C44D83D8C45D83E8C46D8A3
:104980003F8C47D8408C48D8418CEDBB428C49D8ED
:10499000438C4AD8448C4BD8458C4CD8468CB9B6FD
:1049A000478CF8F4488C4DD8498CF9F44A8C4ED891
:1049B0004B8C4FD84C8CE3CD4D8C50D84E8C51D86D
:1049C0004F8C52D8508C53D8518C54D8528C55D8C7
:1049D000538C56D8548C57D8558CB9F5568C58D81A
:1049E000578C59D8588C5AD8598C5BD85A8CE0EBD4
:1049F0005B8C5CD85C8C5DD85D8C5ED85E8C5FD83F
:104A00005F8C60D8608C61D8618CF3CF628CBFBB47
:104A1000638C62D8648C63D8658C64D8668C65D8E6
:104A2000678C66D8688C67D8698C68D86A8CC0BA7D
:104A30006B8CA5D46C8C69D86D8C6AD86E8C6BD855
:104A40006F8C6CD8708C6DD8718C6ED8728C6FD85E
:104A5000738CD9E1748C70D8758C71D8768C72D8BF
:104A6000778C73D8788CF4F5798CAAB17A8CF2B201
:104A70007B8C74D87C8C75D87D8C76D87E8C77D8DE
:104A80007F8C78D8808C79D8818C7AD8828CF5F517
:104A9000838C7BD8848C7CD8858CF7F5868C7DD8EC
:104AA000878C7ED8888C80D8898CD1BA8A8CF6F590
:104AB0008B8C81D88C8CB2C38D8C82D88E8C83D811
:104AC0008F8C84D8908C85D8918C86D8928C87D8FE
:104AD000938C88D8948CF9F5958C89D8968C8AD843
:104AE000978C8BD8988CF8F5998C8CD89A8C8DD81B
:104AF0009B8C8ED89C8C8FD89D8C90D89E8C91D876
:104B00009F8C92D8A08C93D8A18C94D8A28C95D845
:104B1000A38C96D8A48C97D8A58C98D8A68C99D815
:104B2000A78C9AD8A88C9BD8A98C9CD8AA8C9DD8E5
:104B3000AB8C9ED8AC8C9FD8AD8CA0D8AE8C40D915
:104B4000AF8C41D9B08C42D9B18C43D9B28C44D905
:104B5000B38C45D9B48C46D9B58C47D9B68C48D9D5
:104B6000B78C49D9B88C4AD9B98C4BD9BA8C4CD9A5
:104B7000BB8C4DD9BC8C4ED9BD8C4FD9BE8C50D975
:104B8000BF8C51D9C08C52D9C18C53D9C28C54D945
:104B9000C38C55D9C48C56D9C58C57D9C68C58D915
:104BA000C78C59D9C88C5AD9C98C5BD9CA8C5CD9E5
:104BB000CB8C5DD9CC8C5ED9CD8C5FD9CE8C60D9B5
:104BC000CF8C61D9D08C62D9D18C63D9D28C64D985
:104BD000D38C65D9D48C66D9D58C67D9D68C68D955
:104BE000D78C69D9D88C6AD9D98C6BD9DA8C6CD925
:104BF000DB8C6DD9DC8C6ED9DD8C6FD9DE8C70D9F5
:104C0000DF8C71D9E08C72D9E18C73D9E28C74D9C4
:104C1000E38C75D9E48C76D9E58C77D9E68C78D994
:104C2000E78C79D9E88C7AD9E98C7BD9EA8C7CD964
:104C3000EB8C7DD9EC8C7ED9ED8C80D9EE8C81D932
:104C4000EF8C82D9F08C83D9F18C84D9F28C85D900
:104C5000F38C86D9F48C87D9F58C88D9F68C89D9D0
:104C6000F78C8AD9F88C8BD9F98C8CD9FA8C8DD9A0
:104C7000FB8C8ED9FC8C8FD9FD8C90D9FE8C91D970
:104C8000FF8C92D9008D93D9018D94D9028D95D93D
:104C9000038D96D9048D97D9058D98D9068D99D90C
:104CA000078D9AD9088D9BD9098D9CD90A8D9DD9DC
:104CB0000B8D9ED90C8D9FD90D8DA0D90E8D40DA0C
:104CC0000F8D41DA108D42DA118D43DA128D44DAFC
:104CD000138D45DA148D46DA158D47DA168D48DACC
:104CE000178D49DA188D4ADA198D4BDA1A8D4CDA9C
:104CF0001B8D4DDA1C8D4EDA1D8DB4B11E8DEAD59B
:104D00001F8DBAB8208D4FDA218DB1B9228DC6B270
:104D1000238DF0D4248DCDCF258DDCB0268DCBD541
:104D2000278DF5BB288DCAD6298DB7B72A8DB0CC73
:104D30002B8DB6C62C8DE1B12D8DBAB92E8DFCD63A
:104D40002F8DE1B9308DA1B7318DFABC328DDAEA01
:104D5000338DDBEA348DF9CC358DF3B9368DDCEA51
:104D6000378DFBB4388DB3C3398DD1B73A8DD8BAEE
:104D70003B8DDDEA3C8DF4D43D8DDEEA3E8DD6BC24
:104D80003F8DDFBB408DDFEA418DDEC1428DB8C271
:104D9000438DDFD4448DCAD7458DE0EA468DE1EAE4
:104DA000478DE4EA488DE2EA498DE3EA4A8DDEC99F
:104DB0004B8DB3B84C8DC4B64D8DE5EA4E8DEACA25
:104DC0004F8DCDC9508DCDB4518D50DA528D51DA01
:104DD000538DD9E2548DE2C5558DE6EA568DB5C0A6
:104DE000578D52DA588DB8D7598DE7EA5A8DACD71E
:104DF0005B8DFCC85C8DD3D85D8DCDD85E8DDED447
:104E00005F8D53DA608DF9D4618DC4C9628DAED3E4
:104E1000638DD3B8648DE0B3658D54DA668DE2C9D5
:104E2000678DF6F4688D55DA698D56DA6A8D57DA32
:104E30006B8DD5BA6C8D58DA6D8DF7F46E8D59DAAD
:104E40006F8D5ADA708DDFD7718D5BDA728D5CDA17
:104E5000738DF1F4748DB0B8758DD4D5768DCFB8CF
:104E6000778DF0C6788D5DDA798D5EDA7A8D5FDACE
:104E70007B8D60DA7C8D61DA7D8D62DA7E8D63DA1E
:104E80007F8D64DA808D65DA818DC3B3828D66DAB9
:104E9000838D67DA848DF2F4858DACB3868D68DA04
:104EA000878D69DA888D6ADA898D6BDA8A8DBDD44F
:104EB0008B8DF7C78C8D6CDA8D8D6DDA8E8D6EDAF9
:104EC0008F8D6FDA908D70DA918DF4F4928D71DAA6
:104ED000938D72DA948DF3F4958D73DA968D74DA7E
:104EE000978D75DA988D76DA998D77DA9A8D78DAEA
:104EF0009B8D79DA9C8D7ADA9D8D7BDA9E8D7CDABA
:104F00009F8DCBCCA08D7DDAA18D7EDAA28D80DA4B
:104F1000A38DA4C8A48D81DAA58D82DAA68D83DA4B
:104F2000A78D84DAA88D85DAA98D86DAAA8D87DA2D
:104F3000AB8D88DAAC8D89DAAD8D8ADAAE8D8BDAFD
:104F4000AF8D8CDAB08D8DDAB18DF5F4B28D8EDA4D
:104F5000B38DE3D7B48DBFC5B58DC0F5B68D8FDAEF
:104F6000B78D90DAB88DBBF5B98D91DABA8DC3F5EE
:104F7000BB8D92DABC8DC2F5BD8D93DABE8DBAD6EB
:104F8000BF8DC1F5C08D94DAC18D95DAC28D96DAE8
:104F9000C38DBED4C48DC4F5C58D97DAC68DCCF54E
:104FA000C78D98DAC88D99DAC98D9ADACA8D9BDADD
:104FB000CB8DCFB0CC8DF8B5CD8D9CDACE8DC9F52B
:104FC000CF8DCAF5D08D9DDAD18DDCC5D28D9EDA1C
:104FD000D38D9FDAD48DA0DAD58D40DBD68DC5F583
:104FE000D78DC6F5D88D41DBD98D42DBDA8DC7F57B
:104FF000DB8DCBF5DC8D43DBDD8DE0BEDE8DC8F5D2
:10500000DF8DFAB8E08D44DBE18D45DBE28D46DBD8
:10501000E38DD0F5E48DD3F5E58D47DBE68D48DBF8
:10502000E78D49DBE88DE7BFE98D4ADBEA8DF2B910
:10503000EB8DBCF5EC8DCDF5ED8D4BDBEE8D4CDBCA
:10504000EF8DB7C2F08D4DDBF18D4EDBF28D4FDB76
:10505000F38DF8CCF48D50DBF58DF9BCF68D51DB7A
:10506000F78DCEF5F88DCFF5F98DD1F5FA8DE5B642
:10507000FB8DD2F5FC8D52DBFD8DD5F5FE8D53DB1E
:10508000FF8D54DB008E55DB018E56DB028E57DB25
:10509000038E58DB048E59DB058EBDF5068E5ADB78
:1050A000078E5BDB088E5CDB098ED4F50A8EBBD3E2
:1050B0000B8E5DDB0C8EECB30D8E5EDB0E8E5FDB3C
:1050C0000F8EA4CC108E60DB118E61DB128E62DB42
:1050D000138E63DB148ED6F5158E64DB168E65DBBE
:1050E000178E66DB188E67DB198E68DB1A8E69DB1C
:1050F0001B8E6ADB1C8E6BDB1D8ED7F51E8EE1BE10
:105100001F8ED8F5208E6CDB218E6DDB228EDFCCDE
:10511000238EDBF5248E6EDB258E6FDB268E70DB17
:10512000278E71DB288E72DB298EC8B22A8ED9D7E2
:105130002B8E73DB2C8ED9F52D8E74DB2E8EDAF54B
:105140002F8EDCF5308E75DB318EE2F5328E76DB1C
:10515000338E77DB348E78DB358EE0F5368E79DB77
:10516000378E7ADB388E7BDB398EDFF53A8EDDF5D4
:105170003B8E7CDB3C8E7DDB3D8EE1F53E8E7EDB27
:105180003F8E80DB408EDEF5418EE4F5428EE5F504
:10519000438E81DB448EE3CC458E82DB468E83DBFF
:1051A000478EBFE5488EB8B5498EE3F54A8EE8F5DF
:1051B0004B8EA3CC4C8E84DB4D8E85DB4E8E86DBF6
:1051C0004F8E87DB508E88DB518EE6F5528EE7F5E9
:1051D000538E89DB548E8ADB558E8BDB568E8CDBAF
:1051E000578E8DDB588E8EDB598EBEF55A8E8FDB37
:1051F0005B8E90DB5C8E91DB5D8E92DB5E8E93DB53
:105200005F8E94DB608E95DB618E96DB628E97DB22
:10521000638E98DB648E99DB658E9ADB668EC4B1F3
:10522000678E9BDB688E9CDB698EBFF56A8E9DDB8B
:105230006B8E9EDB6C8EC5B56D8EE4B26E8E9FDB81
:105240006F8EECF5708EE9F5718EA0DB728ED7B69D
:10525000738E40DC748EEDF5758E41DC768EEAF54A
:10526000778E42DC788E43DC798E44DC7A8E45DCA6
:105270007B8E46DC7C8EEBF57D8E47DC7E8E48DCBB
:105280007F8EDAB4808E49DC818EEAD4828E4ADC4D
:10529000838E4BDC848E4CDC858EEEF5868E4DDC69
:1052A000878EF9B3888E4EDC898E4FDC8A8E50DC77
:1052B0008B8E51DC8C8E52DC8D8E53DC8E8E54DCCA
:1052C0008F8EEFF5908EF1F5918E55DC928E56DC37
:1052D000938E57DC948EF0F5958E58DC968E59DCC3
:1052E000978E5ADC988E5BDC998E5CDC9A8E5DDC46
:1052F0009B8E5EDC9C8EF2F59D8E5FDC9E8EF3F5C0
:105300009F8E60DCA08E61DCA18E62DCA28E63DCED
:10531000A38E64DCA48E65DCA58E66DCA68E67DCBD
:10532000A78E68DCA88E69DCA98E6ADCAA8E6BDC8D
:10533000AB8EEDC9AC8EAAB9AD8E6CDCAE8E6DDCD9
:10534000AF8EFBC7B08E6EDCB18E6FDCB28EE3B673
:10535000B38E70DCB48E71DCB58E72DCB68E73DC0D
:10536000B78E74DCB88E75DCB98E76DCBA8EC9CC9B
:10537000BB8E77DCBC8E78DCBD8E79DCBE8E7ADCB1
:10538000BF8E7BDCC08E7CDCC18E7DDCC28E7EDC81
:10539000C38E80DCC48E81DCC58E82DCC68E83DC4D
:1053A000C78E84DCC88E85DCC98E86DCCA8E87DC1D
:1053B000CB8E88DCCC8E89DCCD8E8ADCCE8EA6EAC4
:1053C000CF8E8BDCD08E8CDCD18E8DDCD28E8EDCC1
:1053D000D38E8FDCD48E90DCD58E91DCD68E92DC91
:1053E000D78E93DCD88E94DCD98E95DCDA8E96DC61
:1053F000DB8E97DCDC8E98DCDD8E99DCDE8E9ADC31
:10540000DF8E9BDCE08E9CDCE18E9DDCE28E9EDC00
:10541000E38E9FDCE48EA0DCE58E40DDE68E41DD90
:10542000E78E42DDE88E43DDE98E44DDEA8E45DD20
:10543000EB8E46DDEC8E47DDED8E48DDEE8E49DDF0
:10544000EF8E4ADDF08E4BDDF18E4CDDF28E4DDDC0
:10545000F38E4EDDF48E4FDDF58E50DDF68E51DD90
:10546000F78E52DDF88E53DDF98E54DDFA8E55DD60
:10547000FB8E56DDFC8E57DDFD8E58DDFE8E59DD30
:10548000FF8E5ADD008F5BDD018F5CDD028F5DDDFD
:10549000038F5EDD048F5FDD058F60DD068F61DDCC
:1054A000078F62DD088F63DD098F64DD0A8F65DD9C
:1054B0000B8F66DD0C8F67DD0D8F68DD0E8F69DD6C
:1054C0000F8F6ADD108F6BDD118F6CDD128F6DDD3C
:1054D000138F6EDD148F6FDD158F70DD168F71DD0C
:1054E000178F72DD188F73DD198F74DD1A8F75DDDC
:1054F0001B8F76DD1C8F77DD1D8F78DD1E8F79DDAC
:105500001F8F7ADD208F7BDD218F7CDD228F7DDD7B
:10551000238F7EDD248F80DD258F81DD268F82DD48
:10552000278F83DD288F84DD298F85DD2A8F86DD17
:105530002B8F87DD2C8F88DD2D8F89DD2E8F8ADDE7
:105540002F8F8BDD308F8CDD318F8DDD328F8EDDB7
:10555000338F8FDD348F90DD358F91DD368F92DD87
:10556000378F93DD388F94DD398F95DD3A8F96DD57
:105570003B8F97DD3C8F98DD3D8F99DD3E8F9ADD27
:105580003F8F9BDD408F9CDD418F9DDD428F9EDDF7
:10559000438F9FDD448FA0DD458F40DE468F41DE87
:1055A000478F42DE488F43DE498F44DE4A8F45DE17
:1055B0004B8F46DE4C8F47DE4D8F48DE4E8F49DEE7
:1055C0004F8F4ADE508F4BDE518F4CDE528F4DDEB7
:1055D000538F4EDE548F4FDE558F50DE568F51DE87
:1055E000578F52DE588F53DE598F54DE5A8F55DE57
:1055F0005B8F56DE5C8F57DE5D8F58DE5E8F59DE27
:105600005F8F5ADE608F5BDE618F5CDE628F5DDEF6
:10561000638F5EDE648F5FDE658F60DE668FB5B39D
:10562000678FFED4688FECB9698FF9D06A8F61DE1D
:105630006B8FEDE96C8FAAD76D8FEEE96E8FD6C2B6
:105640006F8FEDC8708FE4BA718FEFE9728FF0E958
:10565000738FF1E9748FE1D6758FF2E9768FF3E9F4
:10566000778FF5E9788FF4E9798FF6E97A8FF7E9A2
:105670007B8FE1C77C8FF8E97D8FD8D47E8FF9E9E5
:105680007F8FCEBD808F62DE818FFAE9828FFBE94A
:10569000838FCFBD848FFCE9858FA8B8868FBEC16C
:1056A000878FFDE9888FB2B1898FD4BB8A8FF5B916
:1056B0008B8FFEE98C8F63DE8D8FA1EA8E8FA2EA3D
:1056C0008F8FA3EA908FF8B7918FADBC928F64DE75
:1056D000938FE4CA948FCEE0958FAFD4968FBDCFD1
:1056E000978FB7D5988FA4EA998FDED59A8FA5EAC0
:1056F0009B8FC1D09C8FBCB99D8F65DE9E8FC7B438
:105700009F8FD9B1A08F66DEA18F67DEA28F68DE82
:10571000A38FB1C0A48F69DEA58F6ADEA68F6BDE72
:10572000A78F6CDEA88FE6B1A98FE7B1AA8F6DDED7
:10573000AB8FE8B1AC8F6EDEAD8F6FDEAE8F70DEFB
:10574000AF8F71DEB08FBDB3B18FE8C8B28F72DE9C
:10575000B38F73DEB48F74DEB58F75DEB68FC1E59F
:10576000B78F76DEB88F77DEB98FDFB1BA8F78DE8C
:10577000BB8F79DEBC8F7ADEBD8FC9C1BE8FEFB41F
:10578000BF8F7BDEC08F7CDEC18FA8C7C28FD8D30E
:10579000C38F7DDEC48FF9C6C58FB8D1C68F7EDEBC
:1057A000C78FFDB9C88FF5C2C98F80DECA8F81DE71
:1057B000CB8F82DECC8F83DECD8F84DECE8FADD3D8
:1057C000CF8F85DED08FCBD4D18FFCBDD28F86DE3C
:1057D000D38FC2E5D48FB5B7D58FC3E5D68F87DE1B
:1057E000D78F88DED88FB9BBD98FE2D5DA8F89DE23
:1057F000DB8FF8BDDC8FB6D4DD8FA5CEDE8FACC1DC
:10580000DF8FD9B3E08F8ADEE18F8BDEE28FF6CCBB
:10581000E38F8CDEE48FC6E5E58FC4E5E68FC8E54F
:10582000E78F8DDEE88FCAE5E98FC7E5EA8FCFB550
:10583000EB8FC8C6EC8F8EDEED8FFCB5EE8FC5E525
:10584000EF8F8FDEF08FF6CAF18F90DEF28F91DE50
:10585000F38FC9E5F48F92DEF58F93DEF68F94DE39
:10586000F78FD4C3F88FC5B1F98FA3BCFA8F95DE3B
:10587000FB8F96DEFC8F97DEFD8FB7D7FE8F98DE0D
:10588000FF8F99DE0090CBCD0190CDCB0290CACA9C
:105890000390D3CC0490CCE50590CBE50690E6C40C
:1058A00007909ADE08909BDE0990A1D10A90B7D1AB
:1058B0000B90CDE50C909CDE0D90D0E50E909DDE1A
:1058C0000F90B8CD1090F0D61190CFE51290DDB5C5
:1058D00013909EDE1490BECD15909FDE1690D1E5FC
:1058E0001790BAB61890A0DE199040DF1A90A8CD94
:1058F0001B90E4B91C9041DF1D90C5CA1E90D1B326
:105900001F90D9CB2090ECD42190D2E52290EAB719
:10591000239042DF249043DF259044DF2690CEE59C
:10592000279045DF289046DF299047DF2A9048DFFF
:105930002B9049DF2C904ADF2D90D5E52E90FEB4B8
:105940002F90D6E530904BDF31904CDF32904DDF19
:1059500033904EDF34904FDF3590D3E53690D4E569
:10596000379050DF3890DDD2399051DF3A9052DFD6
:105970003B90DFC23C90C6B13D9053DF3E90E2D3F6
:105980003F9054DF409055DF4190DDB64290ECCB24
:10599000439056DF4490D7E5459057DF469058DF57
:1059A0004790F6D3489059DF49905ADF4A905BDF21
:1059B0004B905CDF4C905DDF4D90E9B14E905EDF27
:1059C0004F90F4B65090DAE55190D8E55290D9E571
:1059D0005390C0B554905FDF559060DF569061DF03
:1059E0005790C5D25890DCE5599062DF5A9063DF3A
:1059F0005B90DEE55C9064DF5D9065DF5E9066DF66
:105A00005F9067DF609068DF619069DF6290DDE53D
:105A10006390B2C764906ADF6590A3D266906BDF33
:105A200067906CDF6890DBE569906DDF6A906EDFF0
:105A30006B906FDF6C9070DF6D90E2D46E90DAD572
:105A40006F9071DF709072DF719073DF729074DF0E
:105A5000739075DF7490E0E57590F1D7769076DFFE
:105A6000779077DF789078DF799079DF7A907ADFB6
:105A70007B907BDF7C907CDF7D90E1E57E907DDF1D
:105A80007F90DCB18090FBD181907EDF8290E2E557
:105A90008390E4E5849080DF859081DF869082DFCB
:105AA000879083DF8890E3E5899084DF8A9085DFA3
:105AB0008B90E5E58C9086DF8D9087DF8E9088DF78
:105AC0008F9089DF90908ADF9190D8D292908BDF6F
:105AD0009390CBB594908CDF9590DFE796908DDF17
:105AE0009790F5DA98908EDF9990F8DA9A908FDF98
:105AF0009B90F6DA9C9090DF9D90F7DA9E9091DF74
:105B00009F9092DFA09093DFA190FADAA290CFD07D
:105B1000A390C7C4A49094DFA59095DFA690EEB0A3
:105B2000A79096DFA89097DFA99098DFAA90B0D0B1
:105B3000AB9099DFAC90F9DAAD909ADFAE90CAD312
:105B4000AF90AABAB090A2DBB190F1C7B2909BDF40
:105B5000B390FCDAB490FBDAB590DBC9B690FDDA0D
:105B6000B7909CDFB890A1DBB990DED7BA90FEDA8F
:105B7000BB90DAC1BC909DDFBD909EDFBE90A5DBDF
:105B8000BF909FDFC090A0DFC190F4D3C29040E0EF
:105B9000C39041E0C490A7DBC590A4DBC69042E06F
:105BA000C790A8DBC89043E0C99044E0CA90BCBD50
:105BB000CB9045E0CC9046E0CD9047E0CE90C9C078
:105BC000CF90A3DBD090A6DBD190A3D6D29048E0B3
:105BD000D390A9DBD49049E0D5904AE0D6904BE031
:105BE000D790ADDBD8904CE0D9904DE0DA904EE004
:105BF000DB90AEDBDC90ACDBDD90C2BADE904FE038
:105C0000DF9050E0E09051E0E190A4BFE290ABDB88
:105C1000E39052E0E49053E0E59054E0E690AADB94
:105C2000E790C7D4E890BFB2E99055E0EA9056E01B
:105C3000EB90AFDBEC9057E0ED90F9B9EE9058E0C7
:105C4000EF90B0DBF09059E0F1905AE0F2905BE019
:105C5000F3905CE0F490BBB3F5905DE0F6905EE00D
:105C6000F7905FE0F890A6B5F99060E0FA9061E0F7
:105C7000FB9062E0FC9063E0FD90BCB6FE90B1DB6F
:105C8000FF9064E0009165E0019166E00291F5B655
:105C9000039167E00491B2DB059168E0069169E049
:105CA00007916AE008916BE009916CE00A916DE060
:105CB0000B916EE00C916FE00D9170E00E9171E030
:105CC0000F9172E0109173E0119174E0129175E000
:105CD000139176E0149177E0159178E0169179E0D0
:105CE00017917AE018917BE01991C9B11A917CE083
:105CF0001B917DE01C917EE01D9180E01E91B4DB44
:105D00001F9181E0209182E0219183E02291B3DB19
:105D10002391B5DB249184E0259185E0269186E0EE
:105D2000279187E0289188E0299189E02A918AE0EB
:105D30002B918BE02C918CE02D918DE02E918EE0BB
:105D40002F91B7DB30918FE03191B6DB329190E04B
:105D5000339191E0349192E0359193E0369194E063
:105D6000379195E0389196E03991B8DB3A9197E018
:105D70003B9198E03C9199E03D919AE03E919BE007
:105D80003F919CE040919DE041919EE042919FE0D7
:105D90004391B9DB4491A0E0459140E14691BADBE3
:105DA000479141E1489142E14991CFD34A91FAF4B8
:105DB0004B91F5C74C91C3D74D91E4C54E91FCF47E
:105DC0004F91FDF45091FBF4519143E15291C6BEC5
:105DD000539144E1549145E1559146E1569147E193
:105DE0005791EFD0589148E1599149E15A91D3B771
:105DF0005B914AE15C914BE15D91CDD45E91AACC7F
:105E00005F914CE160914DE16191A2F56291A1F544
:105E10006391A8BA6491FEF46591D6CB66914EE188
:105E200067914FE1689150E16991A4F56A91D2C000
:105E30006B9151E16C91EAB36D9152E16E91AACDF3
:105E40006F91A5F57091A3F57191B4BD7291A8F50C
:105E5000739153E17491A9F57591CDBD7691B8C355
:105E60007791E1BF7891E1CB7991AAF57A9154E1EC
:105E70007B9155E17C9156E17D91A6F57E91A7F548
:105E80007F91F0C4809157E1819158E1829159E16D
:105E900083915AE184915BE18591ACF586915CE157
:105EA0008791BCB488915DE18991EDD78A915EE1DB
:105EB0008B91D7B48C91ABF58D91AEF58E915FE15E
:105EC0008F9160E19091ADF59191AFF59291D1D024
:105ED000939161E1949162E1959163E1969164E11E
:105EE000979165E1989166E1999167E19A91D1C3A3
:105EF0009B91A9C89C9168E19D9169E19E916AE19D
:105F00009F916BE1A0916CE1A1916DE1A291B0F53F
:105F1000A391B1F5A4916EE1A5916FE1A69170E115
:105F2000A79171E1A89172E1A99173E1AA91B2F5EB
:105F3000AB9174E1AC9175E1AD91B3F5AE91B4F56F
:105F4000AF91B5F5B09176E1B19177E1B29178E199
:105F5000B39179E1B491B7F5B591B6F5B6917AE11F
:105F6000B7917BE1B8917CE1B9917DE1BA91B8F547
:105F7000BB917EE1BC9180E1BD9181E1BE9182E166
:105F8000BF9183E1C09184E1C19185E1C29186E135
:105F9000C39187E1C49188E1C59189E1C6918AE105
:105FA000C791C9B2C8918BE1C991D4D3CA91CDCA66
:105FB000CB918CE1CC91EFC0CD91D8D6CE91B0D21F
:105FC000CF91BFC1D0918DE1D191F0BDD2918EE141
:105FD000D3918FE1D49190E1D59191E1D69192E165
:105FE000D79193E1D89194E1D99195E1DA9196E135
:105FF000DB9197E1DC91AAB8DD9198E1DE9199E11E
:10600000DF919AE1E0919BE1E1919CE1E2919DE1D8
:10601000E3919EE1E4919FE1E591A0E1E69140E208
:10602000E79141E2E89142E2E99143E2EA9144E2F8
:10603000EB9145E2EC9146E2ED9147E2EE9148E2C8
:10604000EF9149E2F0914AE2F1914BE2F2914CE298
:10605000F3914DE2F4914EE2F5914FE2F69150E268
:10606000F79151E2F89152E2F99153E2FA9154E238
:10607000FB9155E2FC9156E2FD9157E2FE9158E208
:10608000FF9159E200925AE201925BE202925CE2D5
:1060900003925DE204925EE205925FE2069260E2A4
:1060A000079261E2089262E2099263E20A9264E274
:1060B0000B9265E20C9266E20D9267E20E9268E244
:1060C0000F9269E210926AE211926BE212926CE214
:1060D00013926DE214926EE215926FE2169270E2E4
:1060E000179271E2189272E2199273E21A9274E2B4
:1060F0001B9275E21C9276E21D9277E21E9278E284
:106100001F9279E220927AE221927BE222927CE253
:1061100023927DE224927EE2259280E2269281E221
:10612000279282E2289283E2299284E22A9285E2EF
:106130002B9286E22C9287E22D9288E22E9289E2BF
:106140002F928AE230928BE231928CE232928DE28F
:1061500033928EE234928FE2359290E2369291E25F
:10616000379292E2389293E2399294E23A9295E22F
:106170003B9296E23C9297E23D9298E23E9299E2FF
:106180003F929AE240929BE241929CE242929DE2CF
:1061900043929EE244929FE24592A0E2469240E3FF
:1061A000479241E3489242E3499243E34A9244E3EF
:1061B0004B9245E34C9246E34D9247E34E9248E3BF
:1061C0004F9249E350924AE351924BE352924CE38F
:1061D00053924DE354924EE355924FE3569250E35F
:1061E000579251E3589252E3599253E35A9254E32F
:1061F0005B9255E35C9256E35D9257E35E9258E3FF
:106200005F9259E360925AE361925BE362925CE3CE
:1062100063925DE364925EE365925FE3669260E39E
:10622000679261E3689262E3699263E36A9264E36E
:106230006B9265E36C9266E36D9267E36E9268E33E
:106240006F9269E370926AE371926BE372926CE30E
:1062500073926DE37492F8BC75926EE376926FE37D
:10626000779270E3789271E3799272E37A9273E3B2
:106270007B9274E37C9275E37D9276E37E9277E382
:106280007F9278E3809279E381927AE382927BE352
:1062900083927CE384927DE385927EE3869280E321
:1062A000879281E3889282E3899283E38A9284E3EE
:1062B0008B9285E38C9286E38D9287E38E92C6F66D
:1062C0008F9288E3909289E391928AE392928BE392
:1062D00093928CE394928DE395928EE396928FE362
:1062E000979290E3989291E3999292E39A9293E332
:1062F0009B9294E39C9295E39D9296E39E9297E302
:106300009F9298E3A09299E3A1929AE3A2929BE3D1
:10631000A3929CE3A4929DE3A5929EE3A6929FE3A1
:10632000A792A0E3A89240E4A99241E4AA9242E491
:10633000AB9243E4AC9244E4AD9245E4AE92C7F62E
:10634000AF9246E4B09247E4B19248E4B29249E495
:10635000B3924AE4B4924BE4B5924CE4B6924DE465
:10636000B7924EE4B8924FE4B99250E4BA9251E435
:10637000BB9252E4BC9253E4BD9254E4BE9255E405
:10638000BF9256E4C09257E4C19258E4C29259E4D5
:10639000C3925AE4C4925BE4C5925CE4C6925DE4A5
:1063A000C7925EE4C892C8F6C9925FE4CA9260E4FC
:1063B000CB9261E4CC9262E4CD9263E4CE9264E449
:1063C000CF9265E4D09266E4D19267E4D29268E419
:1063D000D39269E4D4926AE4D5926BE4D6926CE4E9
:1063E000D7926DE4D8926EE4D9926FE4DA9270E4B9
:1063F000DB9271E4DC9272E4DD9273E4DE9274E489
:10640000DF9275E4E09276E4E19277E4E29278E458
:10641000E39279E4E4927AE4E5927BE4E6927CE428
:10642000E7927DE4E8927EE4E99280E4EA9281E4F6
:10643000EB9282E4EC9283E4ED9284E4EE9285E4C4
:10644000EF9286E4F09287E4F19288E4F29289E494
:10645000F3928AE4F4928BE4F5928CE4F6928DE464
:10646000F7928EE4F8928FE4F99290E4FA9291E434
:10647000FB9292E4FC9293E4FD9294E4FE9295E404
:10648000FF9296E4009397E4019398E4029399E4D1
:1064900003939AE404939BE405939CE406939DE4A0
:1064A00007939EE408939FE40993A0E40A9340E5D0
:1064B0000B9341E50C9342E50D9343E50E9344E5C0
:1064C0000F9345E5109346E5119347E5129348E590
:1064D000139349E514934AE515934BE516934CE560
:1064E00017934DE518934EE519934FE51A9350E530
:1064F0001B9351E51C9352E51D9353E51E9354E500
:106500001F9355E5209356E5219357E5229358E5CF
:10651000239359E524935AE525935BE526935CE59F
:1065200027935DE528935EE529935FE52A9360E56F
:106530002B9361E52C9362E52D9363E52E9364E53F
:106540002F9365E5309366E5319367E5329368E50F
:10655000339369E534936AE535936BE536936CE5DF
:1065600037936DE538936EE539936FE53A9370E5AF
:106570003B9371E53C9372E53D9373E53E93C9F619
:106580003F9374E5409375E5419376E5429377E553
:10659000439378E5449379E545937AE546937BE523
:1065A00047937CE548937DE549937EE54A9380E5F2
:1065B0004B9381E54C9382E54D9383E54E9384E5BF
:1065C0004F9385E5509386E5519387E5529388E58F
:1065D000539389E554938AE555938BE556938CE55F
:1065E00057938DE558938EE559938FE55A9390E52F
:1065F0005B9391E55C9392E55D9393E55E9394E5FF
:106600005F9395E5609396E5619397E5629398E5CE
:10661000639399E564939AE565939BE566939CE59E
:1066200067939DE568939EE569939FE56A93CAF633
:106630006B93A0E56C9340E66D9341E66E9342E662
:106640006F9343E6709344E6719345E6729346E692
:10665000739347E6749348E6759349E676934AE662
:1066600077934BE678934CE679934DE67A934EE632
:106670007B934FE67C9350E67D9351E67E9352E602
:106680007F9353E6809354E6819355E6829356E6D2
:10669000839357E6849358E6859359E686935AE6A2
:1066A00087935BE688935CE689935DE68A935EE672
:1066B0008B935FE68C9360E68D9361E68E9362E642
:1066C0008F93CCF6909363E6919364E6929365E69C
:1066D000939366E6949367E6959368E6969369E6E6
:1066E00097936AE698936BE699936CE69A936DE6B6
:1066F0009B936EE69C936FE69D9370E69E9371E686
:106700009F9372E6A09373E6A19374E6A29375E655
:10671000A39376E6A49377E6A59378E6A69379E625
:10672000A7937AE6A8937BE6A9937CE6AA937DE6F5
:10673000AB937EE6AC9380E6AD9381E6AE9382E6C2
:10674000AF9383E6B09384E6B19385E6B29386E691
:10675000B39387E6B49388E6B59389E6B6938AE661
:10676000B7938BE6B8938CE6B9938DE6BA938EE631
:10677000BB938FE6BC9390E6BD9391E6BE9392E601
:10678000BF9393E6C09394E6C19395E6C29396E6D1
:10679000C39397E6C49398E6C59399E6C6939AE6A1
:1067A000C7939BE6C8939CE6C9939DE6CA93CBF634
:1067B000CB939EE6CC939FE6CD93A0E6CE9340E7A5
:1067C000CF9341E7D09342E7D19343E7D29344E795
:1067D000D39345E7D49346E7D59347E7D693E9F7B4
:1067E000D79348E7D89349E7D9934AE7DA934BE739
:1067F000DB934CE7DC934DE7DD934EE7DE934FE709
:10680000DF9350E7E09351E7E19352E7E29353E7D8
:10681000E39354E7E49355E7E59356E7E69357E7A8
:10682000E79358E7E89359E7E9935AE7EA935BE778
:10683000EB935CE7EC935DE7ED935EE7EE935FE748
:10684000EF9360E7F09361E7F19362E7F29363E718
:10685000F39364E7F49365E7F59366E7F69367E7E8
:10686000F79368E7F89369E7F9936AE7FA936BE7B8
:10687000FB936CE7FC936DE7FD936EE7FE936FE788
:10688000FF9370E7009471E7019472E7029473E755
:10689000039474E7049475E7059476E7069477E724
:1068A000079478E7089479E709947AE70A947BE7F4
:1068B0000B947CE70C947DE70D947EE70E9480E7C3
:1068C0000F9481E7109482E7119483E7129484E790
:1068D000139485E7149486E7159487E7169488E760
:1068E000179489E718948AE719948BE71A948CE730
:1068F0001B948DE71C948EE71D948FE71E9490E700
:106900001F9491E7209492E7219493E7229494E7CF
:10691000239495E7249496E7259497E7269498E79F
:10692000279499E728949AE729949BE72A949CE76F
:106930002B949DE72C949EE72D949FE72E94A0E73F
:106940002F9440E8309441E8319442E8329443E88F
:10695000339444E8349445E8359446E8369447E85F
:10696000379448E8389449E839944AE83A944BE82F
:106970003B944CE83C944DE83D944EE83E94CDF673
:106980003F944FE8409450E8419451E8429452E8D3
:10699000439453E8449454E8459455E8469456E8A3
:1069A000479457E8489458E8499459E84A945AE873
:1069B0004B945BE84C945CE84D945DE84E945EE843
:1069C0004F945FE8509460E8519461E8529462E813
:1069D000539463E8549464E8559465E8569466E8E3
:1069E000579467E8589468E8599469E85A946AE8B3
:1069F0005B946BE85C946CE85D946DE85E946EE883
:106A00005F946FE8609470E8619471E8629472E852
:106A1000639473E8649474E8659475E8669476E822
:106A2000679477E8689478E8699479E86A947AE8F2
:106A30006B94CEF66C947BE86D947CE86E947DE864
:106A40006F947EE8709480E8719481E8729482E893
:106A5000739483E8749484E8759485E8769486E862
:106A6000779487E8789488E8799489E87A948AE832
:106A70007B948BE87C948CE87D948DE87E948EE802
:106A80007F948FE8809490E8819491E8829492E8D2
:106A9000839493E8849494E88594C4EE8694C5EE38
:106AA0008794C6EE8894EBD58994A4B68A94C8EEF0
:106AB0008B94C7EE8C94C9EE8D94CAEE8E94A5C7C4
:106AC0008F94CBEE9094CCEE919495E89294B0B7DD
:106AD0009394F6B59494CDEE9594CFEE969496E873
:106AE0009794CEEE989497E89994C6B89A94D0EE7D
:106AF0009B94D1EE9C94D2EE9D94DBB69E94AEB363
:106B00009F94D3D6A094C6C4A194B5B1A294D6B88C
:106B1000A394D3EEA494D4EEA594BFD4A694D5C7E1
:106B2000A794FBBEA894D9CEA994B3B9AA94D6EEE3
:106B3000AB94D5EEAC94D8EEAD94D7EEAE94A5C59B
:106B4000AF94D9EEB094DAEEB194AEC7B294DBEE66
:106B5000B394AFC7B494DCEEB594A7B2B694DDEEAF
:106B6000B794DEEEB894DFEEB994E0EEBA94E1EEBD
:106B7000BB94EAD7BC94E2EEBD94E3EEBE94D8BCDD
:106B8000BF94E4EEC094CBD3C194FACCC294ACB21F
:106B9000C394E5C1C494E5EEC594A6C7C694ADC33D
:106BA000C79498E8C894E6EEC994E7EECA94E8EE74
:106BB000CB94E9EECC94EAEECD94EBEECE94ECEEF1
:106BC000CF9499E8D094EDEED194EEEED294EFEE1E
:106BD000D3949AE8D4949BE8D594F0EED694F1EE51
:106BE000D794F2EED894F4EED994F3EEDA949CE8CC
:106BF000DB94F5EEDC94ADCDDD94C1C2DE94F6EE0F
:106C0000DF94F7EEE094F8EEE194A1D5E294F9EE8A
:106C1000E394B3CFE494FAEEE594FBEEE6949DE8BA
:106C2000E794FCEEE894FDEEE994A1EFEA94FEEE21
:106C3000EB94A2EFEC94F5B8ED94FAC3EE94A3EFC5
:106C4000EF94A4EFF094C2BDF194BFD2F294F9B2E4
:106C5000F394A5EFF494A6EFF594A7EFF694F8D289
:106C6000F794A8EFF894FDD6F994A9EFFA94CCC65E
:106C7000FB949EE8FC94AAEFFD94ABEFFE94B4C1A4
:106C8000FF94ACEF0095FACF0195F8CB0295AEEFEB
:106C90000395ADEF0495FAB30595F8B90695AFEFF6
:106CA0000795B0EF0895E2D00995B1EF0A95B2EFDC
:106CB0000B95E6B70C95BFD00D95B3EF0E95B4EFDD
:106CC0000F95B5EF1095F1C81195E0CC1295B6EF80
:106CD0001395B7EF1495B8EF1595B9EF1695BAEF70
:106CE0001795E0D51895BBEF1995EDB41A95AAC381
:106CF0001B95BCEF1C959FE81D95BDEF1E95BEEF43
:106D00001F95BFEF2095A0E82195FDCE2295C0EFFD
:106D10002395E0C22495B8B42595B6D72695F5BD40
:106D2000279540E92895C7CF2995C3EF2A95C1EF4C
:106D30002B95C2EF2C95C4EF2D95A7B62E95FCBCD4
:106D40002F95E2BE3095CCC33195C5EF3295C6EF95
:106D5000339541E93495C7EF3595CFEF3695C8EFB8
:106D60003795C9EF3895CAEF3995C2C73A95F1EF13
:106D70003B95CDB63C95CBEF3D9542E93E95CCEFAA
:106D80003F95CDEF4095C6B64195BEC34295CEEF37
:106D9000439543E94495D0EF4595D1EF4695D2EF21
:106DA0004795F2D5489544E94995D3EF4A95F7C4FC
:106DB0004B9545E94C95D4EF4D95F8C44E95D5EFDC
:106DC0004F95D6EF5095E4B85195F7B05295D7EF5F
:106DD0005395D8EF5495D9EF559546E95695DAEF86
:106DE0005795DBEF5895DCEF5995DDEF5A9547E95C
:106DF0005B95DEEF5C95B5BE5D95E1EF5E95DFEFEF
:106E00005F95E0EF609548E96195E2EF6295E3EF09
:106E10006395CDC16495E4EF6595E5EF6695E6EF82
:106E20006795E7EF6895E8EF6995E9EF6A95EAEF0E
:106E30006B95EBEF6C95ECEF6D95D8C06E9549E9CD
:106E40006F95EDEF7095ADC17195EEEF7295EFEF27
:106E50007395F0EF74954AE975954BE97695E2CF15
:106E600077954CE978954DE979954EE97A954FE912
:106E70007B9550E97C9551E97D9552E97E9553E9E2
:106E80007F95A4B3809554E9819555E9829556E99B
:106E9000839557E9849558E9859559E986955AE986
:106EA00087955BE988955CE989955DE98A955EE956
:106EB0008B955FE98C9560E98D9561E98E9562E926
:106EC0008F9563E9909564E9919565E9929566E9F6
:106ED000939567E9949568E9959569E996956AE9C6
:106EE00097956BE998956CE999956DE99A956EE996
:106EF0009B956FE99C9570E99D9571E99E9572E966
:106F00009F9573E9A09574E9A19575E9A29576E935
:106F1000A39577E9A49578E9A59579E9A6957AE905
:106F2000A7957BE9A8957CE9A9957DE9AA957EE9D5
:106F3000AB9580E9AC9581E9AD9582E9AE9583E9A1
:106F4000AF9584E9B09585E9B19586E9B29587E971
:106F5000B39588E9B49589E9B5958AE9B6958BE941
:106F6000B7958CE9B8958DE9B9958EE9BA958FE911
:106F7000BB9590E9BC9591E9BD9592E9BE9593E9E1
:106F8000BF9594E9C09595E9C19596E9C29597E9B1
:106F9000C39598E9C49599E9C5959AE9C6959BE981
:106FA000C7959CE9C8959DE9C9959EE9CA959FE951
:106FB000CB95A0E9CC9540EACD9541EACE9542EA41
:106FC000CF9543EAD09544EAD19545EAD29546EA71
:106FD000D39547EAD49548EAD59549EAD6954AEA41
:106FE000D7954BEAD8954CEAD9954DEADA954EEA11
:106FF000DB954FEADC9550EADD9551EADE9552EAE1
:10700000DF9553EAE09554EAE19555EAE29556EAB0
:10701000E39557EAE49558EAE59559EAE6955AEA80
:10702000E7955BEAE895C5C3E995C5E3EA95C1C96B
:10703000EB95C6E3EC955CEAED95D5B1EE95CACE3D
:10704000EF95B3B4F095F2C8F195C7E3F295D0CFC0
:10705000F395C8E3F495E4BCF595C9E3F695CAE366
:10706000F795C6C3F895A2D5F995D6C4FA95EBB9AC
:10707000FB95C5CEFC95CBE3FD95F6C3FE95CCE321
:10708000FF955DEA0096A7B70196F3B80296D2BACB
:107090000396CDE30496CEE30596C4D40696CFE3DB
:1070A00007965EEA0896D0E30996CBD10A96D1E31B
:1070B0000B96D2E30C96D3E30D96D4E30E96D6D17D
:1070C0000F96D5E31096FBB21196BBC01296D6E38D
:1070D00013965FEA1496ABC01596D7E31696D8E3DD
:1070E0001796D9E3189660EA1996DAE31A96DBE365
:1070F0001B9661EA1C96B7B81D96E2DA1E9662EA04
:107100001F96D3B6209663EA2196E4DA2296E3DA54
:10711000239664EA249665EA259666EA269667EA47
:10712000279668EA289669EA29966AEA2A96E6DAAC
:107130002B966BEA2C966CEA2D966DEA2E96EEC88D
:107140002F966EEA30966FEA3196E5DA3296C0B73E
:107150003396F4D13496F5D23596F3D53696D7BD1D
:10716000379670EA389671EA399672EA3A9673EA77
:107170003B96E8D73C96E8DA3D96E7DA3E9674EA25
:107180003F96A2B04096D3CD419675EA4296E9DA91
:10719000439676EA4496BDB84596CABC4696BDC2AB
:1071A0004796A4C24896C2B34996EADA4A9677EA65
:1071B0004B96AAC24C96B0C44D96B5BD4E9678EA91
:1071C0004F9679EA5096DECF51967AEA52967BEA4C
:1071D00053967CEA5496EBDA5596C2C956967DEAE8
:1071E00057967EEA589680EA599681EA5A9682EA3C
:1071F0005B96DDB15C9683EA5D9684EA5E9685EAED
:107200005F96ECDA609686EA6196B8B66296BAD472
:10721000639687EA6496FDB3659688EA669689EA7E
:107220006796EDDA6896C9D46996D5CF6A96E3C5B4
:107230006B968AEA6C96EEDA6D968BEA6E968CEA1D
:107240006F968DEA70968EEA71968FEA7296EFDAF3
:10725000739690EA7496F0DA7596EAC17696D5CC74
:107260007796DDCF789691EA799692EA7A9693EAC4
:107270007B9694EA7C9695EA7D9696EA7E9697EAC6
:107280007F9698EA809699EA81969AEA82969BEA96
:1072900083969CEA84969DEA8596E7D38696A1C25A
:1072A00087969EEA8896F1DA89969FEA8A96A0EAFE
:1072B0008B96E5CB8C9640EB8D96F2DA8E9641EB71
:1072C0008F96E6CB9096FED2919642EB929643EB48
:1072D000939644EB9496F4B8959645EB969646EBC8
:1072E0009796F3DA9896AFB09996B6CF9A9647EB01
:1072F0009B9648EB9C96CFD59D9649EB9E964AEB84
:107300009F964BEBA0964CEBA1964DEBA2964EEBC5
:10731000A3964FEBA49650EBA59651EBA69652EB95
:10732000A796EDCBA89653EBA99654EBAA9655EBEE
:10733000AB9656EBAC9657EBAD9658EBAE9659EB39
:10734000AF965AEBB096F4DAB1965BEBB2965CEB83
:10735000B396C4E3B4965DEBB5965EEBB696A5C165
:10736000B7965FEBB89660EBB996BFF6BA9661EB4D
:10737000BB9662EBBC96C0F6BD96C1F6BE96D1C474
:10738000BF9663EBC096B8C8C196E3D1C29664EBD2
:10739000C39665EBC496DBD0C596C5D1C696AFBC87
:1073A000C796CDB9C89666EBC996F4EFCA9667EB57
:1073B000CB9668EBCC96C6B4CD96BAD3CE96C2F631
:1073C000CF96FBB3D09669EBD1966AEBD296C3F613
:1073D000D3966BEBD4966CEBD596F1B5D6966DEB58
:1073E000D7966EEBD8966FEBD99670EBDA9671EB79
:1073F000DB9672EBDC9673EBDD9674EBDE9675EB49
:10740000DF9676EBE096C5F6E19677EBE29678EBC1
:10741000E39679EBE4967AEBE5967BEBE6967CEBEC
:10742000E7967DEBE896EAD3E996A7F6EA96A9D126
:10743000EB967EEBEC9680EBED9681EBEE9682EB95
:10744000EF96A9F6F09683EBF19684EBF29685EB36
:10745000F396A8F6F49686EBF59687EBF696E3C1DD
:10746000F796D7C0F89688EBF996A2B1FA9689EB11
:10747000FB968AEBFC968BEBFD968CEBFE96EDCEA5
:10748000FF968DEB0097E8D00197ABF602978EEB55
:1074900003978FEB0497F6CF059790EB0697AAF624
:1074A0000797F0D50897ACF60997B9C30A9791EBFF
:1074B0000B9792EB0C9793EB0D97F4BB0E97AEF6F0
:1074C0000F97ADF6109794EB119795EB129796EBFB
:1074D0001397DEC4149797EB159798EB1697D8C1BE
:1074E000179799EB18979AEB19979BEB1A979CEBC8
:1074F0001B979DEB1C97AACB1D979EEB1E97BCCFAD
:107500001F979FEB2097A0EB219740EC229741EC2F
:10751000239742EC249743EC259744EC269745ECBF
:10752000279746EC289747EC299748EC2A97AFF61F
:107530002B9749EC2C974AEC2D97B0F62E974BECF5
:107540002F974CEC3097B1F631974DEC3297B6C28D
:1075500033974EEC34974FEC359750EC369751EC0F
:10756000379752EC3897D4B03997F9C53A9753EC1E
:107570003B9754EC3C9755EC3D9756EC3E97B2F652
:107580003F9757EC409758EC419759EC42975AEC8B
:1075900043975BEC44975CEC45975DEC46975EEC5B
:1075A00047975FEC489760EC499761EC4A9762EC2B
:1075B0004B9763EC4C9764EC4D9765EC4E9766ECFB
:1075C0004F9767EC509768EC519769EC5297E0C77A
:1075D0005397A6F654976AEC55976BEC5697B8BE3E
:1075E00057976CEC58976DEC5997B2BE5A976EEC62
:1075F0005B97E5B55C976FEC5D9770EC5E97C7B7EE
:107600005F9771EC6097BFBF6197D2C36297E6C383
:10761000639772EC649773EC6597CCD8669774ECBB
:10762000679775EC689776EC6997EFB86A9777EC8F
:107630006B9778EC6C9779EC6D977AEC6E977BECA6
:107640006F977CEC70977DEC71977EEC729780EC75
:107650007397F9BD7497A5D1759781EC7697D0B0E3
:10766000779782EC789783EC799784EC7A9785EC1E
:107670007B9786EC7C97B0F77D9787EC7E9788ECBC
:107680007F9789EC80978AEC81978BEC82978CECC2
:1076900083978DEC84978EEC8597B1F786978FEC66
:1076A000879790EC889791EC899792EC8A9793EC66
:1076B0008B97ACD08C9794EC8D97B0B08E9795EC5F
:1076C0008F9796EC909797EC9197B2F79297B3F7C4
:1076D000939798EC9497B4F7959799EC96979AECC2
:1076E00097979BEC9897CAC799979CEC9A979DECB3
:1076F0009B979EEC9C979FEC9D97A0EC9E9740EDEE
:107700009F9741EDA097CFBEA19742EDA29743ED81
:10771000A397B7F7A49744EDA59745EDA69746ED37
:10772000A79747EDA89748EDA99749EDAA974AED85
:10773000AB97B6F7AC974BEDAD97DEB1AE974CED8E
:10774000AF97B5F7B0974DEDB1974EEDB297B8F74B
:10775000B3974FEDB497B9F7B59750EDB69751ED94
:10776000B79752EDB89753EDB99754EDBA9755EDD9
:10777000BB9756EDBC9757EDBD9758EDBE9759EDA9
:10778000BF975AEDC0975BEDC1975CEDC2975DED79
:10779000C3975EEDC4975FEDC59760EDC69761ED49
:1077A000C79762EDC89763EDC99764EDCA9765ED19
:1077B000CB9766EDCC9767EDCD9768EDCE9769EDE9
:1077C000CF976AEDD0976BEDD1976CEDD2976DEDB9
:1077D000D3976EEDD4976FEDD59770EDD69771ED89
:1077E000D79772EDD89773EDD99774EDDA9775ED59
:1077F000DB9776EDDC9777EDDD9778EDDE9779ED29
:10780000DF977AEDE0977BEDE1977CEDE2977DEDF8
:10781000E3977EEDE49780EDE59781EDE697A4CEC2
:10782000E797CDC8E89782EDE997ABBAEA97B8E851
:10783000EB97B9E8EC97BAE8ED97C2BEEE9783ED07
:10784000EF9784EDF09785EDF19786EDF29787ED50
:10785000F397F4D2F49788EDF597CFD4F697D8C97B
:10786000F79789EDF8978AEDF9978BEDFA978CEDFC
:10787000FB978DEDFC978EEDFD978FEDFE9790EDCC
:10788000FF9791ED009892ED019893ED029894ED99
:10789000039895ED049896ED059897ED069898ED68
:1078A000079899ED08989AED09989BED0A989CED38
:1078B0000B989DED0C989EED0D989FED0E98A0ED08
:1078C0000F9840EE109841EE119842EE129843EE58
:1078D000139844EE149845EE159846EE169847EE28
:1078E000179848EE189849EE19984AEE1A984BEEF8
:1078F0001B984CEE1C984DEE1D984EEE1E984FEEC8
:107900001F9850EE209851EE219852EE229853EE97
:10791000239854EE249855EE259856EE269857EE67
:10792000279858EE289859EE29985AEE2A985BEE37
:107930002B985CEE2C985DEE2D985EEE2E985FEE07
:107940002F9860EE309861EE319862EE329863EED7
:10795000339864EE349865EE359866EE369867EEA7
:10796000379868EE389869EE39986AEE3A986BEE77
:107970003B986CEE3C986DEE3D986EEE3E986FEE47
:107980003F9870EE409871EE419872EE429873EE17
:10799000439874EE449875EE459876EE469877EEE7
:1079A000479878EE489879EE49987AEE4A987BEEB7
:1079B0004B987CEE4C987DEE4D987EEE4E9880EE86
:1079C0004F9881EE509882EE519883EE529884EE53
:1079D000539885EE549886EE559887EE569888EE23
:1079E000579889EE58988AEE59988BEE5A988CEEF3
:1079F0005B988DEE5C988EEE5D988FEE5E9890EEC3
:107A00005F9891EE609892EE619893EE629894EE92
:107A1000639895EE649896EE659897EE669898EE62
:107A2000679899EE68989AEE69989BEE6A989CEE32
:107A30006B989DEE6C989EEE6D989FEE6E98A0EE02
:107A40006F9840EF709841EF719842EF729843EF52
:107A5000739844EF749845EF7598B3D27698A5B6AD
:107A60007798EAC77898FCF17998EECF7A98B3CBFB
:107A70007B98EBD07C98EFE77D98E7CD7E98CBB9EB
:107A80007F98D9B68098FDF18198E4B08298CCCBEC
:107A90008398FEF18498A4D48598ADC28698ECC1F1
:107AA0008798C4C68898B1BE8998A1F28A98D5BC37
:107AB0008B9846EF8C98A2F28D98A3F28E9847EFA0
:107AC0008F98A4F29098C3D29198B5C6929848EF37
:107AD0009398C7CD9498A5F2959849EF9698B1D30D
:107AE0009798C5BF9898E2CC99984AEF9A98A6F2D1
:107AF0009B98A7F29C98D5D19D98EEB69E98A8F237
:107B00009F98A9F2A098DFB5A198AAF2A298ABF22B
:107B1000A3984BEFA498FCB2A598ACF2A698ADF24E
:107B2000A798A7C8A8984CEFA9984DEFAA984EEF30
:107B3000AB984FEFAC9850EFAD9851EFAE9852EF35
:107B4000AF9853EFB09854EFB19855EFB29856EF05
:107B5000B39857EFB49858EFB59859EFB6985AEFD5
:107B6000B7985BEFB8985CEFB9985DEFBA985EEFA5
:107B7000BB985FEFBC9860EFBD9861EFBE9862EF75
:107B8000BF9863EFC09864EFC19865EFC29866EF45
:107B9000C39867EFC49868EFC59869EFC6986AEF15
:107BA000C7986BEFC8986CEFC9986DEFCA986EEFE5
:107BB000CB986FEFCC9870EFCD9871EFCE98E7B778
:107BC000CF9872EFD09873EFD198A9ECD298AAEC25
:107BD000D398ABECD49874EFD598ACECD69875EFFD
:107BE000D79876EFD898AEC6D998ADECDA98AEECC7
:107BF000DB9877EFDC9878EFDD9879EFDE98C9B7FE
:107C0000DF98B3CAE0987AEFE1987BEFE2987CEFD7
:107C1000E3987DEFE4987EEFE59880EFE69881EFBA
:107C2000E798B8E2E898CFF7E99882EFEA9883EF0F
:107C3000EB9884EFEC9885EFED9886EFEE9887EF60
:107C4000EF9888EFF09889EFF1988AEFF2988BEF30
:107C5000F3988CEFF4988DEFF5988EEFF6988FEF00
:107C6000F79890EFF89891EFF99892EFFA9893EFD0
:107C7000FB9894EFFC9895EFFD9896EFFE9897EFA0
:107C8000FF9898EF009999EF01999AEF02999BEF6D
:107C900003999CEF04999DEF05999EEF06999FEF3C
:107CA0000799A0EF089940F0099941F00A9942F02C
:107CB0000B9943F00C9944F00D99D0F70E9945F0CB
:107CC0000F9946F01099CDB2119947F0129948F0EA
:107CD000139949F014994AF015994BF016994CF004
:107CE00017994DF018994EF019994FF01A9950F0D4
:107CF0001B9951F01C9952F01D9953F01E9954F0A4
:107D00001F9955F0209956F0219957F0229958F073
:107D1000239959F024995AF025995BF026995CF043
:107D200027995DF028995EF029995FF02A9960F013
:107D30002B9961F02C9962F02D9963F02E99D1F76F
:107D40002F9964F0309965F0319966F0329967F0B7
:107D5000339968F0349969F035996AF036996BF087
:107D600037996CF038996DF039996EF03A996FF057
:107D70003B9970F03C9971F03D9972F03E9973F027
:107D80003F9974F0409975F0419976F0429977F0F7
:107D9000439978F0449979F045997AF046997BF0C7
:107DA00047997CF048997DF049997EF04A9980F096
:107DB0004B9981F04C9982F04D9983F04E9984F063
:107DC0004F9985F0509986F0519987F0529988F033
:107DD000539989F05499D3F75599D2F756998AF067
:107DE00057998BF058998CF059998DF05A998EF0DB
:107DF0005B998FF05C9990F05D9991F05E9992F0AB
:107E00005F9993F0609994F0619995F0629996F07A
:107E10006399BBE2649997F06599A2BC669998F062
:107E20006799BCE26899BDE26999BEE26A99BFE2CE
:107E30006B99C0E26C99C1E26D99B9B76E99FBD2AA
:107E40006F99A4BD7099CECA7199A5B17299C7CB2B
:107E5000739999F07499C2E27599FCB67699C4C881
:107E60007799C3E278999AF079999BF07A99C8BD8D
:107E70007B999CF07C99FDB17D99C4E27E999DF03F
:107E80007F99F6B68099C5E28199D9C482999EF00E
:107E900083999FF08499C6E28599DACF8699DDB9F6
:107EA0008799C7E28899A1C08999A0F08A99C8E208
:107EB0008B99F6B28C9940F18D99C9E28E9941F176
:107EC0008F99F3C19099CAE29199CBE29299F8C245
:107ED0009399CCE29499CDE29599CEE29699D7CA3E
:107EE0009799B8D89899E5D99999E3CF9A9942F199
:107EF0009B9943F19C9944F19D9945F19E9946F1D6
:107F00009F9947F1A09948F1A19949F1A2994AF1A5
:107F1000A3994BF1A4994CF1A599A5F0A6994DF11F
:107F2000A7994EF1A899B0DCA9994FF1AA9950F1FF
:107F3000AB9951F1AC9952F1AD9953F1AE9954F11D
:107F4000AF9955F1B09956F1B19957F1B29958F1ED
:107F5000B39959F1B4995AF1B5995BF1B6995CF1BD
:107F6000B7995DF1B8995EF1B9995FF1BA9960F18D
:107F7000BB9961F1BC9962F1BD9963F1BE9964F15D
:107F8000BF9965F1C09966F1C19967F1C29968F12D
:107F9000C39969F1C4996AF1C5996BF1C6996CF1FD
:107FA000C7996DF1C8996EF1C9996FF1CA9970F1CD
:107FB000CB9971F1CC9972F1CD9973F1CE9974F19D
:107FC000CF9975F1D09976F1D19977F1D29978F16D
:107FD000D39979F1D4997AF1D5997BF1D6997CF13D
:107FE000D7997DF1D8997EF1D99980F1DA9981F10B
:107FF000DB9982F1DC9983F1DD9984F1DE9985F1D9
:10800000DF9986F1E09987F1E19988F1E29989F1A8
:10801000E3998AF1E4998BF1E5998CF1E6998DF178
:10802000E7998EF1E8998FF1E99990F1EA9991F148
:10803000EB9992F1EC9993F1ED9994F1EE9995F118
:10804000EF9996F1F09997F1F19998F1F29999F1E8
:10805000F3999AF1F4999BF1F5999CF1F6999DF1B8
:10806000F7999EF1F8999FF1F999A0F1FA9940F2E8
:10807000FB9941F2FC9942F2FD9943F2FE9944F2D8
:10808000FF9945F2009A46F2019A47F2029A48F2A5
:10809000039A49F2049A4AF2059A4BF2069A4CF274
:1080A000079A4DF2089A4EF2099A4FF20A9A50F244
:1080B0000B9A51F20C9A52F20D9A53F20E9A54F214
:1080C0000F9A55F2109A56F2119A57F2129A58F2E4
:1080D000139A59F2149A5AF2159A5BF2169A5CF2B4
:1080E000179A5DF2189A5EF2199A5FF21A9A60F284
:1080F0001B9A61F21C9A62F21D9A63F21E9A64F254
:108100001F9A65F2209A66F2219A67F2229A68F223
:10811000239A69F2249A6AF2259A6BF2269A6CF2F3
:10812000279A6DF2289A6EF2299A6FF22A9A70F2C3
:108130002B9A71F22C9A72F22D9A73F22E9A74F293
:108140002F9A75F2309A76F2319A77F2329A78F263
:10815000339A79F2349A7AF2359A7BF2369A7CF233
:10816000379A7DF2389A7EF2399A80F23A9A81F201
:108170003B9A82F23C9A83F23D9A84F23E9A85F2CF
:108180003F9A86F2409A87F2419A88F2429A89F29F
:10819000439A8AF2449A8BF2459A8CF2469A8DF26F
:1081A000479A8EF2489A8FF2499A90F24A9A91F23F
:1081B0004B9A92F24C9A93F24D9A94F24E9A95F20F
:1081C0004F9A96F2509A97F2519A98F2529A99F2DF
:1081D000539A9AF2549A9BF2559A9CF2569A9DF2AF
:1081E000579A9EF2589A9FF2599AA0F25A9A40F3DF
:1081F0005B9A41F35C9A42F35D9A43F35E9A44F3CF
:108200005F9A45F3609A46F3619A47F3629A48F39E
:10821000639A49F3649A4AF3659A4BF3669A4CF36E
:10822000679A4DF3689A4EF3699A4FF36A9A50F33E
:108230006B9A51F36C9AEDC26D9AA6D46E9AD4CD16
:108240006F9AB1D1709ADBB3719AFDC7729A52F3EB
:10825000739AB5B2749ABFC2759AE0E6769ABBCAB1
:10826000779AE1E6789AE2E6799AD4BE7A9AE3E6DA
:108270007B9AA4D77C9AD5CD7D9AE5E67E9ADDBC23
:108280007F9AE4E6809AE6E6819AE7E6829AEEC271
:10829000839A53F3849ABEBD859AE8E6869AE6C22D
:1082A000879AA7BA889AE9E6899A54F38A9AEAE6FD
:1082B0008B9AD2B38C9AE9D18D9A55F38E9A56F354
:1082C0008F9AA5BF909AEBE6919AEFC6929AECE648
:1082D000939AEDE6949A57F3959A58F3969AEEE6A8
:1082E000979AADC6989AEFE6999A59F39A9AA7C9C0
:1082F0009B9AF0E69C9AF1E69D9AF2E69E9AB9E581
:108300009F9AF3E6A09AF4E6A19AE2C2A29AF5E651
:10831000A39AF6E6A49AE8D6A59AF7E6A69A5AF39F
:10832000A79AF8E6A89AC7B9A99A5BF3AA9A5CF348
:10833000AB9A5DF3AC9A5EF3AD9A5FF3AE9A60F3DD
:10834000AF9A61F3B09ABBF7B19ABAF7B29A62F3F7
:10835000B39A63F3B49A64F3B59A65F3B69ABEF729
:10836000B79ABCF7B89AA1BAB99A66F3BA9ABFF7A6
:10837000BB9A67F3BC9AC0F7BD9A68F3BE9A69F3DB
:10838000BF9A6AF3C09AC2F7C19AC1F7C29AC4F7FA
:10839000C39A6BF3C49A6CF3C59AC3F7C69A6DF38C
:1083A000C79A6EF3C89A6FF3C99A70F3CA9A71F3B9
:1083B000CB9AC5F7CC9AC6F7CD9A72F3CE9A73F3DF
:1083C000CF9A74F3D09A75F3D19AC7F7D29A76F30D
:1083D000D39AE8CBD49A77F3D59A78F3D69A79F3EF
:1083E000D79A7AF3D89ADFB8D99A7BF3DA9A7CF3E2
:1083F000DB9A7DF3DC9A7EF3DD9A80F3DE9A81F3DB
:10840000DF9AD4F7E09A82F3E19AD5F7E29A83F300
:10841000E39A84F3E49A85F3E59A86F3E69AD6F72D
:10842000E79A87F3E89A88F3E99A89F3EA9A8AF354
:10843000EB9AD8F7EC9A8BF3ED9ADAF7EE9A8CF385
:10844000EF9AD7F7F09A8DF3F19A8EF3F29A8FF3B1
:10845000F39A90F3F49A91F3F59A92F3F69A93F3D0
:10846000F79A94F3F89A95F3F99ADBF7FA9A96F358
:10847000FB9AD9F7FC9A97F3FD9A98F3FE9A99F331
:10848000FF9A9AF3009B9BF3019B9CF3029B9DF345
:10849000039BD7D7049B9EF3059B9FF3069BA0F3FA
:1084A000079B40F4089BDCF7099B41F40A9B42F4CC
:1084B0000B9B43F40C9B44F40D9B45F40E9B46F43C
:1084C0000F9BDDF7109B47F4119B48F4129B49F476
:1084D000139BDEF7149B4AF4159B4BF4169B4CF44C
:1084E000179B4DF4189B4EF4199B4FF41A9B50F4B4
:1084F0001B9B51F41C9B52F41D9B53F41E9B54F484
:108500001F9BDFF7209B55F4219B56F4229B57F4C9
:10851000239BE0F7249B58F4259B59F4269B5AF49F
:10852000279B5BF4289B5CF4299B5DF42A9B5EF4FB
:108530002B9B5FF42C9B60F42D9B61F42E9B62F4CB
:108540002F9BCBDB309B63F4319B64F4329BAAD826
:10855000339B65F4349B66F4359B67F4369B68F473
:10856000379B69F4389B6AF4399B6BF43A9B6CF443
:108570003B9BF7E53C9BEDB93D9B6DF43E9B6EF458
:108580003F9B6FF4409B70F4419BFDBF429BEABB55
:10859000439BC9F7449BC7C6459BC8F7469B71F4EC
:1085A000479BCAF7489BCCF7499BCBF74A9B72F491
:1085B0004B9B73F44C9B74F44D9BCDF74E9B75F421
:1085C0004F9BBACE509B76F4519BCEF7529B77F4DB
:1085D000539B78F4549BA7C4559B79F4569B7AF42B
:1085E000579B7BF4589B7CF4599B7DF45A9B7EF4FB
:1085F0005B9B80F45C9B81F45D9B82F45E9B83F4C7
:108600005F9B84F4609B85F4619B86F4629B87F496
:10861000639B88F4649B89F4659B8AF4669B8BF466
:10862000679B8CF4689B8DF4699B8EF46A9B8FF436
:108630006B9B90F46C9B91F46D9B92F46E9B93F406
:108640006F9B94F4709B95F4719B96F4729B97F4D6
:10865000739B98F4749B99F4759B9AF4769B9BF4A6
:10866000779B9CF4789B9DF4799B9EF47A9B9FF476
:108670007B9BA0F47C9B40F57D9B41F57E9B42F566
:108680007F9B43F5809B44F5819B45F5829B46F596
:10869000839B47F5849B48F5859B49F5869B4AF566
:1086A000879B4BF5889B4CF5899B4DF58A9B4EF536
:1086B0008B9B4FF58C9B50F58D9B51F58E9B52F506
:1086C0008F9B53F5909B54F5919B55F5929B56F5D6
:1086D000939B57F5949B58F5959B59F5969B5AF5A6
:1086E000979B5BF5989B5CF5999B5DF59A9B5EF576
:1086F0009B9B5FF59C9B60F59D9B61F59E9B62F546
:108700009F9B63F5A09B64F5A19B65F5A29B66F515
:10871000A39B67F5A49B68F5A59B69F5A69B6AF5E5
:10872000A79B6BF5A89B6CF5A99B6DF5AA9B6EF5B5
:10873000AB9B6FF5AC9B70F5AD9B71F5AE9B72F585
:10874000AF9B73F5B09B74F5B19B75F5B29B76F555
:10875000B39B77F5B49B78F5B59B79F5B69B7AF525
:10876000B79B7BF5B89B7CF5B99B7DF5BA9B7EF5F5
:10877000BB9B80F5BC9B81F5BD9B82F5BE9B83F5C1
:10878000BF9B84F5C09B85F5C19B86F5C29B87F591
:10879000C39B88F5C49B89F5C59B8AF5C69B8BF561
:1087A000C79B8CF5C89B8DF5C99B8EF5CA9B8FF531
:1087B000CB9B90F5CC9B91F5CD9B92F5CE9B93F501
:1087C000CF9B94F5D09B95F5D19B96F5D29B97F5D1
:1087D000D39B98F5D49B99F5D59B9AF5D69B9BF5A1
:1087E000D79B9CF5D89B9DF5D99B9EF5DA9B9FF571
:1087F000DB9BA0F5DC9B40F6DD9B41F6DE9B42F661
:10880000DF9B43F6E09B44F6E19B45F6E29B46F690
:10881000E39B47F6E49B48F6E59B49F6E69B4AF660
:10882000E79B4BF6E89B4CF6E99B4DF6EA9B4EF630
:10883000EB9B4FF6EC9B50F6ED9B51F6EE9B52F600
:10884000EF9B53F6F09B54F6F19B55F6F29B56F6D0
:10885000F39B57F6F49B58F6F59B59F6F69B5AF6A0
:10886000F79B5BF6F89B5CF6F99B5DF6FA9B5EF670
:10887000FB9B5FF6FC9B60F6FD9B61F6FE9B62F640
:10888000FF9B63F6009C64F6019C65F6029C66F60D
:10889000039C67F6049C68F6059C69F6069C6AF6DC
:1088A000079C6BF6089C6CF6099C6DF60A9C6EF6AC
:1088B0000B9C6FF60C9C70F60D9C71F60E9C72F67C
:1088C0000F9C73F6109C74F6119C75F6129C76F64C
:1088D000139C77F6149C78F6159C79F6169C7AF61C
:1088E000179C7BF6189C7CF6199C7DF61A9C7EF6EC
:1088F0001B9C80F61C9C81F61D9C82F61E9C83F6B8
:108900001F9C84F6209C85F6219C86F6229C87F687
:10891000239C88F6249C89F6259C8AF6269C8BF657
:10892000279C8CF6289C8DF6299C8EF62A9C8FF627
:108930002B9C90F62C9C91F62D9C92F62E9C93F6F7
:108940002F9C94F6309C95F6319C96F6329C97F6C7
:10895000339C98F6349C99F6359C9AF6369C9BF697
:10896000379C9CF6389C9DF6399C9EF63A9C9FF667
:108970003B9CA0F63C9C40F73D9C41F73E9C42F757
:108980003F9C43F7409C44F7419C45F7429C46F787
:10899000439C47F7449C48F7459C49F7469C4AF757
:1089A000479C4BF7489C4CF7499C4DF74A9C4EF727
:1089B0004B9C4FF74C9C50F74D9C51F74E9C52F7F7
:1089C0004F9C53F7509C54F7519C55F7529C56F7C7
:1089D000539C57F7549C58F7559C59F7569C5AF797
:1089E000579C5BF7589C5CF7599C5DF75A9C5EF767
:1089F0005B9C5FF75C9C60F75D9C61F75E9C62F737
:108A00005F9C63F7609C64F7619C65F7629C66F706
:108A1000639C67F7649C68F7659C69F7669C6AF7D6
:108A2000679C6BF7689C6CF7699C6DF76A9C6EF7A6
:108A30006B9C6FF76C9C70F76D9C71F76E9C72F776
:108A40006F9C73F7709C74F7719C75F7729C76F746
:108A5000739C77F7749C78F7759C79F7769C7AF716
:108A6000779C7BF7789C7CF7799C7DF77A9C7EF7E6
:108A70007B9C80F77C9CE3D37D9C81F77E9C82F776
:108A80007F9CCFF6809C83F7819CB3C2829CD0F6FA
:108A9000839C84F7849C85F7859CD1F6869CD2F6CE
:108AA000879CD3F6889CD4F6899C86F78A9C87F7A6
:108AB0008B9CD6F68C9C88F78D9CABB18E9CD7F6A0
:108AC0008F9C89F7909CD8F6919CD9F6929CDAF607
:108AD000939C8AF7949CDBF6959CDCF6969C8BF72E
:108AE000979C8CF7989C8DF7999C8EF79A9CDDF655
:108AF0009B9CDEF69C9CCACF9D9C8FF79E9CDFF6CC
:108B00009F9CE0F6A09CE1F6A19CE2F6A29CE3F615
:108B1000A39CE4F6A49CF0C0A59CE5F6A69CE6F612
:108B2000A79CE7F6A89CE8F6A99CE9F6AA9C90F712
:108B3000AB9CEAF6AC9C91F7AD9CEBF6AE9CECF6E8
:108B4000AF9C92F7B09CEDF6B19CEEF6B29CEFF6BE
:108B5000B39CF0F6B49CF1F6B59CF2F6B69CF3F635
:108B6000B79CF4F6B89CA8BEB99C93F7BA9CF5F6EE
:108B7000BB9CF6F6BC9CF7F6BD9CF8F6BE9C94F741
:108B8000BF9C95F7C09C96F7C19C97F7C29C98F73D
:108B9000C39CFAC8C49CF9F6C59CFAF6C69CFBF6C1
:108BA000C79CFCF6C89C99F7C99C9AF7CA9CFDF62D
:108BB000CB9CFEF6CC9CA1F7CD9CA2F7CE9CA3F754
:108BC000CF9CA4F7D09CA5F7D19C9BF7D29C9CF797
:108BD000D39CA6F7D49CA7F7D59CA8F7D69CEEB15A
:108BE000D79CA9F7D89CAAF7D99CABF7DA9C9DF73C
:108BF000DB9C9EF7DC9CACF7DD9CADF7DE9CDBC11B
:108C0000DF9CAEF7E09C9FF7E19CA0F7E29CAFF7FA
:108C1000E39C40F8E49C41F8E59C42F8E69C43F86C
:108C2000E79C44F8E89C45F8E99C46F8EA9C47F83C
:108C3000EB9C48F8EC9C49F8ED9C4AF8EE9C4BF80C
:108C4000EF9C4CF8F09C4DF8F19C4EF8F29C4FF8DC
:108C5000F39C50F8F49C51F8F59C52F8F69C53F8AC
:108C6000F79C54F8F89C55F8F99C56F8FA9C57F87C
:108C7000FB9C58F8FC9C59F8FD9C5AF8FE9C5BF84C
:108C8000FF9C5CF8009D5DF8019D5EF8029D5FF819
:108C9000039D60F8049D61F8059D62F8069D63F8E8
:108CA000079D64F8089D65F8099D66F80A9D67F8B8
:108CB0000B9D68F80C9D69F80D9D6AF80E9D6BF888
:108CC0000F9D6CF8109D6DF8119D6EF8129D6FF858
:108CD000139D70F8149D71F8159D72F8169D73F828
:108CE000179D74F8189D75F8199D76F81A9D77F8F8
:108CF0001B9D78F81C9D79F81D9D7AF81E9D7BF8C8
:108D00001F9D7CF8209D7DF8219D7EF8229D80F896
:108D1000239D81F8249D82F8259D83F8269D84F863
:108D2000279D85F8289D86F8299D87F82A9D88F833
:108D30002B9D89F82C9D8AF82D9D8BF82E9D8CF803
:108D40002F9D8DF8309D8EF8319D8FF8329D90F8D3
:108D5000339D91F8349D92F8359D93F8369D94F8A3
:108D6000379D95F8389D96F8399D97F83A9D98F873
:108D70003B9D99F83C9D9AF83D9D9BF83E9D9CF843
:108D80003F9D9DF8409D9EF8419D9FF8429DA0F813
:108D9000439D40F9449D41F9459D42F9469D43F963
:108DA000479D44F9489D45F9499D46F94A9D47F933
:108DB0004B9D48F94C9D49F94D9D4AF94E9D4BF903
:108DC0004F9D4CF9509D4DF9519D4EF9529D4FF9D3
:108DD000539D50F9549D51F9559D52F9569D53F9A3
:108DE000579D54F9589D55F9599D56F95A9D57F973
:108DF0005B9D58F95C9D59F95D9D5AF95E9D5BF943
:108E00005F9D5CF9609D5DF9619D5EF9629D5FF912
:108E1000639D60F9649D61F9659D62F9669D63F9E2
:108E2000679D64F9689D65F9699D66F96A9D67F9B2
:108E30006B9D68F96C9D69F96D9D6AF96E9D6BF982
:108E40006F9D6CF9709D6DF9719D6EF9729D6FF952
:108E5000739D70F9749D71F9759D72F9769D73F922
:108E6000779D74F9789D75F9799D76F97A9D77F9F2
:108E70007B9D78F97C9D79F97D9D7AF97E9D7BF9C2
:108E80007F9D7CF9809D7DF9819D7EF9829D80F991
:108E9000839D81F9849D82F9859D83F9869D84F95E
:108EA000879D85F9889D86F9899D87F98A9D88F92E
:108EB0008B9D89F98C9D8AF98D9D8BF98E9D8CF9FE
:108EC0008F9D8DF9909D8EF9919D8FF9929D90F9CE
:108ED000939D91F9949D92F9959D93F9969D94F99E
:108EE000979D95F9989D96F9999D97F99A9D98F96E
:108EF0009B9D99F99C9D9AF99D9D9BF99E9D9CF93E
:108F00009F9D9DF9A09D9EF9A19D9FF9A29DA0F90D
:108F1000A39D40FAA49D41FAA59D42FAA69D43FA5D
:108F2000A79D44FAA89D45FAA99D46FAAA9D47FA2D
:108F3000AB9D48FAAC9D49FAAD9D4AFAAE9D4BFAFD
:108F4000AF9D4CFAB09D4DFAB19D4EFAB29D4FFACD
:108F5000B39D50FAB49D51FAB59D52FAB69D53FA9D
:108F6000B79D54FAB89D55FAB99D56FABA9D57FA6D
:108F7000BB9D58FABC9D59FABD9D5AFABE9D5BFA3D
:108F8000BF9D5CFAC09D5DFAC19D5EFAC29D5FFA0D
:108F9000C39D60FAC49D61FAC59D62FAC69D63FADD
:108FA000C79D64FAC89D65FAC99D66FACA9D67FAAD
:108FB000CB9D68FACC9D69FACD9D6AFACE9D6BFA7D
:108FC000CF9D6CFAD09D6DFAD19D6EFAD29D6FFA4D
:108FD000D39D70FAD49D71FAD59D72FAD69D73FA1D
:108FE000D79D74FAD89D75FAD99D76FADA9D77FAED
:108FF000DB9D78FADC9D79FADD9D7AFADE9D7BFABD
:10900000DF9D7CFAE09D7DFAE19D7EFAE29D80FA8B
:10901000E39D81FAE49D82FAE59D83FAE69D84FA58
:10902000E79D85FAE89D86FAE99D87FAEA9D88FA28
:10903000EB9D89FAEC9D8AFAED9D8BFAEE9D8CFAF8
:10904000EF9D8DFAF09D8EFAF19D8FFAF29D90FAC8
:10905000F39D91FAF49D92FAF59D93FAF69D94FA98
:10906000F79D95FAF89D96FAF99D97FAFA9D98FA68
:10907000FB9D99FAFC9D9AFAFD9D9BFAFE9D9CFA38
:10908000FF9D9DFA009E9EFA019E9FFA029EA0FA05
:10909000039E40FB049E41FB059E42FB069E43FB54
:1090A000079E44FB089E45FB099E46FB0A9E47FB24
:1090B0000B9E48FB0C9E49FB0D9E4AFB0E9E4BFBF4
:1090C0000F9E4CFB109E4DFB119E4EFB129E4FFBC4
:1090D000139E50FB149E51FB159E52FB169E53FB94
:1090E000179E54FB189E55FB199E56FB1A9E57FB64
:1090F0001B9E58FB1C9E59FB1D9E5AFB1E9E5BFB34
:109100001F9EF1C4209EAFF0219EA6BC229EB0F00F
:10911000239EF9C3249E5CFB259EB8C5269EBBD129
:10912000279E5DFB289EB1F0299EB2F02A9EB3F0E7
:109130002B9EB4F02C9EB5F02D9EBCD12E9E5EFBD6
:109140002F9EECD1309E5FFB319EB7F0329EB6F081
:10915000339EA7D4349E60FB359ED2CD369EB8F0A8
:10916000379EBAF0389EB9F0399EBBF03A9EBCF0FB
:109170003B9E61FB3C9E62FB3D9EEBB83E9EBDF07C
:109180003F9EE8BA409E63FB419EBEF0429EBFF008
:10919000439EE9BE449EC0F0459EECB6469EC1F09B
:1091A000479EC2F0489EC3F0499EC4F04A9EB5C88F
:1091B0004B9EC5F04C9EC6F04D9E64FB4E9EC7F084
:1091C0004F9EF4C5509E65FB519EC8F0529E66FBB3
:1091D000539E67FB549E68FB559EC9F0569E69FBE3
:1091E000579ECAF0589EBDF7599E6AFB5A9ECBF017
:1091F0005B9ECCF05C9ECDF05D9E6BFB5E9ECEF0E8
:109200005F9E6CFB609E6DFB619E6EFB629E6FFBC2
:10921000639ECFF0649ED7BA659E70FB669ED0F0C9
:10922000679ED1F0689ED2F0699ED3F06A9ED4F01A
:109230006B9ED5F06C9ED6F06D9ED8F06E9E71FB45
:109240006F9E72FB709EA5D3719ED7F0729E73FBCA
:10925000739ED9F0749E74FB759E75FB769E76FBAB
:10926000779E77FB789E78FB799E79FB7A9E7AFBD6
:109270007B9E7BFB7C9E7CFB7D9E7DFB7E9EBAF570
:109280007F9EB9C2809E7EFB819E80FB829EE4F71A
:10929000839E81FB849E82FB859E83FB869E84FB4E
:1092A000879EE5F7889EE6F7899E85FB8A9E86FB6A
:1092B0008B9EE7F78C9E87FB8D9E88FB8E9E89FB9D
:1092C0008F9E8AFB909E8BFB919E8CFB929EE8F773
:1092D000939EB4C2949E8DFB959E8EFB969E8FFBB3
:1092E000979E90FB989E91FB999E92FB9A9E93FB72
:1092F0009B9E94FB9C9E95FB9D9EEAF79E9E96FBF3
:109300009F9EEBF7A09E97FBA19E98FBA29E99FBC8
:10931000A39E9AFBA49E9BFBA59E9CFBA69EF3C2CC
:10932000A79E9DFBA89E9EFBA99E9FFBAA9EA0FBBD
:10933000AB9E40FCAC9E41FCAD9E42FCAE9E43FC0D
:10934000AF9E44FCB09E45FCB19E46FCB29E47FCDD
:10935000B39E48FCB49EF0F4B59E49FCB69E4AFC10
:10936000B79E4BFCB89EEFF4B99E4CFCBA9E4DFCE8
:10937000BB9EE9C2BC9E4EFCBD9EE1F7BE9EE2F7DD
:10938000BF9E4FFCC09E50FCC19E51FCC29E52FC31
:10939000C39E53FCC49EC6BBC59E54FCC69E55FCD2
:1093A000C79E56FCC89E57FCC99EE4D9CA9E58FC6D
:1093B000CB9E59FCCC9E5AFCCD9EF2CACE9EE8C0F4
:1093C000CF9EA4F0D09E5BFCD19EDABAD29E5CFC0C
:1093D000D39E5DFCD49EADC7D59E5EFCD69E5FFC41
:1093E000D79E60FCD89EACC4D99E61FCDA9E62FC1C
:1093F000DB9EECF7DC9EEDF7DD9EEEF7DE9E63FC78
:10940000DF9EF0F7E09EEFF7E19E64FCE29EF1F74D
:10941000E39E65FCE49E66FCE59EF4F7E69E67FC31
:10942000E79EF3F7E89E68FCE99EF2F7EA9EF5F7FF
:10943000EB9E69FCEC9E6AFCED9E6BFCEE9E6CFC68
:10944000EF9EF6F7F09E6DFCF19E6EFCF29E6FFCB7
:10945000F39E70FCF49E71FCF59E72FCF69E73FC0C
:10946000F79E74FCF89E75FCF99EE9EDFA9E76FC79
:10947000FB9EEAEDFC9EEBEDFD9E77FCFE9EBCF6AE
:10948000FF9E78FC009F79FC019F7AFC029F7BFC89
:10949000039F7CFC049F7DFC059F7EFC069F80FC57
:1094A000079F81FC089F82FC099F83FC0A9F84FC24
:1094B0000B9FBDF60C9F85FC0D9FBEF60E9FA6B6BA
:1094C0000F9F86FC109FBED8119F87FC129F88FCBF
:1094D000139FC4B9149F89FC159F8AFC169F8BFCAF
:1094E000179FBBD8189F8CFC199FB1DC1A9F8DFC6D
:1094F0001B9F8EFC1C9F8FFC1D9F90FC1E9F91FC50
:109500001F9F92FC209FF3CA219F93FC229FF7F795
:10951000239F94FC249F95FC259F96FC269F97FCF7
:10952000279F98FC289F99FC299F9AFC2A9F9BFCC7
:109530002B9F9CFC2C9FF8F72D9F9DFC2E9F9EFC43
:109540002F9FF9F7309F9FFC319FA0FC329F40FD79
:10955000339F41FD349F42FD359F43FD369F44FDBF
:10956000379FFBF7389F45FD399FFAF73A9F46FD35
:109570003B9FC7B13C9F47FD3D9FFCF73E9FFDF7DA
:109580003F9F48FD409F49FD419F4AFD429F4BFD43
:10959000439F4CFD449FFEF7459F4DFD469F4EFD6A
:1095A000479F4FFD489F50FD499F51FD4A9F52FDE7
:1095B0004B9F53FD4C9F54FD4D9F55FD4E9F56FDB7
:1095C0004F9F57FD509FEBC6519FB4EC529F58FDE3
:1095D000539F59FD549F5AFD559F5BFD569F5CFD5F
:1095E000579F5DFD589F5EFD599F5FFD5A9F60FD2F
:1095F0005B9F61FD5C9F62FD5D9F63FD5E9F64FDFF
:109600005F9F65FD609F66FD619F67FD629F68FDCE
:10961000639F69FD649F6AFD659F6BFD669F6CFD9E
:10962000679F6DFD689F6EFD699F6FFD6A9F70FD6E
:109630006B9F71FD6C9F72FD6D9F73FD6E9F74FD3E
:109640006F9F75FD709F76FD719F77FD729F78FD0E
:10965000739F79FD749F7AFD759F7BFD769F7CFDDE
:10966000779F7DFD789F7EFD799F80FD7A9F81FDAC
:109670007B9F82FD7C9F83FD7D9F84FD7E9F85FD7A
:109680007F9FDDB3809FB3F6819F86FD829F87FD1C
:10969000839FB4F6849FE4C1859FB5F6869FB6F696
:1096A000879FB7F6889FB8F6899FB9F68A9FBAF662
:1096B0008B9FA3C88C9FBBF68D9F88FD8E9F89FDD5
:1096C0008F9F8AFD909F8BFD919F8CFD929F8DFDBA
:1096D000939F8EFD949F8FFD959F90FD969F91FD8A
:1096E000979F92FD989F93FD999FFAC19A9FA8B961
:1096F0009B9FE8ED9C9F94FD9D9F95FD9E9F96FDF1
:109700009F9FEAB9A09FDFD9A19F97FDA29F98FDD7
:10971000A39F99FDA49F9AFDA59F9BFD2CF99CFDFD
:1097200079F99DFD95F99EFDE7F99FFDF1F9A0FD01
:109730000CFA40FE0DFA41FE0EFA42FE0FFA43FE0D
:1097400011FA44FE13FA45FE14FA46FE18FA47FED3
:109750001FFA48FE20FA49FE21FA4AFE23FA4BFE80
:1097600024FA4CFE27FA4DFE28FA4EFE29FA4FFE47
:1097700030FE55A931FEF2A633FEF4A634FEF5A65E
:1097800035FEE0A636FEE1A637FEF0A638FEF1A6CD
:1097900039FEE2A63AFEE3A63BFEEEA63CFEEFA6AD
:1097A0003DFEE6A63EFEE7A63FFEE4A640FEE5A699
:1097B00041FEE8A642FEE9A643FEEAA644FEEBA669
:1097C00049FE68A94AFE69A94BFE6AA94CFE6BA92D
:1097D0004DFE6CA94EFE6DA94FFE6EA950FE6FA9FD
:1097E00051FE70A952FE71A954FE72A955FE73A9CB
:1097F00056FE74A957FE75A959FE76A95AFE77A997
:109800005BFE78A95CFE79A95DFE7AA95EFE7BA964
:109810005FFE7CA960FE7DA961FE7EA962FE80A933
:1098200063FE81A964FE82A965FE83A966FE84A900
:1098300068FE85A969FE86A96AFE87A96BFE88A9CC
:1098400001FFA1A302FFA2A303FFA3A304FFE7A1BB
:1098500005FFA5A306FFA6A307FFA7A308FFA8A3CC
:1098600009FFA9A30AFFAAA30BFFABA30CFFACA39C
:109870000DFFADA30EFFAEA30FFFAFA310FFB0A36C
:1098800011FFB1A312FFB2A313FFB3A314FFB4A33C
:1098900015FFB5A316FFB6A317FFB7A318FFB8A30C
:1098A00019FFB9A31AFFBAA31BFFBBA31CFFBCA3DC
:1098B0001DFFBDA31EFFBEA31FFFBFA320FFC0A3AC
:1098C00021FFC1A322FFC2A323FFC3A324FFC4A37C
:1098D00025FFC5A326FFC6A327FFC7A328FFC8A34C
:1098E00029FFC9A32AFFCAA32BFFCBA32CFFCCA31C
:1098F0002DFFCDA32EFFCEA32FFFCFA330FFD0A3EC
:1099000031FFD1A332FFD2A333FFD3A334FFD4A3BB
:1099100035FFD5A336FFD6A337FFD7A338FFD8A38B
:1099200039FFD9A33AFFDAA33BFFDBA33CFFDCA35B
:109930003DFFDDA33EFFDEA33FFFDFA340FFE0A32B
:1099400041FFE1A342FFE2A343FFE3A344FFE4A3FB
:1099500045FFE5A346FFE6A347FFE7A348FFE8A3CB
:1099600049FFE9A34AFFEAA34BFFEBA34CFFECA39B
:109970004DFFEDA34EFFEEA34FFFEFA350FFF0A36B
:1099800051FFF1A352FFF2A353FFF3A354FFF4A33B
:1099900055FFF5A356FFF6A357FFF7A358FFF8A30B
:1099A00059FFF9A35AFFFAA35BFFFBA35CFFFCA3DB
:1099B0005DFFFDA35EFFABA1E0FFE9A1E1FFEAA12E
:1099C000E2FF56A9E3FFFEA3E4FF57A9E5FFA4A326
:1099D000000000008000AC204081024E4181044E16
:1099E0004281054E4381064E44810F4E4581124E01
:1099F0004681174E47811F4E4881204E4981214E96
:109A00004A81234E4B81264E4C81294E4D812E4E4C
:109A10004E812F4E4F81314E5081334E5181354E04
:109A20005281374E53813C4E5481404E5581414EB8
:109A30005681424E5781444E5881464E59814A4E76
:109A40005A81514E5B81554E5C81574E5D815A4E15
:109A50005E815B4E5F81624E6081634E6181644EC8
:109A60006281654E6381674E6481684E65816A4E8E
:109A700066816B4E67816C4E68816D4E69816E4E5A
:109A80006A816F4E6B81724E6C81744E6D81754E22
:109A90006E81764E6F81774E7081784E7181794EEE
:109AA00072817A4E73817B4E74817C4E75817D4EBE
:109AB00076817F4E7781804E7881814E7981824E8A
:109AC0007A81834E7B81844E7C81854E7D81874E59
:109AD0007E818A4E8081904E8181964E8281974E02
:109AE0008381994E84819C4E85819D4E86819E4EB8
:109AF0008781A34E8881AA4E8981AF4E8A81B04E5C
:109B00008B81B14E8C81B44E8D81B64E8E81B74E15
:109B10008F81B84E9081B94E9181BC4E9281BD4EDD
:109B20009381BE4E9481C84E9581CC4E9681CF4E86
:109B30009781D04E9881D24E9981DA4E9A81DB4E30
:109B40009B81DC4E9C81E04E9D81E24E9E81E64EE3
:109B50009F81E74EA081E94EA181ED4EA281EE4E9C
:109B6000A381EF4EA481F14EA581F44EA681F84E5B
:109B7000A781F94EA881FA4EA981FC4EAA81FE4E1A
:109B8000AB81004FAC81024FAD81034FAE81044FDA
:109B9000AF81054FB081064FB181074FB281084FA9
:109BA000B3810B4FB4810C4FB581124FB681134F67
:109BB000B781144FB881154FB981164FBA811C4F28
:109BC000BB811D4FBC81214FBD81234FBE81284FDA
:109BD000BF81294FC0812C4FC1812D4FC2812E4F93
:109BE000C381314FC481334FC581354FC681374F53
:109BF000C781394FC8813B4FC9813E4FCA813F4F12
:109C0000CB81404FCC81414FCD81424FCE81444FDB
:109C1000CF81454FD081474FD181484FD281494FA5
:109C2000D3814A4FD4814B4FD5814C4FD681524F6F
:109C3000D781544FD881564FD981614FDA81624F15
:109C4000DB81664FDC81684FDD816A4FDE816B4FBF
:109C5000DF816D4FE0816E4FE181714FE281724F84
:109C6000E381754FE481774FE581784FE681794F45
:109C7000E7817A4FE8817D4FE981804FEA81814F0A
:109C8000EB81824FEC81854FED81864FEE81874FCE
:109C9000EF818A4FF0818C4FF1818E4FF281904F8E
:109CA000F381924FF481934FF581954FF681964F52
:109CB000F781984FF881994FF9819A4FFA819C4F1B
:109CC000FB819E4FFC819F4FFD81A14FFE81A24FE2
:109CD0004082A44F4182AB4F4282AD4F4382B04F8E
:109CE0004482B14F4582B24F4682B34F4782B44F50
:109CF0004882B64F4982B74F4A82B84F4B82B94F1C
:109D00004C82BA4F4D82BB4F4E82BC4F4F82BD4FEB
:109D10005082BE4F5182C04F5282C14F5382C24FB8
:109D20005482C64F5582C74F5682C84F5782C94F7B
:109D30005882CB4F5982CC4F5A82CD4F5B82D24F43
:109D40005C82D34F5D82D44F5E82D54F5F82D64F07
:109D50006082D94F6182DB4F6282E04F6382E24FC3
:109D60006482E44F6582E54F6682E74F6782EB4F7E
:109D70006882EC4F6982F04F6A82F24F6B82F44F37
:109D80006C82F54F6D82F64F6E82F74F6F82F94FFE
:109D90007082FB4F7182FC4F7282FD4F7382FF4FC6
:109DA000748200507582015076820250778203508F
:109DB00078820450798205507A8206507B8207505F
:109DC0007C8208507D8209507E820A5080820B502E
:109DD00081820E50828210508382115084821350EF
:109DE00085821550868216508782175088821B50B4
:109DF00089821D508A821E508B8220508C82225074
:109E00008D8223508E8224508F82275090822B5037
:109E100091822F50928230509382315094823250EE
:109E200095823350968234509782355098823650BE
:109E3000998237509A8238509B8239509C823B508D
:109E40009D823D509E823F509F824050A082415053
:109E5000A1824250A2824450A3824550A48246501F
:109E6000A5824950A6824A50A7824B50A8824D50E5
:109E7000A9825050AA825150AB825250AC825350AA
:109E8000AD825450AE825650AF825750B082585077
:109E9000B1825950B2825B50B3825D50B4825E5041
:109EA000B5825F50B6826050B7826150B88262500E
:109EB000B9826350BA826450BB826650BC826750DC
:109EC000BD826850BE826950BF826A50C0826B50AA
:109ED000C1826D50C2826E50C3826F50C482705076
:109EE000C5827150C6827250C7827350C882745046
:109EF000C9827550CA827850CB827950CC827A5010
:109F0000CD827C50CE827D50CF828150D0828250D3
:109F1000D1828350D2828450D3828650D48287509B
:109F2000D5828950D6828A50D7828B50D8828C5065
:109F3000D9828E50DA828F50DB829050DC82915031
:109F4000DD829250DE829350DF829450E082955001
:109F5000E1829650E2829750E3829850E4829950D1
:109F6000E5829A50E6829B50E7829C50E8829D50A1
:109F7000E9829E50EA829F50EB82A050EC82A15071
:109F8000ED82A250EE82A450EF82A650F082AA5039
:109F9000F182AB50F282AD50F382AE50F482AF50FA
:109FA000F582B050F682B150F782B350F882B450C7
:109FB000F982B550FA82B650FB82B750FC82B85095
:109FC000FD82B950FE82BC504083BD504183BE50DB
:109FD0004283BF504383C0504483C1504583C25025
:109FE0004683C3504783C4504883C5504983C650F5
:109FF0004A83C7504B83C8504C83C9504D83CA50C5
:10A000004E83CB504F83CC505083CD505183CE5094
:10A010005283D0505383D1505483D2505583D35060
:10A020005683D4505783D5505883D7505983D8502E
:10A030005A83D9505B83DB505C83DC505D83DD50F9
:10A040005E83DE505F83DF506083E0506183E150C8
:10A050006283E2506383E3506483E4506583E55098
:10A060006683E8506783E9506883EA506983EB5060
:10A070006A83EF506B83F0506C83F1506D83F25024
:10A080006E83F4506F83F6507083F7507183F850ED
:10A090007283F9507383FA507483FC507583FD50BA
:10A0A0007683FE507783FF50788300517983015186
:10A0B0007A8302517B8303517C8304517D83055154
:10A0C0007E8308518083095181830A5182830C5118
:10A0D00083830D5184830E5185830F5186831051E4
:10A0E0008783115188831351898314518A831551B1
:10A0F0008B8316518C8317518D8318518E83195180
:10A100008F831A5190831B5191831C5192831D514F
:10A1100093831E5194831F5195832051968322511E
:10A120009783235198832451998325519A832651EB
:10A130009B8327519C8328519D8329519E832A51BB
:10A140009F832B51A0832C51A1832D51A2832E518B
:10A15000A3832F51A4833051A5833151A68332515B
:10A16000A7833351A8833451A9833551AA8336512B
:10A17000AB833751AC833851AD833951AE833A51FB
:10A18000AF833B51B0833C51B1833D51B2833E51CB
:10A19000B3834251B4834751B5834A51B6834C517E
:10A1A000B7834E51B8834F51B9835051BA8352513E
:10A1B000BB835351BC835751BD835851BE83595102
:10A1C000BF835B51C0835D51C1835E51C2835F51C8
:10A1D000C3836051C4836151C5836351C683645195
:10A1E000C7836651C8836751C9836951CA836A515D
:10A1F000CB836F51CC837251CD837A51CE837E5104
:10A20000CF837F51D0838351D1838451D2838651B0
:10A21000D3838751D4838A51D5838B51D6838E5172
:10A22000D7838F51D8839051D9839151DA83935139
:10A23000DB839451DC839851DD839A51DE839D51F9
:10A24000DF839E51E0839F51E183A151E283A351BB
:10A25000E383A651E483A751E583A851E683A9517E
:10A26000E783AA51E883AD51E983AE51EA83B45143
:10A27000EB83B851EC83B951ED83BA51EE83BE51F3
:10A28000EF83BF51F083C151F183C251F283C351B7
:10A29000F383C551F483C851F583CA51F683CD5178
:10A2A000F783CE51F883D051F983D251FA83D35139
:10A2B000FB83D451FC83D551FD83D651FE83D75106
:10A2C0004084D8514184D9514284DA514384DC51CD
:10A2D0004484DE514584DF514684E2514784E35192
:10A2E0004884E5514984E6514A84E7514B84E8515A
:10A2F0004C84E9514D84EA514E84EC514F84EE5127
:10A300005084F1515184F2515284F4515384F751E5
:10A310005484FE5155840452568405525784095280
:10A3200058840B5259840C525A840F525B84105239
:10A330005C8413525D8414525E8415525F841C52F7
:10A3400060841E5261841F526284215263842252AF
:10A35000648423526584255266842652678427527A
:10A3600068842A5269842C526A842F526B84315239
:10A370006C8432526D8434526E8435526F843C52F8
:10A3800070843E52718444527284455273844652A2
:10A3900074844752758448527684495277844B526C
:10A3A00078844E5279844F527A8452527B8453522D
:10A3B0007C8455527D8457527E84585280845952F1
:10A3C00081845A5282845B5283845D5284845F52BA
:10A3D0008584605286846252878463528884645282
:10A3E000898466528A8468528B846B528C846C5246
:10A3F0008D846D528E846E528F847052908471520F
:10A4000091847352928474529384755294847652D8
:10A4100095847752968478529784795298847A52A8
:10A4200099847B529A847C529B847E529C84805275
:10A430009D8483529E8484529F848552A084865238
:10A44000A1848752A2848952A3848A52A4848B5205
:10A45000A5848C52A6848D52A7848E52A8848F52D4
:10A46000A9849152AA849252AB849452AC8495529E
:10A47000AD849652AE849752AF849852B08499526C
:10A48000B1849A52B2849C52B384A452B484A5522B
:10A49000B584A652B684A752B784AE52B884AF52E0
:10A4A000B984B052BA84B452BB84B552BC84B6529B
:10A4B000BD84B752BE84B852BF84B952C084BA5268
:10A4C000C184BB52C284BC52C384BD52C484C05236
:10A4D000C584C152C684C252C784C452C884C552FE
:10A4E000C984C652CA84C852CB84CA52CC84CC52C6
:10A4F000CD84CD52CE84CE52CF84CF52D084D1528F
:10A50000D184D352D284D452D384D552D484D75256
:10A51000D584D952D684DA52D784DB52D884DC521F
:10A52000D984DD52DA84DE52DB84E052DC84E152ED
:10A53000DD84E252DE84E352DF84E552E084E652B9
:10A54000E184E752E284E852E384E952E484EA5287
:10A55000E584EB52E684EC52E784ED52E884EE5257
:10A56000E984EF52EA84F152EB84F252EC84F35224
:10A57000ED84F452EE84F552EF84F652F084F752F3
:10A58000F184F852F284FB52F384FC52F484FD52BD
:10A59000F5840153F6840253F7840353F88404537B
:10A5A000F9840753FA840953FB840A53FC840B5340
:10A5B000FD840C53FE840E53408511534185125384
:10A5C00042851353438514534485185345851B53C3
:10A5D00046851C5347851E5348851F534985225382
:10A5E0004A8524534B8525534C8527534D85285345
:10A5F0004E8529534F852B5350852C5351852D5310
:10A6000052852F53538530535485315355853253DA
:10A6100056853353578534535885355359853653AA
:10A620005A8537535B8538535C853C535D853D5374
:10A630005E8540535F854253608544536185465330
:10A6400062854B5363854C5364854D5365855053E8
:10A6500066855453678558536885595369855B539C
:10A660006A855D536B8565536C8568536D856A5348
:10A670006E856C536F856D537085725371857653FB
:10A680007285795373857B5374857C5375857D53AF
:10A6900076857E537785805378858153798583537A
:10A6A0007A8587537B8588537C858A537D858E5335
:10A6B0007E858F53808590538185915382859253F7
:10A6C00083859353848594538585965386859753C4
:10A6D0008785995388859B5389859C538A859E538A
:10A6E0008B85A0538C85A1538D85A4538E85A7534C
:10A6F0008F85AA539085AB539185AC539285AD530A
:10A700009385AF539485B0539585B1539685B253D5
:10A710009785B3539885B4539985B5539A85B753A4
:10A720009B85B8539C85B9539D85BA539E85BC5370
:10A730009F85BD53A085BE53A185C053A285C35339
:10A74000A385C453A485C553A585C653A685C75301
:10A75000A785CE53A885CF53A985D053AA85D253B8
:10A76000AB85D353AC85D553AD85DA53AE85DC5379
:10A77000AF85DD53B085DE53B185E153B285E25339
:10A78000B385E753B485F453B585FA53B685FE53C4
:10A79000B785FF53B8850054B9850254BA8505546E
:10A7A000BB850754BC850B54BD851454BE85185415
:10A7B000BF851954C0851A54C1851C54C2852254C2
:10A7C000C3852454C4852554C5852A54C685305470
:10A7D000C7853354C8853654C9853754CA853A5419
:10A7E000CB853D54CC853F54CD854154CE854254D4
:10A7F000CF854454D0854554D1854754D28549549A
:10A80000D3854C54D4854D54D5854E54D6854F545C
:10A81000D7855154D8855A54D9855D54DA855E540C
:10A82000DB855F54DC856054DD856154DE856354CF
:10A83000DF856554E0856754E1856954E2856A5493
:10A84000E3856B54E4856C54E5856D54E6856E5460
:10A85000E7856F54E8857054E9857454EA85795426
:10A86000EB857A54EC857E54ED857F54EE858154DA
:10A87000EF858354F0858554F1858754F28588549B
:10A88000F3858954F4858A54F5858D54F685915461
:10A89000F7859354F8859754F9859854FA859C5414
:10A8A000FB859E54FC859F54FD85A054FE85A154D4
:10A8B0004086A2544186A5544286AE544386B05485
:10A8C0004486B2544586B5544686B6544786B75436
:10A8D0004886B9544986BA544A86BC544B86BE54FD
:10A8E0004C86C3544D86C5544E86CA544F86CB54AD
:10A8F0005086D6545186D8545286DB545386E05441
:10A900005486E1545586E2545686E3545786E454FF
:10A910005886EB545986EC545A86EF545B86F054B3
:10A920005C86F1545D86F4545E86F5545F86F65479
:10A930006086F7546186F8546286F9546386FB5446
:10A940006486FE5465860055668602556786035503
:10A9500068860455698605556A8608556B860A55CA
:10A960006C860B556D860C556E860D556F860E5593
:10A970007086125571861355728615557386165555
:10A9800074861755758618557686195577861A5523
:10A9900078861C5579861D557A861E557B861F55EF
:10A9A0007C8621557D8625557E86265580862855B0
:10A9B0008186295582862B5583862D55848632556E
:10A9C000858634558686355587863655888638552A
:10A9D000898639558A863A558B863B558C863D55F6
:10A9E0008D8640558E8642558F86455590864755B3
:10A9F0009186485592864B5593864C5594864D5575
:10AA000095864E5596864F55978651559886525540
:10AA1000998653559A8654559B8657559C8658550A
:10AA20009D8659559E865A559F865B55A0865D55D5
:10AA3000A1865E55A2865F55A3866055A4866255A1
:10AA4000A5866355A6866855A7866955A8866B5561
:10AA5000A9866F55AA867055AB867155AC8672551E
:10AA6000AD867355AE867455AF867955B0867A55E6
:10AA7000B1867D55B2867F55B3868555B486865599
:10AA8000B5868C55B6868D55B7868E55B886905549
:10AA9000B9869255BA869355BB869555BC86965510
:10AAA000BD869755BE869A55BF869B55C0869E55D6
:10AAB000C186A055C286A155C386A255C486A3559A
:10AAC000C586A455C686A555C786A655C886A85569
:10AAD000C986A955CA86AA55CB86AB55CC86AC5536
:10AAE000CD86AD55CE86AE55CF86AF55D086B05506
:10AAF000D186B255D286B455D386B655D486B855CC
:10AB0000D586BA55D686BC55D786BF55D886C0558A
:10AB1000D986C155DA86C255DB86C355DC86C65553
:10AB2000DD86C755DE86C855DF86CA55E086CB551B
:10AB3000E186CE55E286CF55E386D055E486D555DD
:10AB4000E586D755E686D855E786D955E886DA559D
:10AB5000E986DB55EA86DE55EB86E055EC86E25564
:10AB6000ED86E755EE86E955EF86ED55F086EE5514
:10AB7000F186F055F286F155F386F455F486F655D4
:10AB8000F586F855F686F955F786FA55F886FB5599
:10AB9000F986FC55FA86FF55FB860256FC8603565D
:10ABA000FD860456FE8605564087065641870756A1
:10ABB00042870A5643870B5644870D5645871056E1
:10ABC00046871156478712564887135649871456A9
:10ABD0004A8715564B8716564C8717564D87195678
:10ABE0004E871A564F871C5650871D565187205640
:10ABF0005287215653872256548725565587265605
:10AC0000568728565787295658872A5659872B56CC
:10AC10005A872E565B872F565C8730565D87335692
:10AC20005E8735565F8737566087385661873A5654
:10AC300062873C5663873D5664873E56658740561B
:10AC400066874156678742566887435669874456E8
:10AC50006A8745566B8746566C8747566D874856B8
:10AC60006E8749566F874A5670874B5671874F5685
:10AC7000728750567387515674875256758753564C
:10AC8000768755567787565678875A5679875B5612
:10AC90007A875D567B875E567C875F567D876056D8
:10ACA0007E876156808763568187655682876656A0
:10ACB0008387675684876D5685876E5686876F565D
:10ACC0008787705688877256898773568A87745625
:10ACD0008B8775568C8777568D8778568E877956F1
:10ACE0008F877A5690877D5691877E5692877F56BA
:10ACF0009387805694878156958782569687835688
:10AD00009787845698878756998788569A87895651
:10AD10009B878A569C878B569D878C569E878D561F
:10AD20009F879056A0879156A1879256A2879456E6
:10AD3000A3879556A4879656A5879756A6879856B3
:10AD4000A7879956A8879A56A9879B56AA879C5683
:10AD5000AB879D56AC879E56AD879F56AE87A05653
:10AD6000AF87A156B087A256B187A456B287A55621
:10AD7000B387A656B487A756B587A856B687A956EF
:10AD8000B787AA56B887AB56B987AC56BA87AD56BF
:10AD9000BB87AE56BC87B056BD87B156BE87B2568C
:10ADA000BF87B356C087B456C187B556C287B6565B
:10ADB000C387B856C487B956C587BA56C687BB5627
:10ADC000C787BD56C887BE56C987BF56CA87C056F3
:10ADD000CB87C156CC87C256CD87C356CE87C456C3
:10ADE000CF87C556D087C656D187C756D287C85693
:10ADF000D387C956D487CB56D587CC56D687CD5660
:10AE0000D787CE56D887CF56D987D056DA87D1562E
:10AE1000DB87D256DC87D356DD87D556DE87D656FC
:10AE2000DF87D856E087D956E187DC56E287E356BC
:10AE3000E387E556E487E656E587E756E687E85672
:10AE4000E787E956E887EA56E987EC56EA87EE563F
:10AE5000EB87EF56EC87F256ED87F356EE87F65602
:10AE6000EF87F756F087F856F187FB56F287FC56C6
:10AE7000F3870057F4870157F5870257F687055780
:10AE8000F7870757F8870B57F9870C57FA870D573D
:10AE9000FB870E57FC870F57FD871057FE8711570A
:10AEA00040881257418813574288145743881557D2
:10AEB00044881657458817574688185747881957A2
:10AEC00048881A5749881B574A881D574B881E5770
:10AED0004C8820574D8821574E8822574F88245739
:10AEE00050882557518826575288275753882B5703
:10AEF00054883157558832575688345757883557B4
:10AF000058883657598837575A8838575B883C577E
:10AF10005C883D575D883F575E8841575F8843573F
:10AF20006088445761884557628846576388485708
:10AF30006488495765884B576688525767885357C6
:10AF400068885457698855576A8856576B88585788
:10AF50006C8859576D8862576E8863576F8865573C
:10AF60007088675771886C5772886E5773887057EE
:10AF700074887157758872577688745777887557B3
:10AF800078887857798879577A887A577B887D5777
:10AF90007C887E577D887F577E8880578088815740
:10AFA00081888757828888578388895784888A57F9
:10AFB00085888D5786888E5787888F5788889057C1
:10AFC000898891578A8894578B8895578C8896578B
:10AFD0008D8897578E8898578F88995790889A5759
:10AFE00091889C5792889D5793889E5794889F5725
:10AFF0009588A5579688A8579788AA579888AC57D8
:10B000009988AF579A88B0579B88B1579C88B35797
:10B010009D88B5579E88B6579F88B757A088B9575F
:10B02000A188BA57A288BB57A388BC57A488BD572C
:10B03000A588BE57A688BF57A788C057A888C157FC
:10B04000A988C457AA88C557AB88C657AC88C757C4
:10B05000AD88C857AE88C957AF88CA57B088CC5793
:10B06000B188CD57B288D057B388D157B488D35759
:10B07000B588D657B688D757B788DB57B888DC5716
:10B08000B988DE57BA88E157BB88E257BC88E357D6
:10B09000BD88E557BE88E657BF88E757C088E857A0
:10B0A000C188E957C288EA57C388EB57C488EC5770
:10B0B000C588EE57C688F057C788F157C888F25739
:10B0C000C988F357CA88F557CB88F657CC88F75705
:10B0D000CD88FB57CE88FC57CF88FE57D088FF57C6
:10B0E000D1880158D2880358D3880458D488055889
:10B0F000D5880858D6880958D7880A58D8880C584F
:10B10000D9880E58DA880F58DB881058DC88125816
:10B11000DD881358DE881458DF881658E0881758E1
:10B12000E1881858E2881A58E3881B58E4881C58AC
:10B13000E5881D58E6881F58E7882258E888235874
:10B14000E9882558EA882658EB882758EC8828583B
:10B15000ED882958EE882B58EF882C58F0882D5808
:10B16000F1882E58F2882F58F3883158F4883258D5
:10B17000F5883358F6883458F7883658F8883758A1
:10B18000F9883858FA883958FB883A58FC883B586F
:10B19000FD883C58FE883D5840893E5841893F58BB
:10B1A0004289405843894158448942584589435807
:10B1B00046894558478946584889475849894858D3
:10B1C0004A8949584B894A584C894B584D894E58A1
:10B1D0004E894F584F895058508952585189535869
:10B1E0005289555853895658548957585589595832
:10B1F00056895A5857895B5858895C5859895D58FF
:10B200005A895F585B8960585C8961585D896258CA
:10B210005E8963585F896458608966586189675898
:10B22000628968586389695864896A5865896D5864
:10B2300066896E5867896F5868897058698971582E
:10B240006A8972586B8973586C8974586D897558FE
:10B250006E8976586F8977587089785871897958CE
:10B2600072897A5873897B5874897C5875897D589E
:10B2700076897F5877898258788984587989865861
:10B280007A8987587B8988587C898A587D898B5828
:10B290007E898C5880898D5881898E5882898F58F3
:10B2A00083899058848991588589945886899558BE
:10B2B0008789965888899758898998588A899B5888
:10B2C0008B899C588C899D588D89A0588E89A1584E
:10B2D0008F89A2589089A3589189A4589289A5581A
:10B2E0009389A6589489A7589589AA589689AB58E6
:10B2F0009789AC589889AD589989AE589A89AF58B2
:10B300009B89B0589C89B1589D89B2589E89B35881
:10B310009F89B458A089B558A189B658A289B75851
:10B32000A389B858A489B958A589BA58A689BB5821
:10B33000A789BD58A889BE58A989BF58AA89C058ED
:10B34000AB89C258AC89C358AD89C458AE89C658B8
:10B35000AF89C758B089C858B189C958B289CA5885
:10B36000B389CB58B489CC58B589CD58B689CE5855
:10B37000B789CF58B889D058B989D258BA89D35823
:10B38000BB89D458BC89D658BD89D758BE89D858EE
:10B39000BF89D958C089DA58C189DB58C289DC58BD
:10B3A000C389DD58C489DE58C589DF58C689E0588D
:10B3B000C789E158C889E258C989E358CA89E5585C
:10B3C000CB89E658CC89E758CD89E858CE89E95829
:10B3D000CF89EA58D089ED58D189EF58D289F158F0
:10B3E000D389F258D489F458D589F558D689F758B5
:10B3F000D789F858D889FA58D989FB58DA89FC587E
:10B40000DB89FD58DC89FE58DD89FF58DE8900594B
:10B41000DF890159E0890359E1890559E289065913
:10B42000E3890859E4890959E5890A59E6890B59DC
:10B43000E7890C59E8890E59E9891059EA891159A7
:10B44000EB891259EC891359ED891759EE8918596E
:10B45000EF891B59F0891D59F1891E59F28920592C
:10B46000F3892159F4892259F5892359F6892659F6
:10B47000F7892859F8892C59F9893059FA893259AC
:10B48000FB893359FC893559FD893659FE893B5969
:10B49000408A3D59418A3E59428A3F59438A405920
:10B4A000448A4359458A4559468A4659478A4A59E2
:10B4B000488A4C59498A4D594A8A50594B8A52599F
:10B4C0004C8A53594D8A59594E8A5B594F8A5C5957
:10B4D000508A5D59518A5E59528A5F59538A61591F
:10B4E000548A6359558A6459568A6659578A6759E6
:10B4F000588A6859598A69595A8A6A595B8A6B59B4
:10B500005C8A6C595D8A6D595E8A6E595F8A6F5983
:10B51000608A7059618A7159628A7259638A755951
:10B52000648A7759658A7A59668A7B59678A7C5911
:10B53000688A7E59698A7F596A8A80596B8A8559D7
:10B540006C8A89596D8A8B596E8A8C596F8A8E598B
:10B55000708A8F59718A9059728A9159738A945955
:10B56000748A9559758A9859768A9A59778A9B5917
:10B57000788A9C59798A9D597A8A9F597B8AA059E1
:10B580007C8AA1597D8AA2597E8AA659808AA759A8
:10B59000818AAC59828AAD59838AB059848AB1595B
:10B5A000858AB359868AB459878AB559888AB65923
:10B5B000898AB7598A8AB8598B8ABA598C8ABC59F0
:10B5C0008D8ABD598E8ABF598F8AC059908AC159B8
:10B5D000918AC259928AC359938AC459948AC55987
:10B5E000958AC759968AC859978AC959988ACC5951
:10B5F000998ACD599A8ACE599B8ACF599C8AD55916
:10B600009D8AD6599E8AD9599F8ADB59A08ADE59CC
:10B61000A18ADF59A28AE059A38AE159A48AE25992
:10B62000A58AE459A68AE659A78AE759A88AE9595A
:10B63000A98AEA59AA8AEB59AB8AED59AC8AEE5924
:10B64000AD8AEF59AE8AF059AF8AF159B08AF259F2
:10B65000B18AF359B28AF459B38AF559B48AF659C2
:10B66000B58AF759B68AF859B78AFA59B88AFC598F
:10B67000B98AFD59BA8AFE59BB8A005ABC8A025A55
:10B68000BD8A0A5ABE8A0B5ABF8A0D5AC08A0E5A00
:10B69000C18A0F5AC28A105AC38A125AC48A145ACB
:10B6A000C58A155AC68A165AC78A175AC88A195A95
:10B6B000C98A1A5ACA8A1B5ACB8A1D5ACC8A1E5A60
:10B6C000CD8A215ACE8A225ACF8A245AD08A265A23
:10B6D000D18A275AD28A285AD38A2A5AD48A2B5AEC
:10B6E000D58A2C5AD68A2D5AD78A2E5AD88A2F5ABA
:10B6F000D98A305ADA8A335ADB8A355ADC8A375A81
:10B70000DD8A385ADE8A395ADF8A3A5AE08A3B5A49
:10B71000E18A3D5AE28A3E5AE38A3F5AE48A415A14
:10B72000E58A425AE68A435AE78A445AE88A455AE1
:10B73000E98A475AEA8A485AEB8A4B5AEC8A4C5AA9
:10B74000ED8A4D5AEE8A4E5AEF8A4F5AF08A505A75
:10B75000F18A515AF28A525AF38A535AF48A545A45
:10B76000F58A565AF68A575AF78A585AF88A595A11
:10B77000F98A5B5AFA8A5C5AFB8A5D5AFC8A5E5ADD
:10B78000FD8A5F5AFE8A605A408B615A418B635A28
:10B79000428B645A438B655A448B665A458B685A70
:10B7A000468B695A478B6B5A488B6C5A498B6D5A3A
:10B7B0004A8B6E5A4B8B6F5A4C8B705A4D8B715A09
:10B7C0004E8B725A4F8B735A508B785A518B795AD1
:10B7D000528B7B5A538B7C5A548B7D5A558B7E5A95
:10B7E000568B805A578B815A588B825A598B835A61
:10B7F0005A8B845A5B8B855A5C8B865A5D8B875A31
:10B800005E8B885A5F8B895A608B8A5A618B8B5A00
:10B81000628B8C5A638B8D5A648B8E5A658B8F5AD0
:10B82000668B905A678B915A688B935A698B945A9E
:10B830006A8B955A6B8B965A6C8B975A6D8B985A6C
:10B840006E8B995A6F8B9C5A708B9D5A718B9E5A36
:10B85000728B9F5A738BA05A748BA15A758BA25A04
:10B86000768BA35A778BA45A788BA55A798BA65AD4
:10B870007A8BA75A7B8BA85A7C8BA95A7D8BAB5AA3
:10B880007E8BAC5A808BAD5A818BAE5A828BAF5A6D
:10B89000838BB05A848BB15A858BB45A868BB65A37
:10B8A000878BB75A888BB95A898BBA5A8A8BBB5AFD
:10B8B0008B8BBC5A8C8BBD5A8D8BBF5A8E8BC05ACA
:10B8C0008F8BC35A908BC45A918BC55A928BC65A90
:10B8D000938BC75A948BC85A958BCA5A968BCB5A5E
:10B8E000978BCD5A988BCE5A998BCF5A9A8BD05A28
:10B8F0009B8BD15A9C8BD35A9D8BD55A9E8BD75AF2
:10B900009F8BD95AA08BDA5AA18BDB5AA28BDD5AB6
:10B91000A38BDE5AA48BDF5AA58BE25AA68BE45A7E
:10B92000A78BE55AA88BE75AA98BE85AAA8BEA5A43
:10B93000AB8BEC5AAC8BED5AAD8BEE5AAE8BEF5A0B
:10B94000AF8BF05AB08BF25AB18BF35AB28BF45AD8
:10B95000B38BF55AB48BF65AB58BF75AB68BF85AA7
:10B96000B78BF95AB88BFA5AB98BFB5ABA8BFC5A77
:10B97000BB8BFD5ABC8BFE5ABD8BFF5ABE8B005B46
:10B98000BF8B015BC08B025BC18B035BC28B045B13
:10B99000C38B055BC48B065BC58B075BC68B085BE3
:10B9A000C78B0A5BC88B0B5BC98B0C5BCA8B0D5BAF
:10B9B000CB8B0E5BCC8B0F5BCD8B105BCE8B115B7F
:10B9C000CF8B125BD08B135BD18B145BD28B155B4F
:10B9D000D38B185BD48B195BD58B1A5BD68B1B5B17
:10B9E000D78B1C5BD88B1D5BD98B1E5BDA8B1F5BE7
:10B9F000DB8B205BDC8B215BDD8B225BDE8B235BB7
:10BA0000DF8B245BE08B255BE18B265BE28B275B86
:10BA1000E38B285BE48B295BE58B2A5BE68B2B5B56
:10BA2000E78B2C5BE88B2D5BE98B2E5BEA8B2F5B26
:10BA3000EB8B305BEC8B315BED8B335BEE8B355BF3
:10BA4000EF8B365BF08B385BF18B395BF28B3A5BBB
:10BA5000F38B3B5BF48B3C5BF58B3D5BF68B3E5B8A
:10BA6000F78B3F5BF88B415BF98B425BFA8B435B57
:10BA7000FB8B445BFC8B455BFD8B465BFE8B475B26
:10BA8000408C485B418C495B428C4A5B438C4B5BEE
:10BA9000448C4C5B458C4D5B468C4E5B478C4F5BBE
:10BAA000488C525B498C565B4A8C5E5B4B8C605B6E
:10BAB0004C8C615B4D8C675B4E8C685B4F8C6B5B19
:10BAC000508C6D5B518C6E5B528C6F5B538C725BD8
:10BAD000548C745B558C765B568C775B578C785B9B
:10BAE000588C795B598C7B5B5A8C7C5B5B8C7E5B66
:10BAF0005C8C7F5B5D8C825B5E8C865B5F8C8A5B23
:10BB0000608C8D5B618C8E5B628C905B638C915BD7
:10BB1000648C925B658C945B668C965B678C9F5B98
:10BB2000688CA75B698CA85B6A8CA95B6B8CAC5B2F
:10BB30006C8CAD5B6D8CAE5B6E8CAF5B6F8CB15BF8
:10BB4000708CB25B718CB75B728CBA5B738CBB5BB5
:10BB5000748CBC5B758CC05B768CC15B778CC35B73
:10BB6000788CC85B798CC95B7A8CCA5B7B8CCB5B2D
:10BB70007C8CCD5B7D8CCE5B7E8CCF5B808CD15BF7
:10BB8000818CD45B828CD55B838CD65B848CD75BB9
:10BB9000858CD85B868CD95B878CDA5B888CDB5B89
:10BBA000898CDC5B8A8CE05B8B8CE25B8C8CE35B4E
:10BBB0008D8CE65B8E8CE75B8F8CE95B908CEA5B0F
:10BBC000918CEB5B928CEC5B938CED5B948CEF5BDC
:10BBD000958CF15B968CF25B978CF35B988CF45BA5
:10BBE000998CF55B9A8CF65B9B8CF75B9C8CFD5B70
:10BBF0009D8CFE5B9E8C005C9F8C025CA08C035C29
:10BC0000A18C055CA28C075CA38C085CA48C0B5CEB
:10BC1000A58C0C5CA68C0D5CA78C0E5CA88C105CB3
:10BC2000A98C125CAA8C135CAB8C175CAC8C195C75
:10BC3000AD8C1B5CAE8C1E5CAF8C1F5CB08C205C32
:10BC4000B18C215CB28C235CB38C265CB48C285CF8
:10BC5000B58C295CB68C2A5CB78C2B5CB88C2D5CBF
:10BC6000B98C2E5CBA8C2F5CBB8C305CBC8C325C8B
:10BC7000BD8C335CBE8C355CBF8C365CC08C375C55
:10BC8000C18C435CC28C445CC38C465CC48C475CF6
:10BC9000C58C4C5CC68C4D5CC78C525CC88C535CAC
:10BCA000C98C545CCA8C565CCB8C575CCC8C585C71
:10BCB000CD8C5A5CCE8C5B5CCF8C5C5CD08C5D5C3C
:10BCC000D18C5F5CD28C625CD38C645CD48C675CFE
:10BCD000D58C685CD68C695CD78C6A5CD88C6B5CC4
:10BCE000D98C6C5CDA8C6D5CDB8C705CDC8C725C8F
:10BCF000DD8C735CDE8C745CDF8C755CE08C765C58
:10BD0000E18C775CE28C785CE38C7B5CE48C7C5C23
:10BD1000E58C7D5CE68C7E5CE78C805CE88C835CEB
:10BD2000E98C845CEA8C855CEB8C865CEC8C875CB3
:10BD3000ED8C895CEE8C8A5CEF8C8B5CF08C8E5C7D
:10BD4000F18C8F5CF28C925CF38C935CF48C955C40
:10BD5000F58C9D5CF68C9E5CF78C9F5CF88CA05CEF
:10BD6000F98CA15CFA8CA45CFB8CA55CFC8CA65CB9
:10BD7000FD8CA75CFE8CA85C408DAA5C418DAE5CFE
:10BD8000428DAF5C438DB05C448DB25C458DB45C3C
:10BD9000468DB65C478DB95C488DBA5C498DBB5CFD
:10BDA0004A8DBC5C4B8DBE5C4C8DC05C4D8DC25CC5
:10BDB0004E8DC35C4F8DC55C508DC65C518DC75C8C
:10BDC000528DC85C538DC95C548DCA5C558DCC5C5A
:10BDD000568DCD5C578DCE5C588DCF5C598DD05C27
:10BDE0005A8DD15C5B8DD35C5C8DD45C5D8DD55CF4
:10BDF0005E8DD65C5F8DD75C608DD85C618DDA5CC2
:10BE0000628DDB5C638DDC5C648DDD5C658DDE5C8E
:10BE1000668DDF5C678DE05C688DE25C698DE35C5C
:10BE20006A8DE75C6B8DE95C6C8DEB5C6D8DEC5C19
:10BE30006E8DEE5C6F8DEF5C708DF15C718DF25CE0
:10BE4000728DF35C738DF45C748DF55C758DF65CAE
:10BE5000768DF75C778DF85C788DF95C798DFA5C7E
:10BE60007A8DFC5C7B8DFD5C7C8DFE5C7D8DFF5C4A
:10BE70007E8D005D808D015D818D045D828D055D0F
:10BE8000838D085D848D095D858D0A5D868D0B5DD2
:10BE9000878D0C5D888D0D5D898D0F5D8A8D105DA0
:10BEA0008B8D115D8C8D125D8D8D135D8E8D155D6D
:10BEB0008F8D175D908D185D918D195D928D1A5D36
:10BEC000938D1C5D948D1D5D958D1F5D968D205D00
:10BED000978D215D988D225D998D235D9A8D255DCD
:10BEE0009B8D285D9C8D2A5D9D8D2B5D9E8D2C5D8F
:10BEF0009F8D2F5DA08D305DA18D315DA28D325D56
:10BF0000A38D335DA48D355DA58D365DA68D375D22
:10BF1000A78D385DA88D395DA98D3A5DAA8D3B5DF1
:10BF2000AB8D3C5DAC8D3F5DAD8D405DAE8D415DBB
:10BF3000AF8D425DB08D435DB18D445DB28D455D89
:10BF4000B38D465DB48D485DB58D495DB68D4D5D53
:10BF5000B78D4E5DB88D4F5DB98D505DBA8D515D19
:10BF6000BB8D525DBC8D535DBD8D545DBE8D555DE9
:10BF7000BF8D565DC08D575DC18D595DC28D5A5DB7
:10BF8000C38D5C5DC48D5E5DC58D5F5DC68D605D7E
:10BF9000C78D615DC88D625DC98D635DCA8D645D4D
:10BFA000CB8D655DCC8D665DCD8D675DCE8D685D1D
:10BFB000CF8D6A5DD08D6D5DD18D6E5DD28D705DE2
:10BFC000D38D715DD48D725DD58D735DD68D755DAC
:10BFD000D78D765DD88D775DD98D785DDA8D795D79
:10BFE000DB8D7A5DDC8D7B5DDD8D7C5DDE8D7D5D49
:10BFF000DF8D7E5DE08D7F5DE18D805DE28D815D19
:10C00000E38D835DE48D845DE58D855DE68D865DE4
:10C01000E78D875DE88D885DE98D895DEA8D8A5DB4
:10C02000EB8D8B5DEC8D8C5DED8D8D5DEE8D8E5D84
:10C03000EF8D8F5DF08D905DF18D915DF28D925D54
:10C04000F38D935DF48D945DF58D955DF68D965D24
:10C05000F78D975DF88D985DF98D9A5DFA8D9B5DF2
:10C06000FB8D9C5DFC8D9E5DFD8D9F5DFE8DA05DBD
:10C07000408EA15D418EA25D428EA35D438EA45D84
:10C08000448EA55D458EA65D468EA75D478EA85D54
:10C09000488EA95D498EAA5D4A8EAB5D4B8EAC5D24
:10C0A0004C8EAD5D4D8EAE5D4E8EAF5D4F8EB05DF4
:10C0B000508EB15D518EB25D528EB35D538EB45DC4
:10C0C000548EB55D558EB65D568EB85D578EB95D92
:10C0D000588EBA5D598EBB5D5A8EBC5D5B8EBD5D60
:10C0E0005C8EBE5D5D8EBF5D5E8EC05D5F8EC15D30
:10C0F000608EC25D618EC35D628EC45D638EC65DFF
:10C10000648EC75D658EC85D668EC95D678ECA5DCB
:10C11000688ECB5D698ECC5D6A8ECE5D6B8ECF5D99
:10C120006C8ED05D6D8ED15D6E8ED25D6F8ED35D67
:10C13000708ED45D718ED55D728ED65D738ED75D37
:10C14000748ED85D758ED95D768EDA5D778EDC5D06
:10C15000788EDF5D798EE05D7A8EE35D7B8EE45DC7
:10C160007C8EEA5D7D8EEC5D7E8EED5D808EF05D79
:10C17000818EF55D828EF65D838EF85D848EF95D2D
:10C18000858EFA5D868EFB5D878EFC5D888EFF5DF9
:10C19000898E005E8A8E045E8B8E075E8C8E095EB1
:10C1A0008D8E0A5E8E8E0B5E8F8E0D5E908E0E5E75
:10C1B000918E125E928E135E938E175E948E1E5E2B
:10C1C000958E1F5E968E205E978E215E988E225EE3
:10C1D000998E235E9A8E245E9B8E255E9C8E285EB1
:10C1E0009D8E295E9E8E2A5E9F8E2B5EA08E2C5E7B
:10C1F000A18E2F5EA28E305EA38E325EA48E335E41
:10C20000A58E345EA68E355EA78E365EA88E395E0C
:10C21000A98E3A5EAA8E3E5EAB8E3F5EAC8E405ECD
:10C22000AD8E415EAE8E435EAF8E465EB08E475E93
:10C23000B18E485EB28E495EB38E4A5EB48E4B5E5E
:10C24000B58E4D5EB68E4E5EB78E4F5EB88E505E2A
:10C25000B98E515EBA8E525EBB8E535EBC8E565EF8
:10C26000BD8E575EBE8E585EBF8E595EC08E5A5EC2
:10C27000C18E5C5EC28E5D5EC38E5F5EC48E605E8C
:10C28000C58E635EC68E645EC78E655EC88E665E52
:10C29000C98E675ECA8E685ECB8E695ECC8E6A5E22
:10C2A000CD8E6B5ECE8E6C5ECF8E6D5ED08E6E5EF2
:10C2B000D18E6F5ED28E705ED38E715ED48E755EBF
:10C2C000D58E775ED68E795ED78E7E5ED88E815E75
:10C2D000D98E825EDA8E835EDB8E855EDC8E885E32
:10C2E000DD8E895EDE8E8C5EDF8E8D5EE08E8E5EF4
:10C2F000E18E925EE28E985EE38E9B5EE48E9D5EA2
:10C30000E58EA15EE68EA25EE78EA35EE88EA45E59
:10C31000E98EA85EEA8EA95EEB8EAA5EEC8EAB5E1D
:10C32000ED8EAC5EEE8EAE5EEF8EAF5EF08EB05EEA
:10C33000F18EB15EF28EB25EF38EB45EF48EBA5EB2
:10C34000F58EBB5EF68EBC5EF78EBD5EF88EBF5E70
:10C35000F98EC05EFA8EC15EFB8EC25EFC8EC35E3D
:10C36000FD8EC45EFE8EC55E408FC65E418FC75E89
:10C37000428FC85E438FCB5E448FCC5E458FCD5ECF
:10C38000468FCE5E478FCF5E488FD05E498FD45E9A
:10C390004A8FD55E4B8FD75E4C8FD85E4D8FD95E5E
:10C3A0004E8FDA5E4F8FDC5E508FDD5E518FDE5E2A
:10C3B000528FDF5E538FE05E548FE15E558FE25EF9
:10C3C000568FE35E578FE45E588FE55E598FE65EC9
:10C3D0005A8FE75E5B8FE95E5C8FEB5E5D8FEC5E94
:10C3E0005E8FED5E5F8FEE5E608FEF5E618FF05E61
:10C3F000628FF15E638FF25E648FF35E658FF55E30
:10C40000668FF85E678FF95E688FFB5E698FFC5EF2
:10C410006A8FFD5E6B8F055F6C8F065F6D8F075FA8
:10C420006E8F095F6F8F0C5F708F0D5F718F0E5F66
:10C43000728F105F738F125F748F145F758F165F2A
:10C44000768F195F778F1A5F788F1C5F798F1D5FEA
:10C450007A8F1E5F7B8F215F7C8F225F7D8F235FB2
:10C460007E8F245F808F285F818F2B5F828F2C5F70
:10C47000838F2E5F848F305F858F325F868F335F2F
:10C48000878F345F888F355F898F365F8A8F375FFC
:10C490008B8F385F8C8F3B5F8D8F3D5F8E8F3E5FC4
:10C4A0008F8F3F5F908F415F918F425F928F435F8D
:10C4B000938F445F948F455F958F465F968F475F5C
:10C4C000978F485F988F495F998F4A5F9A8F4B5F2C
:10C4D0009B8F4C5F9C8F4D5F9D8F4E5F9E8F4F5FFC
:10C4E0009F8F515FA08F545FA18F595FA28F5A5FBA
:10C4F000A38F5B5FA48F5C5FA58F5E5FA68F5F5F7E
:10C50000A78F605FA88F635FA98F655FAA8F675F42
:10C51000AB8F685FAC8F6B5FAD8F6E5FAE8F6F5F01
:10C52000AF8F725FB08F745FB18F755FB28F765FC0
:10C53000B38F785FB48F7A5FB58F7D5FB68F7E5F84
:10C54000B78F7F5FB88F835FB98F865FBA8F8D5F3C
:10C55000BB8F8E5FBC8F8F5FBD8F915FBE8F935FF0
:10C56000BF8F945FC08F965FC18F9A5FC28F9B5FB2
:10C57000C38F9D5FC48F9E5FC58F9F5FC68FA05F77
:10C58000C78FA25FC88FA35FC98FA45FCA8FA55F43
:10C59000CB8FA65FCC8FA75FCD8FA95FCE8FAB5F10
:10C5A000CF8FAC5FD08FAF5FD18FB05FD28FB15FD5
:10C5B000D38FB25FD48FB35FD58FB45FD68FB65FA2
:10C5C000D78FB85FD88FB95FD98FBA5FDA8FBB5F6B
:10C5D000DB8FBE5FDC8FBF5FDD8FC05FDE8FC15F33
:10C5E000DF8FC25FE08FC75FE18FC85FE28FCA5FF6
:10C5F000E38FCB5FE48FCE5FE58FD35FE68FD45FB1
:10C60000E78FD55FE88FDA5FE98FDB5FEA8FDC5F6A
:10C61000EB8FDE5FEC8FDF5FED8FE25FEE8FE35F2E
:10C62000EF8FE55FF08FE65FF18FE85FF28FE95FF4
:10C63000F38FEC5FF48FEF5FF58FF05FF68FF25FB3
:10C64000F78FF35FF88FF45FF98FF65FFA8FF75F7C
:10C65000FB8FF95FFC8FFA5FFD8FFC5FFE8F076039
:10C66000409008604190096042900B6043900C60DC
:10C670004490106045901160469013604790176099
:10C680004890186049901A604A901E604B901F6055
:10C690004C9022604D9023604E9024604F902C600F
:10C6A00050902D6051902E605290306053903160C8
:10C6B0005490326055903360569034605790366095
:10C6C00058903760599038605A9039605B903A6062
:10C6D0005C903D605D903E605E9040605F90446025
:10C6E00060904560619046606290476063904860EA
:10C6F0006490496065904A6066904C6067904E60B7
:10C7000068904F60699051606A9053606B9054607C
:10C710006C9056606D9057606E9058606F905B6043
:10C7200070905C6071905E6072905F60739060600A
:10C7300074906160759065607690666077906E60C9
:10C7400078907160799072607A9074607B90756077
:10C750007C9077607D907E607E908060809081602C
:10C7600081908260829085608390866084908760EB
:10C770008590886086908A6087908B6088908E60B4
:10C7800089908F608A9090608B9091608C9093607C
:10C790008D9095608E9097608F9098609090996042
:10C7A00091909C6092909E609390A1609490A26002
:10C7B0009590A4609690A5609790A7609890A960C6
:10C7C0009990AA609A90AE609B90B0609C90B36084
:10C7D0009D90B5609E90B6609F90B760A090B96044
:10C7E000A190BA60A290BD60A390BE60A490BF600B
:10C7F000A590C060A690C160A790C260A890C360D9
:10C80000A990C460AA90C760AB90C860AC90C960A2
:10C81000AD90CC60AE90CD60AF90CE60B090CF6068
:10C82000B190D060B290D260B390D360B490D46035
:10C83000B590D660B690D760B790D960B890DB60FD
:10C84000B990DE60BA90E160BB90E260BC90E360BA
:10C85000BD90E460BE90E560BF90EA60C090F1607A
:10C86000C190F260C290F560C390F760C490F86028
:10C87000C590FB60C690FC60C790FD60C890FE60EC
:10C88000C990FF60CA900261CB900361CC900461B3
:10C89000CD900561CE900761CF900A61D0900B6179
:10C8A000D1900C61D2901061D3901161D49012613B
:10C8B000D5901361D6901461D7901661D890176106
:10C8C000D9901861DA901961DB901B61DC901C61D2
:10C8D000DD901D61DE901E61DF902161E09022619C
:10C8E000E1902561E2902861E3902961E4902A615A
:10C8F000E5902C61E6902D61E7902E61E8902F6124
:10C90000E9903061EA903161EB903261EC903361F3
:10C91000ED903461EE903561EF903661F0903761C3
:10C92000F1903861F2903961F3903A61F4903B6193
:10C93000F5903C61F6903D61F7903E61F890406162
:10C94000F9904161FA904261FB904361FC9044612F
:10C95000FD904561FE90466140914761419149617A
:10C9600042914B6143914D6144914F6145915061BA
:10C970004691526147915361489154614991566182
:10C980004A9157614B9158614C9159614D915A614F
:10C990004E915B614F915C6150915E6151915F611D
:10C9A00052916061539161615491636155916461E9
:10C9B00056916561579166615891696159916A61B3
:10C9C0005A916B615B916C615C916D615D916E617F
:10C9D0005E916F615F91716160917261619173614C
:10C9E0006291746163917661649178616591796116
:10C9F00066917A6167917B6168917C6169917D61E3
:10CA00006A917E616B917F616C9180616D918161B2
:10CA10006E9182616F918361709184617191856182
:10CA20007291866173918761749188617591896152
:10CA300076918A6177918C6178918D6179918F611E
:10CA40007A9190617B9191617C9192617D919361EA
:10CA50007E919561809196618191976182919861B3
:10CA60008391996184919A6185919B6186919C6182
:10CA700087919E6188919F618991A0618A91A1614E
:10CA80008B91A2618C91A3618D91A4618E91A5611E
:10CA90008F91A6619091AA619191AB619291AD61E4
:10CAA0009391AE619491AF619591B0619691B161AE
:10CAB0009791B2619891B3619991B4619A91B5617E
:10CAC0009B91B6619C91B8619D91B9619E91BA614B
:10CAD0009F91BB61A091BC61A191BD61A291BF6119
:10CAE000A391C061A491C161A591C361A691C461E4
:10CAF000A791C561A891C661A991C761AA91C961B1
:10CB0000AB91CC61AC91CD61AD91CE61AE91CF6175
:10CB1000AF91D061B091D361B191D561B291D6613D
:10CB2000B391D761B491D861B591D961B691DA6109
:10CB3000B791DB61B891DC61B991DD61BA91DE61D9
:10CB4000BB91DF61BC91E061BD91E161BE91E261A9
:10CB5000BF91E361C091E461C191E561C291E76178
:10CB6000C391E861C491E961C591EA61C691EB6145
:10CB7000C791EC61C891ED61C991EE61CA91EF6115
:10CB8000CB91F061CC91F161CD91F261CE91F361E5
:10CB9000CF91F461D091F661D191F761D291F861B2
:10CBA000D391F961D491FA61D591FB61D691FC6181
:10CBB000D791FD61D891FE61D9910062DA9101624D
:10CBC000DB910262DC910362DD910462DE91056219
:10CBD000DF910762E0910962E1911362E2911462D0
:10CBE000E3911962E4911C62E5911D62E6911E6277
:10CBF000E7912062E8912362E9912662EA91276237
:10CC0000EB912862EC912962ED912B62EE912D62FD
:10CC1000EF912F62F0913062F1913162F2913262C4
:10CC2000F3913562F4913662F5913862F69139628A
:10CC3000F7913A62F8913B62F9913C62FA91426253
:10CC4000FB914462FC914562FD914662FE914A620D
:10CC500040924F62419250624292556243925662B4
:10CC6000449257624592596246925A6247925C6278
:10CC700048925D6249925E624A925F624B92606244
:10CC80004C9261624D9262624E9264624F92656212
:10CC900050926862519271625292726253927462BF
:10CCA00054927562559277625692786257927A6280
:10CCB00058927B6259927D625A9281625B92826243
:10CCC0005C9283625D9285625E9286625F92876209
:10CCD0006092886261928B6262928C6263928D62D2
:10CCE00064928E6265928F6266929062679294629D
:10CCF0006892996269929C626A929D626B929E624E
:10CD00006C92A3626D92A6626E92A7626F92A96204
:10CD10007092AA627192AD627292AE627392AF62C9
:10CD20007492B0627592B2627692B3627792B46294
:10CD30007892B6627992B7627A92B8627B92BA625E
:10CD40007C92BE627D92C0627E92C1628092C3621A
:10CD50008192CB628292CF628392D1628492D562B9
:10CD60008592DD628692DE628792E0628892E1625D
:10CD70008992E4628A92EA628B92EB628C92F06210
:10CD80008D92F2628E92F5628F92F8629092F962C1
:10CD90009192FA629292FB6293920063949203637F
:10CDA00095920463969205639792066398920A633C
:10CDB00099920B639A920C639B920D639C920F6302
:10CDC0009D9210639E9212639F921363A0921463CC
:10CDD000A1921563A2921763A3921863A492196398
:10CDE000A5921C63A6922663A7922763A892296343
:10CDF000A9922C63AA922D63AB922E63AC923063FE
:10CE0000AD923163AE923363AF923463B0923563C7
:10CE1000B1923663B2923763B3923863B4923B6394
:10CE2000B5923C63B6923E63B7923F63B89240635B
:10CE3000B9924163BA924463BB924763BC92486320
:10CE4000BD924A63BE925163BF925263C0925363D4
:10CE5000C1925463C2925663C3925763C49258639B
:10CE6000C5925963C6925A63C7925B63C8925C636A
:10CE7000C9925D63CA926063CB926463CC9265632E
:10CE8000CD926663CE926863CF926A63D0926B63F1
:10CE9000D1926C63D2926F63D3927063D4927263B7
:10CEA000D5927363D6927463D7927563D892786380
:10CEB000D9927963DA927C63DB927D63DC927E6344
:10CEC000DD927F63DE928163DF928363E09284630D
:10CED000E1928563E2928663E3928B63E4928D63D1
:10CEE000E5929163E6929363E7929463E892956387
:10CEF000E9929763EA929963EB929A63EC929B634F
:10CF0000ED929C63EE929D63EF929E63F0929F631D
:10CF1000F192A163F292A463F392A663F492AB63DD
:10CF2000F592AF63F692B163F792B263F892B5638C
:10CF3000F992B663FA92B963FB92BB63FC92BD634C
:10CF4000FD92BF63FE92C0634093C1634193C2638D
:10CF50004293C3634393C5634493C7634593C863D4
:10CF60004693CA634793CB634893CC634993D16399
:10CF70004A93D3634B93D4634C93D5634D93D76358
:10CF80004E93D8634F93D9635093DA635193DB6325
:10CF90005293DC635393DD635493DF635593E263F1
:10CFA0005693E4635793E5635893E6635993E763B5
:10CFB0005A93E8635B93EB635C93EC635D93EE637E
:10CFC0005E93EF635F93F0636093F1636193F36348
:10CFD0006293F5636393F7636493F9636593FA630C
:10CFE0006693FB636793FC636893FE6369930364D2
:10CFF0006A9304646B9306646C9307646D9308648E
:10D000006E9309646F930A6470930D6471930E6458
:10D010007293116473931264749315647593166418
:10D0200076931764779318647893196479931A64E4
:10D030007A931D647B931F647C9322647D932364A5
:10D040007E9324648093256481932764829328646B
:10D050008393296484932B6485932E6486932F6431
:10D060008793306488933164899332648A933364FC
:10D070008B9335648C9336648D9337648E933864C8
:10D080008F93396490933B6491933C6492933E6494
:10D090009393406494934264959343649693496454
:10D0A00097934B6498934C6499934D649A934E6410
:10D0B0009B934F649C9350649D9351649E935364DF
:10D0C0009F935564A0935664A1935764A2935964A7
:10D0D000A3935A64A4935B64A5935C64A6935D6474
:10D0E000A7935F64A8936064A9936164AA93626440
:10D0F000AB936364AC936464AD936564AE93666410
:10D10000AF936864B0936A64B1936B64B2936C64D8
:10D11000B3936E64B4936F64B5937064B6937164A3
:10D12000B7937264B8937364B9937464BA93756473
:10D13000BB937664BC937764BD937B64BE937C643D
:10D14000BF937D64C0937E64C1937F64C293806407
:10D15000C3938164C4938364C5938664C6938864CF
:10D16000C7938964C8938A64C9938B64CA938C6497
:10D17000CB938D64CC938E64CD938F64CE93906467
:10D18000CF939364D0939464D1939764D29398642B
:10D19000D3939A64D4939B64D5939C64D6939D64F3
:10D1A000D7939F64D893A064D993A164DA93A264BF
:10D1B000DB93A364DC93A564DD93A664DE93A7648C
:10D1C000DF93A864E093AA64E193AB64E293AF6455
:10D1D000E393B164E493B264E593B364E693B46417
:10D1E000E793B664E893B964E993BB64EA93BD64DA
:10D1F000EB93BE64EC93BF64ED93C164EE93C364A0
:10D20000EF93C464F093C664F193C764F293C86467
:10D21000F393C964F493CA64F593CB64F693CC6436
:10D22000F793CF64F893D164F993D364FA93D464F9
:10D23000FB93D564FC93D664FD93D964FE93DA64C2
:10D240004094DB644194DC644294DD644394DF6485
:10D250004494E0644594E1644694E3644794E5644F
:10D260004894E7644994E8644A94E9644B94EA6416
:10D270004C94EB644D94EC644E94ED644F94EE64E6
:10D280005094EF645194F0645294F1645394F264B6
:10D290005494F3645594F4645694F5645794F66486
:10D2A0005894F7645994F8645A94F9645B94FA6456
:10D2B0005C94FB645D94FC645E94FD645F94FE6426
:10D2C0006094FF64619401656294026563940365F0
:10D2D00064940465659405656694066567940765BE
:10D2E0006894086569940A656A940B656B940C658B
:10D2F0006C940D656D940E656E940F656F9410655A
:10D300007094116571941365729414657394156526
:10D3100074941665759417657694196577941A65F3
:10D3200078941B6579941C657A941D657B941E65C1
:10D330007C941F657D9420657E9421658094226590
:10D34000819423658294246583942665849427655B
:10D35000859428658694296587942A6588942C6528
:10D3600089942D658A9430658B9431658C943265EF
:10D370008D9433658E9437658F943A6590943C65AF
:10D3800091943D659294406593944165949442656F
:10D39000959443659694446597944665989447653B
:10D3A00099944A659A944B659B944D659C944E65FF
:10D3B0009D9450659E9452659F945365A0945465C6
:10D3C000A1945765A2945865A3945A65A4945C658A
:10D3D000A5945F65A6946065A7946165A89464654B
:10D3E000A9946565AA946765AB946865AC94696512
:10D3F000AD946A65AE946D65AF946E65B0946F65DB
:10D40000B1947165B2947365B3947565B49476659F
:10D41000B5947865B6947965B7947A65B8947B6568
:10D42000B9947C65BA947D65BB947E65BC947F6538
:10D43000BD948065BE948165BF948265C094836508
:10D44000C1948465C2948565C3948665C4948865D7
:10D45000C5948965C6948A65C7948D65C8948E65A0
:10D46000C9948F65CA949265CB949465CC94956564
:10D47000CD949665CE949865CF949A65D0949D6529
:10D48000D1949E65D294A065D394A265D494A365EB
:10D49000D594A665D694A865D794AA65D894AC65AA
:10D4A000D994AE65DA94B165DB94B265DC94B3656A
:10D4B000DD94B465DE94B565DF94B665E094B76538
:10D4C000E194B865E294BA65E394BB65E494BE6503
:10D4D000E594BF65E694C065E794C265E894C765C6
:10D4E000E994C865EA94C965EB94CA65EC94CD6586
:10D4F000ED94D065EE94D165EF94D365F094D46546
:10D50000F194D565F294D865F394D965F494DA650D
:10D51000F594DB65F694DC65F794DD65F894DE65DB
:10D52000F994DF65FA94E165FB94E365FC94E465A6
:10D53000FD94EA65FE94EB654095F2654195F365CF
:10D540004295F4654395F5654495F8654595F9650B
:10D550004695FB654795FC654895FD654995FE65D3
:10D560004A95FF654B9501664C9504664D95056699
:10D570004E9507664F9508665095096651950B665E
:10D5800052950D6653951066549511665595126621
:10D5900056951666579517665895186659951A66E2
:10D5A0005A951B665B951C665C951E665D952166AB
:10D5B0005E9522665F952366609524666195266672
:10D5C0006295296663952A6664952B6665952C6637
:10D5D00066952E66679530666895326669953366FE
:10D5E0006A9537666B9538666C9539666D953A66BF
:10D5F0006E953B666F953D6670953F66719540668A
:10D60000729542667395446674954566759546664F
:10D6100076954766779548667895496679954A661E
:10D620007A954D667B954E667C9550667D955166E4
:10D630007E9558668095596681955B6682955C6695
:10D6400083955D6684955E6685956066869562665F
:10D650008795636688956566899567668A95696624
:10D660008B956A668C956B668D956C668E956D66EE
:10D670008F957166909572669195736692957566B1
:10D68000939578669495796695957B6696957C6674
:10D6900097957D6698957F66999580669A9581663F
:10D6A0009B9583669C9585669D9586669E95886606
:10D6B0009F958966A0958A66A1958B66A2958D66D1
:10D6C000A3958E66A4958F66A5959066A69592669D
:10D6D000A7959366A8959466A9959566AA95986668
:10D6E000AB959966AC959A66AD959B66AE959C6632
:10D6F000AF959E66B0959F66B195A066B295A166FE
:10D70000B395A266B495A366B595A466B695A566CD
:10D71000B795A666B895A966B995AA66BA95AB6697
:10D72000BB95AC66BC95AD66BD95AF66BE95B06663
:10D73000BF95B166C095B266C195B366C295B56630
:10D74000C395B666C495B766C595B866C695BA66FC
:10D75000C795BB66C895BC66C995BD66CA95BF66C8
:10D76000CB95C066CC95C166CD95C266CE95C36695
:10D77000CF95C466D095C566D195C666D295C76665
:10D78000D395C866D495C966D595CA66D695CB6635
:10D79000D795CC66D895CD66D995CE66DA95CF6605
:10D7A000DB95D066DC95D166DD95D266DE95D366D5
:10D7B000DF95D466E095D566E195D666E295D766A5
:10D7C000E395D866E495DA66E595DE66E695DF666C
:10D7D000E795E066E895E166E995E266EA95E36635
:10D7E000EB95E466EC95E566ED95E766EE95E86603
:10D7F000EF95EA66F095EB66F195EC66F295ED66CD
:10D80000F395EE66F495EF66F595F166F695F56697
:10D81000F795F666F895F866F995FA66FA95FB6657
:10D82000FB95FD66FC950167FD950267FE95036714
:10D8300040960467419605674296066743960767D8
:10D8400044960C6745960E6746960F674796116794
:10D8500048961267499613674A9616674B9618675B
:10D860004C9619674D961A674E961C674F961E6721
:10D8700050962067519621675296226753962367E8
:10D8800054962467559625675696276757962967B5
:10D8900058962E67599630675A9632675B9633676B
:10D8A0005C9636675D9637675E9638675F96396730
:10D8B00060963B6761963C6762963E6763963F67FA
:10D8C00064964167659644676696456767964767BD
:10D8D00068964A6769964B676A964D676B9652677A
:10D8E0006C9654676D9655676E9657676F96586736
:10D8F0007096596771965A6772965B6773965D6703
:10D9000074966267759663677696646777966667BE
:10D910007896676779966B677A966C677B966E6781
:10D920007C9671677D9674677E9676678096786739
:10D930008196796782967A6783967B6784967D67FE
:10D9400085968067869682678796836788968567BF
:10D95000899686678A9688678B968A678C968C6785
:10D960008D968D678E968E678F968F67909691674E
:10D97000919692679296936793969467949696671A
:10D980009596996796969B6797969F679896A067D6
:10D990009996A1679A96A4679B96A6679C96A96795
:10D9A0009D96AC679E96AE679F96B167A096B2674C
:10D9B000A196B467A296B967A396BA67A496BB6707
:10D9C000A596BC67A696BD67A796BE67A896BF67D3
:10D9D000A996C067AA96C267AB96C567AC96C6679C
:10D9E000AD96C767AE96C867AF96C967B096CA6767
:10D9F000B196CB67B296CC67B396CD67B496CE6737
:10DA0000B596D567B696D667B796D767B896DB67EB
:10DA1000B996DF67BA96E167BB96E367BC96E467A1
:10DA2000BD96E667BE96E767BF96E867C096EA6769
:10DA3000C196EB67C296ED67C396EE67C496F26730
:10DA4000C596F567C696F667C796F767C896F867EE
:10DA5000C996F967CA96FA67CB96FB67CC96FC67BE
:10DA6000CD96FE67CE960168CF960268D096036881
:10DA7000D1960468D2960668D3960D68D49610683D
:10DA8000D5961268D6961468D7961568D8961868F1
:10DA9000D9961968DA961A68DB961B68DC961C68BA
:10DAA000DD961E68DE961F68DF962068E096226885
:10DAB000E1962368E2962468E3962568E496266852
:10DAC000E5962768E6962868E7962B68E8962C681E
:10DAD000E9962D68EA962E68EB962F68EC963068EA
:10DAE000ED963168EE963468EF963568F0963668B4
:10DAF000F1963A68F2963B68F3963F68F496476869
:10DB0000F5964B68F6964D68F7964F68F89652680A
:10DB1000F9965668FA965768FB965868FC965968C5
:10DB2000FD965A68FE965B6840975C6841975D6811
:10DB300042975E6843975F6844976A6845976C6848
:10DB400046976D6847976E6848976F684997706801
:10DB50004A9771684B9772684C9773684D977568D0
:10DB60004E9778684F97796850977A6851977B6895
:10DB700052977C6853977D6854977E6855977F6865
:10DB8000569780685797826858978468599787682E
:10DB90005A9788685B9789685C978A685D978B68F5
:10DBA0005E978C685F978D6860978E6861979068C4
:10DBB000629791686397926864979468659795688F
:10DBC00066979668679798686897996869979A685A
:10DBD0006A979B686B979C686C979D686D979E6829
:10DBE0006E979F686F97A0687097A1687197A368F8
:10DBF0007297A4687397A5687497A9687597AA68BF
:10DC00007697AB687797AC687897AE687997B16884
:10DC10007A97B2687B97B4687C97B6687D97B76847
:10DC20007E97B8688097B9688197BA688297BB6811
:10DC30008397BC688497BD688597BE688697BF68E0
:10DC40008797C1688897C3688997C4688A97C568A9
:10DC50008B97C6688C97C7688D97C8688E97CA6877
:10DC60008F97CC689097CE689197CF689297D0683D
:10DC70009397D1689497D3689597D4689697D66808
:10DC80009797D7689897D9689997DB689A97DC68CF
:10DC90009B97DD689C97DE689D97DF689E97E1689B
:10DCA0009F97E268A097E468A197E568A297E66865
:10DCB000A397E768A497E868A597E968A697EA6834
:10DCC000A797EB68A897EC68A997ED68AA97EF6803
:10DCD000AB97F268AC97F368AD97F468AE97F668C7
:10DCE000AF97F768B097F868B197FB68B297FD688F
:10DCF000B397FE68B497FF68B5970069B697026955
:10DD0000B7970369B8970469B9970669BA9707691D
:10DD1000BB970869BC970969BD970A69BE970C69EA
:10DD2000BF970F69C0971169C1971369C2971469AA
:10DD3000C3971569C4971669C5971769C697186977
:10DD4000C7971969C8971A69C9971B69CA971C6947
:10DD5000CB971D69CC971E69CD972169CE97226913
:10DD6000CF972369D0972569D1972669D2972769DC
:10DD7000D3972869D4972969D5972A69D6972B69AB
:10DD8000D7972C69D8972E69D9972F69DA97316977
:10DD9000DB973269DC973369DD973569DE97366941
:10DDA000DF973769E0973869E1973A69E2973B690D
:10DDB000E3973C69E4973E69E5974069E6974169D6
:10DDC000E7974369E8974469E9974569EA9746699F
:10DDD000EB974769EC974869ED974969EE974A696F
:10DDE000EF974B69F0974C69F1974D69F2974E693F
:10DDF000F3974F69F4975069F5975169F69752690F
:10DE0000F7975369F8975569F9975669FA975869DA
:10DE1000FB975969FC975B69FD975C69FE975F69A1
:10DE2000409861694198626942986469439865695C
:10DE300044986769459868694698696947986A6926
:10DE400048986C6949986D694A986F694B987069F0
:10DE50004C9872694D9873694E9874694F987569BA
:10DE60005098766951987A6952987B6953987D6980
:10DE700054987E6955987F69569881695798836947
:10DE80005898856959988A695A988B695B988C6902
:10DE90005C988E695D988F695E9890695F989169CA
:10DEA0006098926961989369629896696398976996
:10DEB0006498996965989A6966989D6967989E695A
:10DEC00068989F696998A0696A98A1696B98A26926
:10DED0006C98A3696D98A4696E98A5696F98A669F6
:10DEE0007098A9697198AA697298AC697398AE69BB
:10DEF0007498AF697598B0697698B2697798B36984
:10DF00007898B5697998B6697A98B8697B98B9694B
:10DF10007C98BA697D98BC697E98BD698098BE6915
:10DF20008198BF698298C0698398C2698498C369DF
:10DF30008598C4698698C5698798C6698898C769AD
:10DF40008998C8698A98C9698B98CB698C98CD697A
:10DF50008D98CF698E98D1698F98D2699098D3693E
:10DF60009198D5699298D6699398D7699498D86909
:10DF70009598D9699698DA699798DC699898DD69D7
:10DF80009998DE699A98E1699B98E2699C98E3699F
:10DF90009D98E4699E98E5699F98E669A098E7696D
:10DFA000A198E869A298E969A398EA69A498EB693D
:10DFB000A598EC69A698EE69A798EF69A898F0690A
:10DFC000A998F169AA98F369AB98F469AC98F569D6
:10DFD000AD98F669AE98F769AF98F869B098F969A5
:10DFE000B198FA69B298FB69B398FC69B498FE6974
:10DFF000B598006AB698016AB798026AB898036A39
:10E00000B998046ABA98056ABB98066ABC98076A08
:10E01000BD98086ABE98096ABF980B6AC0980C6AD6
:10E02000C1980D6AC2980E6AC3980F6AC498106AA4
:10E03000C598116AC698126AC798136AC898146A74
:10E04000C998156ACA98166ACB98196ACC981A6A40
:10E05000CD981B6ACE981C6ACF981D6AD0981E6A0C
:10E06000D198206AD298226AD398236AD498246AD5
:10E07000D598256AD698266AD798276AD898296AA3
:10E08000D9982B6ADA982C6ADB982D6ADC982E6A6C
:10E09000DD98306ADE98326ADF98336AE098346A35
:10E0A000E198366AE298376AE398386AE498396A00
:10E0B000E5983A6AE6983B6AE7983C6AE8983F6ACE
:10E0C000E998406AEA98416AEB98426AEC98436A98
:10E0D000ED98456AEE98466AEF98486AF098496A62
:10E0E000F1984A6AF2984B6AF3984C6AF4984D6A30
:10E0F000F5984E6AF6984F6AF798516AF898526AFE
:10E10000F998536AFA98546AFB98556AFC98566ACB
:10E11000FD98576AFE985A6A40995C6A41995D6A0F
:10E1200042995E6A43995F6A4499606A4599626A56
:10E130004699636A4799646A4899666A4999676A21
:10E140004A99686A4B99696A4C996A6A4D996B6AEF
:10E150004E996C6A4F996D6A50996E6A51996F6ABF
:10E160005299706A5399726A5499736A5599746A8C
:10E170005699756A5799766A5899776A5999786A5B
:10E180005A997A6A5B997B6A5C997D6A5D997E6A25
:10E190005E997F6A5F99816A6099826A6199836AF0
:10E1A0006299856A6399866A6499876A6599886ABB
:10E1B0006699896A67998A6A68998B6A69998C6A8B
:10E1C0006A998D6A6B998F6A6C99926A6D99936A54
:10E1D0006E99946A6F99956A7099966A7199986A1E
:10E1E0007299996A73999A6A74999B6A75999C6AEB
:10E1F00076999D6A77999E6A78999F6A7999A16ABA
:10E200007A99A26A7B99A36A7C99A46A7D99A56A86
:10E210007E99A66A8099A76A8199A86A8299AA6A52
:10E220008399AD6A8499AE6A8599AF6A8699B06A16
:10E230008799B16A8899B26A8999B36A8A99B46AE6
:10E240008B99B56A8C99B66A8D99B76A8E99B86AB6
:10E250008F99B96A9099BA6A9199BB6A9299BC6A86
:10E260009399BD6A9499BE6A9599BF6A9699C06A56
:10E270009799C16A9899C26A9999C36A9A99C46A26
:10E280009B99C56A9C99C66A9D99C76A9E99C86AF6
:10E290009F99C96AA099CA6AA199CB6AA299CC6AC6
:10E2A000A399CD6AA499CE6AA599CF6AA699D06A96
:10E2B000A799D16AA899D26AA999D36AAA99D46A66
:10E2C000AB99D56AAC99D66AAD99D76AAE99D86A36
:10E2D000AF99D96AB099DA6AB199DB6AB299DC6A06
:10E2E000B399DD6AB499DE6AB599DF6AB699E06AD6
:10E2F000B799E16AB899E26AB999E36ABA99E46AA6
:10E30000BB99E56ABC99E66ABD99E76ABE99E86A75
:10E31000BF99E96AC099EA6AC199EB6AC299EC6A45
:10E32000C399ED6AC499EE6AC599EF6AC699F06A15
:10E33000C799F16AC899F26AC999F36ACA99F46AE5
:10E34000CB99F56ACC99F66ACD99F76ACE99F86AB5
:10E35000CF99F96AD099FA6AD199FB6AD299FC6A85
:10E36000D399FD6AD499FE6AD599FF6AD699006B54
:10E37000D799016BD899026BD999036BDA99046B21
:10E38000DB99056BDC99066BDD99076BDE99086BF1
:10E39000DF99096BE0990A6BE1990B6BE2990C6BC1
:10E3A000E3990D6BE4990E6BE5990F6BE699106B91
:10E3B000E799116BE899126BE999136BEA99146B61
:10E3C000EB99156BEC99166BED99176BEE99186B31
:10E3D000EF99196BF0991A6BF1991B6BF2991C6B01
:10E3E000F3991D6BF4991E6BF5991F6BF699256BCC
:10E3F000F799266BF899286BF999296BFA992A6B8A
:10E40000FB992B6BFC992C6BFD992D6BFE992E6B58
:10E41000409A2F6B419A306B429A316B439A336B1F
:10E42000449A346B459A356B469A366B479A386BEB
:10E43000489A3B6B499A3C6B4A9A3D6B4B9A3F6BAF
:10E440004C9A406B4D9A416B4E9A426B4F9A446B7B
:10E45000509A456B519A486B529A4A6B539A4B6B40
:10E46000549A4D6B559A4E6B569A4F6B579A506B08
:10E47000589A516B599A526B5A9A536B5B9A546BD8
:10E480005C9A556B5D9A566B5E9A576B5F9A586BA8
:10E49000609A5A6B619A5B6B629A5C6B639A5D6B74
:10E4A000649A5E6B659A5F6B669A606B679A616B44
:10E4B000689A686B699A696B6A9A6B6B6B9A6C6BFA
:10E4C0006C9A6D6B6D9A6E6B6E9A6F6B6F9A706BC8
:10E4D000709A716B719A726B729A736B739A746B98
:10E4E000749A756B759A766B769A776B779A786B68
:10E4F000789A7A6B799A7D6B7A9A7E6B7B9A7F6B2E
:10E500007C9A806B7D9A856B7E9A886B809A8C6BE7
:10E51000819A8E6B829A8F6B839A906B849A916B9F
:10E52000859A946B869A956B879A976B889A986B65
:10E53000899A996B8A9A9C6B8B9A9D6B8C9A9E6B2D
:10E540008D9A9F6B8E9AA06B8F9AA26B909AA36BF9
:10E55000919AA46B929AA56B939AA66B949AA76BC7
:10E56000959AA86B969AA96B979AAB6B989AAC6B95
:10E57000999AAD6B9A9AAE6B9B9AAF6B9C9AB06B63
:10E580009D9AB16B9E9AB26B9F9AB66BA09AB86B2C
:10E59000A19AB96BA29ABA6BA39ABB6BA49ABC6BF3
:10E5A000A59ABD6BA69ABE6BA79AC06BA89AC36BBF
:10E5B000A99AC46BAA9AC66BAB9AC76BAC9AC86B84
:10E5C000AD9AC96BAE9ACA6BAF9ACC6BB09ACE6B50
:10E5D000B19AD06BB29AD16BB39AD86BB49ADA6B0A
:10E5E000B59ADC6BB69ADD6BB79ADE6BB89ADF6BC7
:10E5F000B99AE06BBA9AE26BBB9AE36BBC9AE46B94
:10E60000BD9AE56BBE9AE66BBF9AE76BC09AE86B62
:10E61000C19AE96BC29AEC6BC39AED6BC49AEE6B2C
:10E62000C59AF06BC69AF16BC79AF26BC89AF46BF5
:10E63000C99AF66BCA9AF76BCB9AF86BCC9AFA6BBD
:10E64000CD9AFB6BCE9AFC6BCF9AFE6BD09AFF6B88
:10E65000D19A006CD29A016CD39A026CD49A036C52
:10E66000D59A046CD69A086CD79A096CD89A0A6C19
:10E67000D99A0B6CDA9A0C6CDB9A0E6CDC9A126CE1
:10E68000DD9A176CDE9A1C6CDF9A1D6CE09A1E6C8A
:10E69000E19A206CE29A236CE39A256CE49A2B6C45
:10E6A000E59A2C6CE69A2D6CE79A316CE89A336CFB
:10E6B000E99A366CEA9A376CEB9A396CEC9A3A6CB8
:10E6C000ED9A3B6CEE9A3C6CEF9A3E6CF09A3F6C84
:10E6D000F19A436CF29A446CF39A456CF49A486C44
:10E6E000F59A4B6CF69A4C6CF79A4D6CF89A4E6C06
:10E6F000F99A4F6CFA9A516CFB9A526CFC9A536CD3
:10E70000FD9A566CFE9A586C409B596C419B5A6C12
:10E71000429B626C439B636C449B656C459B666C3F
:10E72000469B676C479B6B6C489B6C6C499B6D6C04
:10E730004A9B6E6C4B9B6F6C4C9B716C4D9B736CCE
:10E740004E9B756C4F9B776C509B786C519B7A6C91
:10E75000529B7B6C539B7C6C549B7F6C559B806C59
:10E76000569B846C579B876C589B8A6C599B8B6C0F
:10E770005A9B8D6C5B9B8E6C5C9B916C5D9B926CD1
:10E780005E9B956C5F9B966C609B976C619B986C95
:10E79000629B9A6C639B9C6C649B9D6C659B9E6C5E
:10E7A000669BA06C679BA26C689BA86C699BAC6C19
:10E7B0006A9BAF6C6B9BB06C6C9BB46C6D9BB56CC7
:10E7C0006E9BB66C6F9BB76C709BBA6C719BC06C88
:10E7D000729BC16C739BC26C749BC36C759BC66C43
:10E7E000769BC76C779BC86C789BCB6C799BCD6C08
:10E7F0007A9BCE6C7B9BCF6C7C9BD16C7D9BD26CCF
:10E800007E9BD86C809BD96C819BDA6C829BDC6C84
:10E81000839BDD6C849BDF6C859BE46C869BE66C44
:10E82000879BE76C889BE96C899BEC6C8A9BED6C01
:10E830008B9BF26C8C9BF46C8D9BF96C8E9BFF6CAC
:10E840008F9B006D909B026D919B036D929B056D5C
:10E85000939B066D949B086D959B096D969B0A6D25
:10E86000979B0D6D989B0F6D999B106D9A9B116DE9
:10E870009B9B136D9C9B146D9D9B156D9E9B166DB4
:10E880009F9B186DA09B1C6DA19B1D6DA29B1F6D76
:10E89000A39B206DA49B216DA59B226DA69B236D40
:10E8A000A79B246DA89B266DA99B286DAA9B296D0B
:10E8B000AB9B2C6DAC9B2D6DAD9B2F6DAE9B306DCE
:10E8C000AF9B346DB09B366DB19B376DB29B386D8D
:10E8D000B39B3A6DB49B3F6DB59B406DB69B426D4B
:10E8E000B79B446DB89B496DB99B4C6DBA9B506DFD
:10E8F000BB9B556DBC9B566DBD9B576DBE9B586DAC
:10E90000BF9B5B6DC09B5D6DC19B5F6DC29B616D6D
:10E91000C39B626DC49B646DC59B656DC69B676D33
:10E92000C79B686DC89B6B6DC99B6C6DCA9B6D6DF9
:10E93000CB9B706DCC9B716DCD9B726DCE9B736DBF
:10E94000CF9B756DD09B766DD19B796DD29B7A6D87
:10E95000D39B7B6DD49B7D6DD59B7E6DD69B7F6D50
:10E96000D79B806DD89B816DD99B836DDA9B846D1D
:10E97000DB9B866DDC9B876DDD9B8A6DDE9B8B6DE3
:10E98000DF9B8D6DE09B8F6DE19B906DE29B926DA7
:10E99000E39B966DE49B976DE59B986DE69B996D67
:10E9A000E79B9A6DE89B9C6DE99BA26DEA9BA56D28
:10E9B000EB9BAC6DEC9BAD6DED9BB06DEE9BB16DCB
:10E9C000EF9BB36DF09BB46DF19BB66DF29BB76D91
:10E9D000F39BB96DF49BBA6DF59BBB6DF69BBC6D5B
:10E9E000F79BBD6DF89BBE6DF99BC16DFA9BC26D27
:10E9F000FB9BC36DFC9BC86DFD9BC96DFE9BCA6DE7
:10EA0000409CCD6D419CCE6D429CCF6D439CD06DA2
:10EA1000449CD26D459CD36D469CD46D479CD56D6E
:10EA2000489CD76D499CDA6D4A9CDB6D4B9CDC6D34
:10EA30004C9CDF6D4D9CE26D4E9CE36D4F9CE56DF3
:10EA4000509CE76D519CE86D529CE96D539CEA6DBA
:10EA5000549CED6D559CEF6D569CF06D579CF26D7E
:10EA6000589CF46D599CF56D5A9CF66D5B9CF86D45
:10EA70005C9CFA6D5D9CFD6D5E9CFE6D5F9CFF6D08
:10EA8000609C006E619C016E629C026E639C036ED2
:10EA9000649C046E659C066E669C076E679C086E9F
:10EAA000689C096E699C0B6E6A9C0F6E6B9C126E63
:10EAB0006C9C136E6D9C156E6E9C186E6F9C196E1F
:10EAC000709C1B6E719C1C6E729C1E6E739C1F6EE4
:10EAD000749C226E759C266E769C276E779C286EA1
:10EAE000789C2A6E799C2C6E7A9C2E6E7B9C306E64
:10EAF0007C9C316E7D9C336E7E9C356E809C366E28
:10EB0000819C376E829C396E839C3B6E849C3C6EEC
:10EB1000859C3D6E869C3E6E879C3F6E889C406EB9
:10EB2000899C416E8A9C426E8B9C456E8C9C466E85
:10EB30008D9C476E8E9C486E8F9C496E909C4A6E51
:10EB4000919C4B6E929C4C6E939C4F6E949C506E1D
:10EB5000959C516E969C526E979C556E989C576EE4
:10EB6000999C596E9A9C5A6E9B9C5C6E9C9C5D6EA7
:10EB70009D9C5E6E9E9C606E9F9C616EA09C626E72
:10EB8000A19C636EA29C646EA39C656EA49C666E41
:10EB9000A59C676EA69C686EA79C696EA89C6A6E11
:10EBA000A99C6C6EAA9C6D6EAB9C6F6EAC9C706EDB
:10EBB000AD9C716EAE9C726EAF9C736EB09C746EA9
:10EBC000B19C756EB29C766EB39C776EB49C786E79
:10EBD000B59C796EB69C7A6EB79C7B6EB89C7C6E49
:10EBE000B99C7D6EBA9C806EBB9C816EBC9C826E13
:10EBF000BD9C846EBE9C876EBF9C886EC09C8A6ED6
:10EC0000C19C8B6EC29C8C6EC39C8D6EC49C8E6EA0
:10EC1000C59C916EC69C926EC79C936EC89C946E68
:10EC2000C99C956ECA9C966ECB9C976ECC9C996E37
:10EC3000CD9C9A6ECE9C9B6ECF9C9D6ED09C9E6E02
:10EC4000D19CA06ED29CA16ED39CA36ED49CA46ECA
:10EC5000D59CA66ED69CA86ED79CA96ED89CAB6E90
:10EC6000D99CAC6EDA9CAD6EDB9CAE6EDC9CB06E5B
:10EC7000DD9CB36EDE9CB56EDF9CB86EE09CB96E19
:10EC8000E19CBC6EE29CBE6EE39CBF6EE49CC06ED9
:10EC9000E59CC36EE69CC46EE79CC56EE89CC66EA0
:10ECA000E99CC86EEA9CC96EEB9CCA6EEC9CCC6E6B
:10ECB000ED9CCD6EEE9CCE6EEF9CD06EF09CD26E35
:10ECC000F19CD66EF29CD86EF39CD96EF49CDB6EF0
:10ECD000F59CDC6EF69CDD6EF79CE36EF89CE76EAF
:10ECE000F99CEA6EFA9CEB6EFB9CEC6EFC9CED6E64
:10ECF000FD9CEE6EFE9CEF6E409DF06E419DF16EB0
:10ED0000429DF26E439DF36E449DF56E459DF66EF9
:10ED1000469DF76E479DF86E489DFA6E499DFB6EC5
:10ED20004A9DFC6E4B9DFD6E4C9DFE6E4D9DFF6E93
:10ED30004E9D006F4F9D016F509D036F519D046F5D
:10ED4000529D056F539D076F549D086F559D0A6F27
:10ED5000569D0B6F579D0C6F589D0D6F599D0E6FF3
:10ED60005A9D106F5B9D116F5C9D126F5D9D166FBC
:10ED70005E9D176F5F9D186F609D196F619D1A6F83
:10ED8000629D1B6F639D1C6F649D1D6F659D1E6F53
:10ED9000669D1F6F679D216F689D226F699D236F20
:10EDA0006A9D256F6B9D266F6C9D276F6D9D286FEB
:10EDB0006E9D2C6F6F9D2E6F709D306F719D326FA9
:10EDC000729D346F739D356F749D376F759D386F6D
:10EDD000769D396F779D3A6F789D3B6F799D3C6F3B
:10EDE0007A9D3D6F7B9D3F6F7C9D406F7D9D416F08
:10EDF0007E9D426F809D436F819D446F829D456FD4
:10EE0000839D486F849D496F859D4A6F869D4C6F99
:10EE1000879D4E6F889D4F6F899D506F8A9D516F62
:10EE20008B9D526F8C9D536F8D9D546F8E9D556F32
:10EE30008F9D566F909D576F919D596F929D5A6F00
:10EE4000939D5B6F949D5D6F959D5F6F969D606FC9
:10EE5000979D616F989D636F999D646F9A9D656F93
:10EE60009B9D676F9C9D686F9D9D696F9E9D6A6F5E
:10EE70009F9D6B6FA09D6C6FA19D6F6FA29D706F2A
:10EE8000A39D716FA49D736FA59D756FA69D766FF1
:10EE9000A79D776FA89D796FA99D7B6FAA9D7D6FB8
:10EEA000AB9D7E6FAC9D7F6FAD9D806FAE9D816F82
:10EEB000AF9D826FB09D836FB19D856FB29D866F50
:10EEC000B39D876FB49D8A6FB59D8B6FB69D8F6F15
:10EED000B79D906FB89D916FB99D926FBA9D936FDA
:10EEE000BB9D946FBC9D956FBD9D966FBE9D976FAA
:10EEF000BF9D986FC09D996FC19D9A6FC29D9B6F7A
:10EF0000C39D9D6FC49D9E6FC59D9F6FC69DA06F45
:10EF1000C79DA26FC89DA36FC99DA46FCA9DA56F11
:10EF2000CB9DA66FCC9DA86FCD9DA96FCE9DAA6FDE
:10EF3000CF9DAB6FD09DAC6FD19DAD6FD29DAE6FAD
:10EF4000D39DAF6FD49DB06FD59DB16FD69DB26F7D
:10EF5000D79DB46FD89DB56FD99DB76FDA9DB86F47
:10EF6000DB9DBA6FDC9DBB6FDD9DBC6FDE9DBD6F11
:10EF7000DF9DBE6FE09DBF6FE19DC16FE29DC36FDE
:10EF8000E39DC46FE49DC56FE59DC66FE69DC76FA9
:10EF9000E79DC86FE89DCA6FE99DCB6FEA9DCC6F76
:10EFA000EB9DCD6FEC9DCE6FED9DCF6FEE9DD06F45
:10EFB000EF9DD36FF09DD46FF19DD56FF29DD66F0D
:10EFC000F39DD76FF49DD86FF59DD96FF69DDA6FDD
:10EFD000F79DDB6FF89DDC6FF99DDD6FFA9DDF6FAC
:10EFE000FB9DE26FFC9DE36FFD9DE46FFE9DE56F71
:10EFF000409EE66F419EE76F429EE86F439EE96F39
:10F00000449EEA6F459EEB6F469EEC6F479EED6F08
:10F01000489EF06F499EF16F4A9EF26F4B9EF36FD0
:10F020004C9EF46F4D9EF56F4E9EF66F4F9EF76FA0
:10F03000509EF86F519EF96F529EFA6F539EFB6F70
:10F04000549EFC6F559EFD6F569EFE6F579EFF6F40
:10F05000589E0070599E01705A9E02705B9E03700C
:10F060005C9E04705D9E05705E9E06705F9E0770DC
:10F07000609E0870619E0970629E0A70639E0B70AC
:10F08000649E0C70659E0D70669E0E70679E0F707C
:10F09000689E1070699E12706A9E13706B9E147049
:10F0A0006C9E15706D9E16706E9E17706F9E187018
:10F0B000709E1970719E1C70729E1D70739E1E70E2
:10F0C000749E1F70759E2070769E2170779E2270B0
:10F0D000789E2470799E25707A9E26707B9E27707C
:10F0E0007C9E28707D9E29707E9E2A70809E2B704B
:10F0F000819E2C70829E2D70839E2E70849E2F7018
:10F10000859E3070869E3170879E3270889E3370E7
:10F11000899E34708A9E36708B9E37708C9E3870B4
:10F120008D9E3A708E9E3B708F9E3C70909E3D707F
:10F13000919E3E70929E3F70939E4070949E41704F
:10F14000959E4270969E4370979E4470989E45701F
:10F15000999E46709A9E47709B9E48709C9E4970EF
:10F160009D9E4A709E9E4B709F9E4D70A09E4E70BD
:10F17000A19E5070A29E5170A39E5270A49E537087
:10F18000A59E5470A69E5570A79E5670A89E577057
:10F19000A99E5870AA9E5970AB9E5A70AC9E5B7027
:10F1A000AD9E5C70AE9E5D70AF9E5F70B09E6070F5
:10F1B000B19E6170B29E6270B39E6370B49E6470C3
:10F1C000B59E6570B69E6670B79E6770B89E687093
:10F1D000B99E6970BA9E6A70BB9E6E70BC9E71705B
:10F1E000BD9E7270BE9E7370BF9E7470C09E77701D
:10F1F000C19E7970C29E7A70C39E7B70C49E7D70E2
:10F20000C59E8170C69E8270C79E8370C89E8470A2
:10F21000C99E8670CA9E8770CB9E8870CC9E8B706C
:10F22000CD9E8C70CE9E8D70CF9E8F70D09E907034
:10F23000D19E9170D29E9370D39E9770D49E9870F9
:10F24000D59E9A70D69E9B70D79E9E70D89E9F70BA
:10F25000D99EA070DA9EA170DB9EA270DC9EA37086
:10F26000DD9EA470DE9EA570DF9EA670E09EA77056
:10F27000E19EA870E29EA970E39EAA70E49EB07021
:10F28000E59EB270E69EB470E79EB570E89EB670DB
:10F29000E99EBA70EA9EBE70EB9EBF70EC9EC47091
:10F2A000ED9EC570EE9EC670EF9EC770F09EC97051
:10F2B000F19ECB70F29ECC70F39ECD70F49ECE701A
:10F2C000F59ECF70F69ED070F79ED170F89ED270EA
:10F2D000F99ED370FA9ED470FB9ED570FC9ED670BA
:10F2E000FD9ED770FE9EDA70409FDC70419FDD70FE
:10F2F000429FDE70439FE070449FE170459FE27043
:10F30000469FE370479FE570489FEA70499FEE7003
:10F310004A9FF0704B9FF1704C9FF2704D9FF370BD
:10F320004E9FF4704F9FF570509FF670519FF8708C
:10F33000529FFA70539FFB70549FFC70559FFE7054
:10F34000569FFF70579F0071589F0171599F02711E
:10F350005A9F03715B9F04715C9F05715D9F0671ED
:10F360005E9F07715F9F0871609F0B71619F0C71B9
:10F37000629F0D71639F0E71649F0F71659F117184
:10F38000669F1271679F1471689F1771699F1B7147
:10F390006A9F1C716B9F1D716C9F1E716D9F1F7109
:10F3A0006E9F20716F9F2171709F2271719F2371D9
:10F3B000729F2471739F2571749F2771759F2871A7
:10F3C000769F2971779F2A71789F2B71799F2C7175
:10F3D0007A9F2D717B9F2E717C9F32717D9F33713F
:10F3E0007E9F3471809F3571819F3771829F387104
:10F3F000839F3971849F3A71859F3B71869F3C71D1
:10F40000879F3D71889F3E71899F3F718A9F4071A0
:10F410008B9F41718C9F42718D9F43718E9F447170
:10F420008F9F4671909F4771919F4871929F49713C
:10F43000939F4B71949F4D71959F4F71969F507103
:10F44000979F5171989F5271999F53719A9F5471D0
:10F450009B9F55719C9F56719D9F57719E9F5871A0
:10F460009F9F5971A09F5A71A19F5B71A29F5D716F
:10F47000A39F5F71A49F6071A59F6171A69F627138
:10F48000A79F6371A89F6571A99F6971AA9F6A71FF
:10F49000AB9F6B71AC9F6C71AD9F6D71AE9F6F71C7
:10F4A000AF9F7071B09F7171B19F7471B29F757190
:10F4B000B39F7671B49F7771B59F7971B69F7B7159
:10F4C000B79F7C71B89F7E71B99F7F71BA9F807121
:10F4D000BB9F8171BC9F8271BD9F8371BE9F8571EF
:10F4E000BF9F8671C09F8771C19F8871C29F8971BC
:10F4F000C39F8B71C49F8C71C59F8D71C69F8E7188
:10F50000C79F9071C89F9171C99F9271CA9F937153
:10F51000CB9F9571CC9F9671CD9F9771CE9F9A711D
:10F52000CF9F9B71D09F9C71D19F9D71D29F9E71E7
:10F53000D39FA171D49FA271D59FA371D69FA471AF
:10F54000D79FA571D89FA671D99FA771DA9FA9717E
:10F55000DB9FAA71DC9FAB71DD9FAD71DE9FAE7149
:10F56000DF9FAF71E09FB071E19FB171E29FB27117
:10F57000E39FB471E49FB671E59FB771E69FB871E0
:10F58000E79FBA71E89FBB71E99FBC71EA9FBD71AB
:10F59000EB9FBE71EC9FBF71ED9FC071EE9FC1717B
:10F5A000EF9FC271F09FC471F19FC571F29FC67148
:10F5B000F39FC771F49FC871F59FC971F69FCA7117
:10F5C000F79FCB71F89FCC71F99FCD71FA9FCF71E6
:10F5D000FB9FD071FC9FD171FD9FD271FE9FD371B3
:10F5E00040A0D67141A0D77142A0D87143A0D97173
:10F5F00044A0DA7145A0DB7146A0DC7147A0DD7143
:10F6000048A0DE7149A0DF714AA0E1714BA0E27110
:10F610004CA0E3714DA0E4714EA0E6714FA0E871DB
:10F6200050A0E97151A0EA7152A0EB7153A0EC71A6
:10F6300054A0ED7155A0EF7156A0F07157A0F17173
:10F6400058A0F27159A0F3715AA0F4715BA0F57142
:10F650005CA0F6715DA0F7715EA0F8715FA0FA7111
:10F6600060A0FB7161A0FC7162A0FD7163A0FE71DE
:10F6700064A0FF7165A0007266A0017267A00272AB
:10F6800068A0037269A004726AA005726BA0077279
:10F690006CA008726DA009726EA00A726FA00B7246
:10F6A00070A00C7271A00D7272A00E7273A00F7216
:10F6B00074A0107275A0117276A0127277A01372E6
:10F6C00078A0147279A015727AA016727BA01772B6
:10F6D0007CA018727DA019727EA01A7280A01B7285
:10F6E00081A01C7282A01E7283A01F7284A020724F
:10F6F00085A0217286A0227287A0237288A024721E
:10F7000089A025728AA026728BA027728CA02972EC
:10F710008DA02B728EA02D728FA02E7290A02F72B2
:10F7200091A0327292A0337293A0347294A03A7274
:10F7300095A03C7296A03E7297A0407298A041722C
:10F7400099A042729AA043729BA044729CA04572F9
:10F750009DA046729EA049729FA04A72A0A04B72C3
:10F76000A1A04E72A2A04F72A3A05072A4A0517289
:10F77000A5A05372A6A05472A7A05572A8A0577254
:10F78000A9A05872AAA05A72ABA05C72ACA05E721B
:10F79000ADA06072AEA06372AFA06472B0A06572DB
:10F7A000B1A06872B2A06A72B3A06B72B4A06C729E
:10F7B000B5A06D72B6A07072B7A07172B8A0737266
:10F7C000B9A07472BAA07672BBA07772BCA078722E
:10F7D000BDA07B72BEA07C72BFA07D72C0A08272F1
:10F7E000C1A08372C2A08572C3A08672C4A08772B2
:10F7F000C5A08872C6A08972C7A08C72C8A08E727C
:10F80000C9A09072CAA09172CBA09372CCA094723E
:10F81000CDA09572CEA09672CFA09772D0A098720C
:10F82000D1A09972D2A09A72D3A09B72D4A09C72DC
:10F83000D5A09D72D6A09E72D7A0A072D8A0A172AA
:10F84000D9A0A272DAA0A372DBA0A472DCA0A57278
:10F85000DDA0A672DEA0A772DFA0A872E0A0A97248
:10F86000E1A0AA72E2A0AB72E3A0AE72E4A0B17212
:10F87000E5A0B272E6A0B372E7A0B572E8A0BA72D2
:10F88000E9A0BB72EAA0BC72EBA0BD72ECA0BE7294
:10F89000EDA0BF72EEA0C072EFA0C572F0A0C6725C
:10F8A000F1A0C772F2A0C972F3A0CA72F4A0CB7221
:10F8B000F5A0CC72F6A0CF72F7A0D172F8A0D372E7
:10F8C000F9A0D472FAA0D572FBA0D672FCA0D872AF
:10F8D000FDA0DA72FEA0DB72A1A10030A2A101306E
:10F8E000A3A10230A4A1B700A5A1C902A6A1C70285
:10F8F000A7A1A800A8A10330A9A10530AAA114209E
:10F90000ABA15EFFACA11620ADA12620AEA11820B0
:10F91000AFA11920B0A11C20B1A11D20B2A11430AB
:10F92000B3A11530B4A10830B5A10930B6A10A3091
:10F93000B7A10B30B8A10C30B9A10D30BAA10E306F
:10F94000BBA10F30BCA11630BDA11730BEA1103035
:10F95000BFA11130C0A1B100C1A1D700C2A1F70061
:10F96000C3A13622C4A12722C5A12822C6A11122E3
:10F97000C7A10F22C8A12A22C9A12922CAA10822EF
:10F98000CBA13722CCA11A22CDA1A522CEA125221E
:10F99000CFA12022D0A11223D1A19922D2A12B2222
:10F9A000D3A12E22D4A16122D5A14C22D6A14822D6
:10F9B000D7A13D22D8A11D22D9A16022DAA16E22B1
:10F9C000DBA16F22DCA16422DDA16522DEA11E2263
:10F9D000DFA13522E0A13422E1A14226E2A14026A6
:10F9E000E3A1B000E4A13220E5A13320E6A1032188
:10F9F000E7A104FFE8A1A400E9A1E0FFEAA1E1FF7B
:10FA0000EBA13020ECA1A700EDA11621EEA1062666
:10FA1000EFA10526F0A1CB25F1A1CF25F2A1CE259E
:10FA2000F3A1C725F4A1C625F5A1A125F6A1A0251E
:10FA3000F7A1B325F8A1B225F9A13B20FAA19221A3
:10FA4000FBA19021FCA19121FDA19321FEA11330E6
:10FA5000A1A27021A2A27121A3A27221A4A273214A
:10FA6000A5A27421A6A27521A7A27621A8A277211A
:10FA7000A9A27821AAA27921B1A28824B2A28924BC
:10FA8000B3A28A24B4A28B24B5A28C24B6A28D245E
:10FA9000B7A28E24B8A28F24B9A29024BAA291242E
:10FAA000BBA29224BCA29324BDA29424BEA29524FE
:10FAB000BFA29624C0A29724C1A29824C2A29924CE
:10FAC000C3A29A24C4A29B24C5A27424C6A27524EE
:10FAD000C7A27624C8A27724C9A27824CAA279240E
:10FAE000CBA27A24CCA27B24CDA27C24CEA27D24DE
:10FAF000CFA27E24D0A27F24D1A28024D2A28124AE
:10FB0000D3A28224D4A28324D5A28424D6A285247D
:10FB1000D7A28624D8A28724D9A26024DAA261249D
:10FB2000DBA26224DCA26324DDA26424DEA26524BD
:10FB3000DFA26624E0A26724E1A26824E2A269248D
:10FB4000E5A22032E6A22132E7A22232E8A2233245
:10FB5000E9A22432EAA22532EBA22632ECA2273215
:10FB6000EDA22832EEA22932F1A26021F2A2612197
:10FB7000F3A26221F4A26321F5A26421F6A2652119
:10FB8000F7A26621F8A26721F9A26821FAA26921E9
:10FB9000FBA26A21FCA26B21A1A301FFA2A302FF89
:10FBA000A3A303FFA4A3E5FFA5A305FFA6A306FF48
:10FBB000A7A307FFA8A308FFA9A309FFAAA30AFFF9
:10FBC000ABA30BFFACA30CFFADA30DFFAEA30EFFC9
:10FBD000AFA30FFFB0A310FFB1A311FFB2A312FF99
:10FBE000B3A313FFB4A314FFB5A315FFB6A316FF69
:10FBF000B7A317FFB8A318FFB9A319FFBAA31AFF39
:10FC0000BBA31BFFBCA31CFFBDA31DFFBEA31EFF08
:10FC1000BFA31FFFC0A320FFC1A321FFC2A322FFD8
:10FC2000C3A323FFC4A324FFC5A325FFC6A326FFA8
:10FC3000C7A327FFC8A328FFC9A329FFCAA32AFF78
:10FC4000CBA32BFFCCA32CFFCDA32DFFCEA32EFF48
:10FC5000CFA32FFFD0A330FFD1A331FFD2A332FF18
:10FC6000D3A333FFD4A334FFD5A335FFD6A336FFE8
:10FC7000D7A337FFD8A338FFD9A339FFDAA33AFFB8
:10FC8000DBA33BFFDCA33CFFDDA33DFFDEA33EFF88
:10FC9000DFA33FFFE0A340FFE1A341FFE2A342FF58
:10FCA000E3A343FFE4A344FFE5A345FFE6A346FF28
:10FCB000E7A347FFE8A348FFE9A349FFEAA34AFFF8
:10FCC000EBA34BFFECA34CFFEDA34DFFEEA34EFFC8
:10FCD000EFA34FFFF0A350FFF1A351FFF2A352FF98
:10FCE000F3A353FFF4A354FFF5A355FFF6A356FF68
:10FCF000F7A357FFF8A358FFF9A359FFFAA35AFF38
:10FD0000FBA35BFFFCA35CFFFDA35DFFFEA3E3FF82
:10FD1000A1A44130A2A44230A3A44330A4A44430FF
:10FD2000A5A44530A6A44630A7A44730A8A44830CF
:10FD3000A9A44930AAA44A30ABA44B30ACA44C309F
:10FD4000ADA44D30AEA44E30AFA44F30B0A450306F
:10FD5000B1A45130B2A45230B3A45330B4A454303F
:10FD6000B5A45530B6A45630B7A45730B8A458300F
:10FD7000B9A45930BAA45A30BBA45B30BCA45C30DF
:10FD8000BDA45D30BEA45E30BFA45F30C0A46030AF
:10FD9000C1A46130C2A46230C3A46330C4A464307F
:10FDA000C5A46530C6A46630C7A46730C8A468304F
:10FDB000C9A46930CAA46A30CBA46B30CCA46C301F
:10FDC000CDA46D30CEA46E30CFA46F30D0A47030EF
:10FDD000D1A47130D2A47230D3A47330D4A47430BF
:10FDE000D5A47530D6A47630D7A47730D8A478308F
:10FDF000D9A47930DAA47A30DBA47B30DCA47C305F
:10FE0000DDA47D30DEA47E30DFA47F30E0A480302E
:10FE1000E1A48130E2A48230E3A48330E4A48430FE
:10FE2000E5A48530E6A48630E7A48730E8A48830CE
:10FE3000E9A48930EAA48A30EBA48B30ECA48C309E
:10FE4000EDA48D30EEA48E30EFA48F30F0A490306E
:10FE5000F1A49130F2A49230F3A49330A1A5A13083
:10FE6000A2A5A230A3A5A330A4A5A430A5A5A53022
:10FE7000A6A5A630A7A5A730A8A5A830A9A5A930F2
:10FE8000AAA5AA30ABA5AB30ACA5AC30ADA5AD30C2
:10FE9000AEA5AE30AFA5AF30B0A5B030B1A5B13092
:10FEA000B2A5B230B3A5B330B4A5B430B5A5B53062
:10FEB000B6A5B630B7A5B730B8A5B830B9A5B93032
:10FEC000BAA5BA30BBA5BB30BCA5BC30BDA5BD3002
:10FED000BEA5BE30BFA5BF30C0A5C030C1A5C130D2
:10FEE000C2A5C230C3A5C330C4A5C430C5A5C530A2
:10FEF000C6A5C630C7A5C730C8A5C830C9A5C93072
:10FF0000CAA5CA30CBA5CB30CCA5CC30CDA5CD3041
:10FF1000CEA5CE30CFA5CF30D0A5D030D1A5D13011
:10FF2000D2A5D230D3A5D330D4A5D430D5A5D530E1
:10FF3000D6A5D630D7A5D730D8A5D830D9A5D930B1
:10FF4000DAA5DA30DBA5DB30DCA5DC30DDA5DD3081
:10FF5000DEA5DE30DFA5DF30E0A5E030E1A5E13051
:10FF6000E2A5E230E3A5E330E4A5E430E5A5E53021
:10FF7000E6A5E630E7A5E730E8A5E830E9A5E930F1
:10FF8000EAA5EA30EBA5EB30ECA5EC30EDA5ED30C1
:10FF9000EEA5EE30EFA5EF30F0A5F030F1A5F13091
:10FFA000F2A5F230F3A5F330F4A5F430F5A5F53061
:10FFB000F6A5F630A1A69103A2A69203A3A69303E9
:10FFC000A4A69403A5A69503A6A69603A7A69703A1
:10FFD000A8A69803A9A69903AAA69A03ABA69B0371
:10FFE000ACA69C03ADA69D03AEA69E03AFA69F0341
:10FFF000B0A6A003B1A6A103B2A6A303B3A6A4030F
:020000040802F0
:10000000B4A6A503B5A6A603B6A6A703B7A6A803DC
:10001000B8A6A903C1A6B103C2A6B203C3A6B3037F
:10002000C4A6B403C5A6B503C6A6B603C7A6B70340
:10003000C8A6B803C9A6B903CAA6BA03CBA6BB0310
:10004000CCA6BC03CDA6BD03CEA6BE03CFA6BF03E0
:10005000D0A6C003D1A6C103D2A6C303D3A6C403AE
:10006000D4A6C503D5A6C603D6A6C703D7A6C8037C
:10007000D8A6C903E0A635FEE1A636FEE2A639FE03
:10008000E3A63AFEE4A63FFEE5A640FEE6A63DFE58
:10009000E7A63EFEE8A641FEE9A642FEEAA643FE2A
:1000A000EBA644FEEEA63BFEEFA63CFEF0A637FE16
:1000B000F1A638FEF2A631FEF4A633FEF5A634FE14
:1000C000A1A71004A2A71104A3A71204A4A71304B4
:1000D000A5A71404A6A71504A7A70104A8A716049A
:1000E000A9A71704AAA71804ABA71904ACA71A0458
:1000F000ADA71B04AEA71C04AFA71D04B0A71E0428
:10010000B1A71F04B2A72004B3A72104B4A72204F7
:10011000B5A72304B6A72404B7A72504B8A72604C7
:10012000B9A72704BAA72804BBA72904BCA72A0497
:10013000BDA72B04BEA72C04BFA72D04C0A72E0467
:10014000C1A72F04D1A73004D2A73104D3A732040A
:10015000D4A73304D5A73404D6A73504D7A75104B0
:10016000D8A73604D9A73704DAA73804DBA739049F
:10017000DCA73A04DDA73B04DEA73C04DFA73D046F
:10018000E0A73E04E1A73F04E2A74004E3A741043F
:10019000E4A74204E5A74304E6A74404E7A745040F
:1001A000E8A74604E9A74704EAA74804EBA74904DF
:1001B000ECA74A04EDA74B04EEA74C04EFA74D04AF
:1001C000F0A74E04F1A74F0440A8CA0241A8CB02F1
:1001D00042A8D90243A8132044A8152045A82520E9
:1001E00046A8352047A8052148A8092149A89621F5
:1001F0004AA897214BA898214CA899214DA81522CF
:100200004EA81F224FA8232250A8522251A866228E
:1002100052A8672253A8BF2254A8502555A851259B
:1002200056A8522557A8532558A8542559A85525EE
:100230005AA856255BA857255CA858255DA85925BE
:100240005EA85A255FA85B2560A85C2561A85D258E
:1002500062A85E2563A85F2564A8602565A861255E
:1002600066A8622567A8632568A8642569A865252E
:100270006AA866256BA867256CA868256DA86925FE
:100280006EA86A256FA86B2570A86C2571A86D25CE
:1002900072A86E2573A86F2574A8702575A871259E
:1002A00076A8722577A8732578A8812579A8822554
:1002B0007AA883257BA884257CA885257DA886250A
:1002C0007EA8872580A8882581A8892582A88A25D7
:1002D00083A88B2584A88C2585A88D2586A88E25A6
:1002E00087A88F2588A8932589A894258AA895256D
:1002F0008BA8BC258CA8BD258DA8E2258EA8E3255A
:100300008FA8E42590A8E52591A8092692A8952212
:1003100093A8123094A81D3095A81E30A1A8010101
:10032000A2A8E100A3A8CE01A4A8E000A5A81301FB
:10033000A6A8E900A7A81B01A8A8E800A9A82B0166
:10034000AAA8ED00ABA8D001ACA8EC00ADA84D0167
:10035000AEA8F300AFA8D201B0A8F200B1A86B011B
:10036000B2A8FA00B3A8D401B4A8F900B5A8D60180
:10037000B6A8D801B7A8DA01B8A8DC01B9A8FC0072
:10038000BAA8EA00BBA85102BDA84401BEA8480112
:10039000C0A86102C5A80531C6A80631C7A80731A3
:1003A000C8A80831C9A80931CAA80A31CBA80B319D
:1003B000CCA80C31CDA80D31CEA80E31CFA80F316D
:1003C000D0A81031D1A81131D2A81231D3A813313D
:1003D000D4A81431D5A81531D6A81631D7A817310D
:1003E000D8A81831D9A81931DAA81A31DBA81B31DD
:1003F000DCA81C31DDA81D31DEA81E31DFA81F31AD
:10040000E0A82031E1A82131E2A82231E3A823317C
:10041000E4A82431E5A82531E6A82631E7A827314C
:10042000E8A82831E9A8293140A9213041A9223082
:1004300042A9233043A9243044A9253045A92630B8
:1004400046A9273047A9283048A9293049A9A3320D
:100450004AA98E334BA98F334CA99C334DA99D33A8
:100460004EA99E334FA9A13350A9C43351A9CE330D
:1004700052A9D13353A9D23354A9D53355A930FE4B
:1004800056A9E2FF57A9E4FF59A921215AA93132FF
:100490005CA9102060A9FC3061A99B3062A99C3046
:1004A00063A9FD3064A9FE3065A9063066A99D30B8
:1004B00067A99E3068A949FE69A94AFE6AA94BFE50
:1004C0006BA94CFE6CA94DFE6DA94EFE6EA94FFEA8
:1004D0006FA950FE70A951FE71A952FE72A954FE77
:1004E00073A955FE74A956FE75A957FE76A959FE43
:1004F00077A95AFE78A95BFE79A95CFE7AA95DFE10
:100500007BA95EFE7CA95FFE7DA960FE7EA961FEDF
:1005100080A962FE81A963FE82A964FE83A965FEAB
:1005200084A966FE85A968FE86A969FE87A96AFE78
:1005300088A96BFE96A90730A4A90025A5A90125C5
:10054000A6A90225A7A90325A8A90425A9A90525C7
:10055000AAA90625ABA90725ACA90825ADA9092597
:10056000AEA90A25AFA90B25B0A90C25B1A90D2567
:10057000B2A90E25B3A90F25B4A91025B5A9112537
:10058000B6A91225B7A91325B8A91425B9A9152507
:10059000BAA91625BBA91725BCA91825BDA91925D7
:1005A000BEA91A25BFA91B25C0A91C25C1A91D25A7
:1005B000C2A91E25C3A91F25C4A92025C5A9212577
:1005C000C6A92225C7A92325C8A92425C9A9252547
:1005D000CAA92625CBA92725CCA92825CDA9292517
:1005E000CEA92A25CFA92B25D0A92C25D1A92D25E7
:1005F000D2A92E25D3A92F25D4A93025D5A93125B7
:10060000D6A93225D7A93325D8A93425D9A9352586
:10061000DAA93625DBA93725DCA93825DDA9392556
:10062000DEA93A25DFA93B25E0A93C25E1A93D2526
:10063000E2A93E25E3A93F25E4A94025E5A94125F6
:10064000E6A94225E7A94325E8A94425E9A94525C6
:10065000EAA94625EBA94725ECA94825EDA9492596
:10066000EEA94A25EFA94B2540AADC7241AADD720A
:1006700042AADF7243AAE27244AAE37245AAE47274
:1006800046AAE57247AAE67248AAE77249AAEA7240
:100690004AAAEB724BAAF5724CAAF6724DAAF972ED
:1006A0004EAAFD724FAAFE7250AAFF7251AA0073A1
:1006B00052AA027353AA047354AA057355AA067367
:1006C00056AA077357AA087358AA097359AA0B7335
:1006D0005AAA0C735BAA0D735CAA0F735DAA107300
:1006E0005EAA11735FAA127360AA147361AA1873C9
:1006F00062AA197363AA1A7364AA1F7365AA207386
:1007000066AA237367AA247368AA267369AA277343
:100710006AAA28736BAA2D736CAA2F736DAA307303
:100720006EAA32736FAA337370AA357371AA3673C7
:1007300072AA3A7373AA3B7374AA3C7375AA3D7389
:1007400076AA407377AA417378AA427379AA437351
:100750007AAA44737BAA45737CAA46737DAA477321
:100760007EAA487380AA497381AA4A7382AA4B73EE
:1007700083AA4C7384AA4E7385AA4F7386AA5173B9
:1007800087AA537388AA547389AA55738AAA567381
:100790008BAA58738CAA59738DAA5A738EAA5B734D
:1007A0008FAA5C7390AA5D7391AA5E7392AA5F731D
:1007B00093AA617394AA627395AA637396AA6473E9
:1007C00097AA657398AA667399AA67739AAA6873B9
:1007D0009BAA69739CAA6A739DAA6B739EAA6E7387
:1007E0009FAA7073A0AA717340AB727341AB73730D
:1007F00042AB747343AB757344AB767345AB77739D
:1008000046AB787347AB797348AB7A7349AB7B736C
:100810004AAB7C734BAB7D734CAB7F734DAB80733A
:100820004EAB81734FAB827350AB837351AB857307
:1008300052AB867353AB887354AB8A7355AB8C73CE
:1008400056AB8D7357AB8F7358AB907359AB927394
:100850005AAB93735BAB94735CAB95735DAB97735F
:100860005EAB98735FAB997360AB9A7361AB9C732B
:1008700062AB9D7363AB9E7364ABA07365ABA173F6
:1008800066ABA37367ABA47368ABA57369ABA673C0
:100890006AABA7736BABA8736CABAA736DABAC738D
:1008A0006EABAD736FABB17370ABB47371ABB5734B
:1008B00072ABB67373ABB87374ABB97375ABBC730F
:1008C00076ABBD7377ABBE7378ABBF7379ABC173D7
:1008D0007AABC3737BABC4737CABC5737DABC673A0
:1008E0007EABC77380ABCB7381ABCC7382ABCE7363
:1008F00083ABD27384ABD37385ABD47386ABD57320
:1009000087ABD67388ABD77389ABD8738AABDA73EE
:100910008BABDB738CABDC738DABDD738EABDF73BA
:100920008FABE17390ABE27391ABE37392ABE47383
:1009300093ABE67394ABE87395ABEA7396ABEB734A
:1009400097ABEC7398ABEE7399ABEF739AABF07314
:100950009BABF1739CABF3739DABF4739EABF573E0
:100960009FABF673A0ABF77340ACF87341ACF9736F
:1009700042ACFA7343ACFB7344ACFC7345ACFD73FF
:1009800046ACFE7347ACFF7348AC007449AC0174CD
:100990004AAC02744BAC04744CAC07744DAC087494
:1009A0004EAC0B744FAC0C7450AC0D7451AC0E7457
:1009B00052AC117453AC127454AC137455AC14741F
:1009C00056AC157457AC167458AC177459AC1874EF
:1009D0005AAC19745BAC1C745CAC1D745DAC1E74B9
:1009E0005EAC1F745FAC207460AC217461AC237486
:1009F00062AC247463AC277464AC297465AC2B744A
:100A000066AC2D7467AC2F7468AC317469AC327409
:100A10006AAC37746BAC38746CAC39746DAC3A74C6
:100A20006EAC3B746FAC3D7470AC3E7471AC3F7493
:100A300072AC407473AC427474AC437475AC44745F
:100A400076AC457477AC467478AC477479AC48742E
:100A50007AAC49747BAC4A747CAC4B747DAC4C74FE
:100A60007EAC4D7480AC4E7481AC4F7482AC5074CB
:100A700083AC517484AC527485AC537486AC54749A
:100A800087AC567488AC587489AC5D748AAC607459
:100A90008BAC61748CAC62748DAC63748EAC64741A
:100AA0008FAC657490AC667491AC677492AC6874EA
:100AB00093AC697494AC6A7495AC6B7496AC6C74BA
:100AC00097AC6E7498AC6F7499AC71749AAC727484
:100AD0009BAC73749CAC74749DAC75749EAC787450
:100AE0009FAC7974A0AC7A7440AD7B7441AD7C74DA
:100AF00042AD7D7443AD7F7444AD827445AD847462
:100B000046AD857447AD867448AD887449AD897427
:100B10004AAD8A744BAD8C744CAD8D744DAD8F74F1
:100B20004EAD91744FAD927450AD937451AD9474B9
:100B300052AD957453AD967454AD977455AD987489
:100B400056AD997457AD9A7458AD9B7459AD9D7458
:100B50005AAD9F745BADA0745CADA1745DADA27421
:100B60005EADA3745FADA47460ADA57461ADA674F1
:100B700062ADAA7463ADAB7464ADAC7465ADAD74B5
:100B800066ADAE7467ADAF7468ADB07469ADB17485
:100B90006AADB2746BADB3746CADB4746DADB57455
:100BA0006EADB6746FADB77470ADB87471ADB97425
:100BB00072ADBB7473ADBC7474ADBD7475ADBE74F1
:100BC00076ADBF7477ADC07478ADC17479ADC274C1
:100BD0007AADC3747BADC4747CADC5747DADC67491
:100BE0007EADC77480ADC87481ADC97482ADCA745E
:100BF00083ADCB7484ADCC7485ADCD7486ADCE742D
:100C000087ADCF7488ADD07489ADD1748AADD374FB
:100C10008BADD4748CADD5748DADD6748EADD774C8
:100C20008FADD87490ADD97491ADDA7492ADDB7498
:100C300093ADDD7494ADDF7495ADE17496ADE5745C
:100C400097ADE77498ADE87499ADE9749AADEA741C
:100C50009BADEB749CADEC749DADED749EADF074EA
:100C60009FADF174A0ADF27440AEF37441AEF57473
:100C700042AEF87443AEF97444AEFA7445AEFB74F8
:100C800046AEFC7447AEFD7448AEFE7449AE0075C6
:100C90004AAE01754BAE02754CAE03754DAE05758F
:100CA0004EAE06754FAE077550AE087551AE09755C
:100CB00052AE0A7553AE0B7554AE0C7555AE0E752B
:100CC00056AE107557AE127558AE147559AE1575EF
:100CD0005AAE16755BAE17755CAE1B755DAE1D75B5
:100CE0005EAE1E755FAE207560AE217561AE227579
:100CF00062AE237563AE247564AE267565AE277546
:100D000066AE2A7567AE2E7568AE347569AE3675F7
:100D10006AAE39756BAE3C756CAE3D756DAE3F75A8
:100D20006EAE41756FAE427570AE437571AE44756F
:100D300072AE467573AE477574AE497575AE4A7539
:100D400076AE4D7577AE507578AE517579AE5275F9
:100D50007AAE53757BAE55757CAE56757DAE5775C4
:100D60007EAE587580AE5D7581AE5E7582AE5F7584
:100D700083AE607584AE617585AE627586AE63754F
:100D800087AE647588AE677589AE68758AAE697519
:100D90008BAE6B758CAE6C758DAE6D758EAE6E75E3
:100DA0008FAE6F7590AE707591AE717592AE7375B2
:100DB00093AE757594AE767595AE777596AE7A7579
:100DC00097AE7B7598AE7C7599AE7D759AAE7E7543
:100DD0009BAE80759CAE81759DAE82759EAE84750E
:100DE0009FAE8575A0AE877540AF887541AF897598
:100DF00042AF8A7543AF8C7544AF8D7545AF8E7524
:100E000046AF907547AF937548AF957549AF9875E4
:100E10004AAF9B754BAF9C754CAF9E754DAFA2759D
:100E20004EAFA6754FAFA77550AFA87551AFA97556
:100E300052AFAA7553AFAD7554AFB67555AFB77510
:100E400056AFBA7557AFBB7558AFBF7559AFC075C0
:100E50005AAFC1755BAFC6755CAFCB755DAFCC7576
:100E60005EAFCE755FAFCF7560AFD07561AFD17536
:100E700062AFD37563AFD77564AFD97565AFDA75F7
:100E800066AFDC7567AFDD7568AFDF7569AFE075BC
:100E90006AAFE1756BAFE5756CAFE9756DAFEC7579
:100EA0006EAFED756FAFEE7570AFEF7571AFF27538
:100EB00072AFF37573AFF57574AFF67575AFF775FF
:100EC00076AFF87577AFFA7578AFFB7579AFFD75CA
:100ED0007AAFFE757BAF02767CAF04767DAF067687
:100EE0007EAF077680AF087681AF097682AF0B764A
:100EF00083AF0D7684AF0E7685AF0F7686AF117611
:100F000087AF127688AF137689AF14768AAF1676DC
:100F10008BAF1A768CAF1C768DAF1D768EAF1E769A
:100F20008FAF217690AF237691AF277692AF287658
:100F300093AF2C7694AF2E7695AF2F7696AF317611
:100F400097AF327698AF367699AF37769AAF3976D3
:100F50009BAF3A769CAF3B769DAF3D769EAF417698
:100F60009FAF4276A0AF447640B0457641B046761A
:100F700042B0477643B0487644B0497645B04A76A9
:100F800046B04B7647B04E7648B04F7649B0507673
:100F90004AB051764BB052764CB053764DB0557640
:100FA0004EB057764FB0587650B0597651B05A7609
:100FB00052B05B7653B05D7654B05F7655B06076D4
:100FC00056B0617657B0627658B0647659B065769F
:100FD0005AB066765BB067765CB068765DB069766D
:100FE0005EB06A765FB06C7660B06D7661B06E763A
:100FF00062B0707663B0717664B0727665B0737605
:1010000066B0747667B0757668B0767669B07776D4
:101010006AB079766BB07A766CB07C766DB07F769C
:101020006EB080766FB0817670B0837671B0857661
:1010300072B0897673B08A7674B08C7675B08D761E
:1010400076B08F7677B0907678B0927679B09476E5
:101050007AB095767BB097767CB098767DB09A76AC
:101060007EB09B7680B09C7681B09D7682B09E7675
:1010700083B09F7684B0A07685B0A17686B0A27644
:1010800087B0A37688B0A57689B0A6768AB0A77611
:101090008BB0A8768CB0A9768DB0AA768EB0AB76E0
:1010A0008FB0AC7690B0AD7691B0AF7692B0B076AE
:1010B00093B0B37694B0B57695B0B67696B0B77671
:1010C00097B0B87698B0B97699B0BA769AB0BB7640
:1010D0009BB0BC769CB0BD769DB0BE769EB0C0760F
:1010E0009FB0C176A0B0C376A1B04A55A2B03F96DA
:1010F000A3B0C357A4B02863A5B0CE54A6B0095579
:10110000A7B0C054A8B09176A9B04C76AAB03C85DF
:10111000ABB0EE77ACB07E82ADB08D78AEB0317250
:10112000AFB09896B0B08D97B1B0286CB2B0895B73
:10113000B3B0FA4FB4B00963B5B09766B6B0B85C57
:10114000B7B0FA80B8B04868B9B0AE80BAB002663D
:10115000BBB0CE76BCB0F951BDB05665BEB0AC7177
:10116000BFB0F17FC0B08488C1B0B250C2B0655981
:10117000C3B0CA61C4B0B36FC5B0AD82C6B04C6372
:10118000C7B05262C8B0ED53C9B02754CAB0067B8D
:10119000CBB06B51CCB0A475CDB0F45DCEB0D46201
:1011A000CFB0CB8DD0B07697D1B08A62D2B0198053
:1011B000D3B05D57D4B03897D5B0627FD6B038720F
:1011C000D7B07D76D8B0CF67D9B07E76DAB0466436
:1011D000DBB0704FDCB0258DDDB0DC62DEB0177A9D
:1011E000DFB09165E0B0ED73E1B02C64E2B0736202
:1011F000E3B02C82E4B08198E5B07F67E6B0487236
:10120000E7B06E62E8B0CC62E9B0344FEAB0E374A4
:10121000EBB04A53ECB09E52EDB0CA7EEEB0A69051
:10122000EFB02E5EF0B08668F1B09C69F2B08081BC
:10123000F3B0D17EF4B0D268F5B0C578F6B08C8644
:10124000F7B05195F8B08D50F9B0248CFAB0DE8229
:10125000FBB0DE80FCB00553FDB01289FEB06552D4
:1012600040B1C47641B1C77642B1C97643B1CB76BD
:1012700044B1CC7645B1D37646B1D57647B1D9766F
:1012800048B1DA7649B1DC764AB1DD764BB1DE762B
:101290004CB1E0764DB1E1764EB1E2764FB1E376F6
:1012A00050B1E47651B1E67652B1E77653B1E876C3
:1012B00054B1E97655B1EA7656B1EB7657B1EC7692
:1012C00058B1ED7659B1F0765AB1F3765BB1F57657
:1012D0005CB1F6765DB1F7765EB1FA765FB1FB761A
:1012E00060B1FD7661B1FF7662B1007763B10277DC
:1012F00064B1037765B1057766B1067767B10A77A0
:1013000068B10C7769B10E776AB10F776BB110775E
:101310006CB111776DB112776EB113776FB114772D
:1013200070B1157771B1167772B1177773B11877FD
:1013300074B11B7775B11C7776B11D7777B11E77C5
:1013400078B1217779B123777AB124777BB125778A
:101350007CB127777DB12A777EB12B7780B12C774E
:1013600081B12E7782B1307783B1317784B1327712
:1013700085B1337786B1347787B1397788B13B77D8
:1013800089B13D778AB13E778BB13F778CB1427797
:101390008DB144778EB145778FB1467790B148775C
:1013A00091B1497792B14A7793B14B7794B14C7729
:1013B00095B14D7796B14E7797B14F7798B15277F7
:1013C00099B153779AB154779BB155779CB15677C1
:1013D0009DB157779EB158779FB15977A0B15C778F
:1013E000A1B18485A2B1F996A3B1DD4FA4B1215872
:1013F000A5B17199A6B19D5BA7B1B162A8B1A56273
:10140000A9B1B466AAB1798CABB18D9CACB10672AE
:10141000ADB16F67AEB19178AFB1B260B0B15153B9
:10142000B1B11753B2B1888FB3B1CC80B4B11D8DB7
:10143000B5B1A194B6B10D50B7B1C872B8B10759E2
:10144000B9B1EB60BAB11971BBB1AB88BCB1545939
:10145000BDB1EF82BEB12C67BFB1287BC0B1295DA1
:10146000C1B1F77EC2B12D75C3B1F56CC4B1668E42
:10147000C5B1F88FC6B13C90C7B13B9FC8B1D46B22
:10148000C9B11991CAB1147BCBB17C5FCCB1A7783B
:10149000CDB1D684CEB13D85CFB1D56BD0B1D96BAE
:1014A000D1B1D66BD2B1015ED3B1875ED4B1F9753B
:1014B000D5B1ED95D6B15D65D7B10A5FD8B1C55F3D
:1014C000D9B19F8FDAB1C158DBB1C281DCB17F9055
:1014D000DDB15B96DEB1AD97DFB1B98FE0B1167FBC
:1014E000E1B12C8DE2B14162E3B1BF4FE4B1D85319
:1014F000E5B15E53E6B1A88FE7B1A98FE8B1AB8F34
:10150000E9B14D90EAB10768EBB16A5FECB198813F
:10151000EDB16888EEB1D69CEFB18B61F0B12B5282
:10152000F1B12A76F2B16C5FF3B18C65F4B1D26F90
:10153000F5B1E86EF6B1BE5BF7B14864F8B175512C
:10154000F9B1B051FAB1C467FBB1194EFCB1C97918
:10155000FDB17C99FEB1B37040B25D7741B25E7768
:1015600042B25F7743B2607744B2647745B267773F
:1015700046B2697747B26A7748B26D7749B26E77FB
:101580004AB26F774BB270774CB271774DB27277C7
:101590004EB273774FB2747750B2757751B2767797
:1015A00052B2777753B2787754B27A7755B27B7765
:1015B00056B27C7757B2817758B2827759B2837727
:1015C0005AB286775BB287775CB288775DB28977EB
:1015D0005EB28A775FB28B7760B28F7761B29077B5
:1015E00062B2937763B2947764B2957765B2967777
:1015F00066B2977767B2987768B2997769B29A7747
:101600006AB29B776BB29C776CB29D776DB29E7716
:101610006EB2A1776FB2A37770B2A47771B2A677DA
:1016200072B2A87773B2AB7774B2AD7775B2AE779A
:1016300076B2AF7777B2B17778B2B27779B2B47762
:101640007AB2B6777BB2B7777CB2B8777DB2B9772A
:101650007EB2BA7780B2BC7781B2BE7782B2C077F1
:1016600083B2C17784B2C27785B2C37786B2C477BA
:1016700087B2C57788B2C67789B2C7778AB2C8778A
:101680008BB2C9778CB2CA778DB2CB778EB2CC775A
:101690008FB2CE7790B2CF7791B2D07792B2D17726
:1016A00093B2D27794B2D37795B2D47796B2D577F6
:1016B00097B2D67798B2D87799B2D9779AB2DA77C3
:1016C0009BB2DD779CB2DE779DB2DF779EB2E0778A
:1016D0009FB2E177A0B2E477A1B2C575A2B2765EFF
:1016E000A3B2BB73A4B2E083A5B2AD64A6B2E862B4
:1016F000A7B2B594A8B2E26CA9B25A53AAB2C35227
:10170000ABB20F64ACB2C294ADB2947BAEB22F4F09
:10171000AFB21B5EB0B23682B1B21681B2B28A816C
:10172000B3B2246EB4B2CA6CB5B2739AB6B2556392
:10173000B7B25C53B8B2FA54B9B26588BAB2E057DE
:10174000BBB20D4EBCB2035EBDB2656BBEB23F7C98
:10175000BFB2E890C0B21660C1B2E664C2B21C73F8
:10176000C3B2C188C4B25067C5B24D62C6B2228D41
:10177000C7B26C77C8B2298EC9B2C791CAB2695FC5
:10178000CBB2DC83CCB22185CDB21099CEB2C2539C
:10179000CFB29586D0B28B6BD1B2ED60D2B2E86099
:1017A000D3B27F70D4B2CD82D5B23182D6B2D34E0D
:1017B000D7B2A76CD8B2CF85D9B2CD64DAB2D97C12
:1017C000DBB2FD69DCB2F966DDB24983DEB2955366
:1017D000DFB2567BE0B2A74FE1B28C51E2B24B6D63
:1017E000E3B2425CE4B26D8EE5B2D263E6B2C953B5
:1017F000E7B22C83E8B23683E9B2E567EAB2B4789F
:10180000EBB23D64ECB2DF5BEDB2945CEEB2EE5D48
:10181000EFB2E78BF0B2C662F1B2F467F2B27A8C43
:10182000F3B20064F4B2BA63F5B24987F6B28B99A9
:10183000F7B2178CF8B2207FF9B2F294FAB2A74E41
:10184000FBB21096FCB2A498FDB20C66FEB2167301
:1018500040B3E67741B3E87742B3EA7743B3EF7733
:1018600044B3F07745B3F17746B3F27747B3F477F3
:1018700048B3F57749B3F7774AB3F9774BB3FA77BB
:101880004CB3FB774DB3FC774EB303784FB304787A
:1018900050B3057851B3067852B3077853B308783C
:1018A00054B30A7855B30B7856B30E7857B30F7804
:1018B00058B3107859B313785AB315785BB31978C5
:1018C0005CB31B785DB31E785EB320785FB321787C
:1018D00060B3227861B3247862B3287863B32A783E
:1018E00064B32B7865B32E7866B32F7867B33178FD
:1018F00068B3327869B333786AB335786BB33678C6
:101900006CB33D786DB33F786EB341786FB3427876
:1019100070B3437871B3447872B3467873B3487840
:1019200074B3497875B34A7876B34B7877B34D780A
:1019300078B34F7879B351787AB353787BB35478CE
:101940007CB358787DB359787EB35A7880B35B788E
:1019500081B35C7882B35E7883B35F7884B3607858
:1019600085B3617886B3627887B3637888B3647827
:1019700089B365788AB366788BB367788CB36878F7
:101980008DB369788EB36F788FB3707890B37178B8
:1019900091B3727892B3737893B3747894B3757883
:1019A00095B3767896B3787897B3797898B37A7850
:1019B00099B37B789AB37D789BB37E789CB37F781C
:1019C0009DB380789EB381789FB38278A0B38378EB
:1019D000A1B33A57A2B31D5CA3B3385EA4B37F95FD
:1019E000A5B37F50A6B3A080A7B38253A8B35E650A
:1019F000A9B34575AAB33155ABB32150ACB3858DAE
:101A0000ADB38462AEB39E94AFB31D67B0B332562C
:101A1000B1B36E6FB2B3E25DB3B33554B4B3927089
:101A2000B5B3668FB6B36F62B7B3A464B8B3A3633C
:101A3000B9B37B5FBAB3886FBBB3F490BCB3E38137
:101A4000BDB3B08FBEB3185CBFB36866C0B3F15FFF
:101A5000C1B3896CC2B34896C3B3818DC4B36C88DB
:101A6000C5B39164C6B3F079C7B3CE57C8B3596A4A
:101A7000C9B31062CAB34854CBB3584ECCB30B7A37
:101A8000CDB3E960CEB3846FCFB3DA8BD0B37F62CE
:101A9000D1B31E90D2B38B9AD3B3E479D4B30354A9
:101AA000D5B3F475D6B30163D7B31953D8B3606C0B
:101AB000D9B3DF8FDAB31B5FDBB3709ADCB33B8043
:101AC000DDB37F9FDEB3884FDFB33A5CE0B3648D54
:101AD000E1B3C57FE2B3A565E3B3BD70E4B345519F
:101AE000E5B3B251E6B36B86E7B3075DE8B3A05B3D
:101AF000E9B3BD62EAB36C91EBB37475ECB30C8ED1
:101B0000EDB3207AEEB30161EFB3797BF0B3C74E4A
:101B1000F1B3F87EF2B38577F3B3114EF4B3ED81F0
:101B2000F5B31D52F6B3FA51F7B3716AF8B3A8537F
:101B3000F9B3878EFAB30495FBB3CF96FCB3C16EAD
:101B4000FDB36496FEB35A6940B4847841B4857895
:101B500042B4867843B4887844B48A7845B48B78A4
:101B600046B48F7847B4907848B4927849B4947862
:101B70004AB495784BB496784CB499784DB49D7826
:101B80004EB49E784FB4A07850B4A27851B4A478E3
:101B900052B4A67853B4A87854B4A97855B4AA78A6
:101BA00056B4AB7857B4AC7858B4AD7859B4AE7875
:101BB0005AB4AF785BB4B5785CB4B6785DB4B77836
:101BC0005EB4B8785FB4BA7860B4BB7861B4BC78FE
:101BD00062B4BD7863B4BF7864B4C07865B4C278C9
:101BE00066B4C37867B4C47868B4C67869B4C77893
:101BF0006AB4C8786BB4CC786CB4CD786DB4CE7858
:101C00006EB4CF786FB4D17870B4D27871B4D37821
:101C100072B4D67873B4D77874B4D87875B4DA78E7
:101C200076B4DB7877B4DC7878B4DD7879B4DE78B4
:101C30007AB4DF787BB4E0787CB4E1787DB4E27884
:101C40007EB4E37880B4E47881B4E57882B4E67851
:101C500083B4E77884B4E97885B4EA7886B4EB781D
:101C600087B4ED7888B4EE7889B4EF788AB4F078E8
:101C70008BB4F1788CB4F3788DB4F5788EB4F678B3
:101C80008FB4F87890B4F97891B4FB7892B4FC787A
:101C900093B4FD7894B4FE7895B4FF7896B4007947
:101CA00097B4027998B4037999B404799AB406790F
:101CB0009BB407799CB408799DB409799EB40A79DC
:101CC0009FB40B79A0B40C79A1B44078A2B4A85009
:101CD000A3B4D777A4B41064A5B4E689A6B4045914
:101CE000A7B4E363A8B4DD5DA9B47F7AAAB43D6963
:101CF000ABB4204FACB43982ADB49855AEB4324ECB
:101D0000AFB4AE75B0B4977AB1B4625EB2B48A5E65
:101D1000B3B4EF95B4B41B52B5B43954B6B48A70A9
:101D2000B7B47663B8B42495B9B48257BAB425660B
:101D3000BBB43F69BCB48791BDB40755BEB4F36D65
:101D4000BFB4AF7EC0B42288C1B43362C2B4F07EE7
:101D5000C3B4B575C4B42883C5B4C178C6B4CC9631
:101D6000C7B49E8FC8B44861C9B4F774CAB4CD8BE8
:101D7000CBB4646BCCB43A52CDB4508DCEB4216B9D
:101D8000CFB46A80D0B47184D1B4F156D2B40653C2
:101D9000D3B4CE4ED4B41B4ED5B4D151D6B4977C67
:101DA000D7B48B91D8B4077CD9B4C34FDAB47F8E43
:101DB000DBB4E17BDCB49C7ADDB46764DEB4145D33
:101DC000DFB4AC50E0B40681E1B40176E2B4B97C92
:101DD000E3B4EC6DE4B4E07FE5B45167E6B4585B7E
:101DE000E7B4F85BE8B4CB78E9B4AE64EAB4136462
:101DF000EBB4AA63ECB42B63EDB41995EEB42D6487
:101E0000EFB4BE8FF0B4547BF1B42976F2B45362D0
:101E1000F3B42759F4B44654F5B4796BF6B4A3502F
:101E2000F7B43462F8B4265EF9B4866BFAB4E34EC4
:101E3000FBB4378DFCB48B88FDB4855FFEB42E9067
:101E400040B50D7941B50E7942B50F7943B510799A
:101E500044B5117945B5127946B5147947B5157968
:101E600048B5167949B517794AB518794BB5197936
:101E70004CB51A794DB51B794EB51C794FB51D7906
:101E800050B51F7951B5207952B5217953B52279D2
:101E900054B5237955B5257956B5267957B527799F
:101EA00058B5287959B529795AB52A795BB52B796E
:101EB0005CB52C795DB52D795EB52E795FB52F793E
:101EC00060B5307961B5317962B5327963B533790E
:101ED00064B5357965B5367966B5377967B53879DA
:101EE00068B5397969B53D796AB53F796BB542799D
:101EF0006CB543796DB544796EB545796FB5477961
:101F000070B54A7971B54B7972B54C7973B54D7925
:101F100074B54E7975B54F7976B5507977B55179F5
:101F200078B5527979B554797AB555797BB55879C0
:101F30007CB559797DB561797EB5637980B5647971
:101F400081B5667982B5697983B56A7984B56B792B
:101F500085B56C7986B56E7987B5707988B57179F4
:101F600089B572798AB573798BB574798CB57579C1
:101F70008DB576798EB579798FB57B7990B57C7989
:101F800091B57D7992B57E7993B57F7994B5827953
:101F900095B5837996B5867997B5877998B5887917
:101FA00099B589799AB58B799BB58C799CB58D79E2
:101FB0009DB58E799EB590799FB59179A0B59279AE
:101FC000A1B52060A2B53D80A3B5C562A4B5394EC8
:101FD000A5B55553A6B5F890A7B5B863A8B5C68002
:101FE000A9B5E665AAB52E6CABB5464FACB5EE60AB
:101FF000ADB5E16DAEB5DE8BAFB5395FB0B5CB86B3
:10200000B1B5535FB2B52163B3B55A51B4B561836D
:10201000B5B56368B6B50052B7B56363B8B5488E59
:10202000B9B51250BAB59B5CBBB57779BCB5FC5B52
:10203000BDB53052BEB53B7ABFB5BC60C0B553909C
:10204000C1B5D776C2B5B75FC3B5975FC4B584765F
:10205000C5B56C8EC6B56F70C7B57B76C8B5497B04
:10206000C9B5AA77CAB5F351CBB59390CCB524586E
:10207000CDB54E4FCEB5F46ECFB5EA8FD0B54C6529
:10208000D1B51B7BD2B5C472D3B5A46DD4B5DF7FF7
:10209000D5B5E15AD6B5B562D7B5955ED8B5305746
:1020A000D9B58284DAB52C7BDBB51D5EDCB51F5F4C
:1020B000DDB51290DEB5147FDFB5A098E0B5826380
:1020C000E1B5C76EE2B59878E3B5B970E4B578517B
:1020D000E5B55B97E6B5AB57E7B53575E8B5434F62
:1020E000E9B53875EAB5975EEBB5E660ECB56059D1
:1020F000EDB5C06DEEB5BF6BEFB58978F0B5FC53AB
:10210000F1B5D596F2B5CB51F3B50152F4B589636B
:10211000F5B50A54F6B59394F7B5038CF8B5CC8DA4
:10212000F9B53972FAB59F78FBB57687FCB5ED8FB6
:10213000FDB50D8CFEB5E05340B6937941B6947968
:1021400042B6957943B6967944B6977945B698796B
:1021500046B6997947B69B7948B69C7949B69D7938
:102160004AB69E794BB69F794CB6A0794DB6A17907
:102170004EB6A2794FB6A37950B6A47951B6A579D7
:1021800052B6A67953B6A87954B6A97955B6AA79A4
:1021900056B6AB7957B6AC7958B6AD7959B6AE7973
:1021A0005AB6AF795BB6B0795CB6B1795DB6B27943
:1021B0005EB6B4795FB6B57960B6B67961B6B7790F
:1021C00062B6B87963B6BC7964B6BF7965B6C279D0
:1021D00066B6C47967B6C57968B6C77969B6C8798D
:1021E0006AB6CA796BB6CC796CB6CE796DB6CF7952
:1021F0006EB6D0796FB6D37970B6D47971B6D67918
:1022000072B6D77973B6D97974B6DA7975B6DB79DF
:1022100076B6DC7977B6DD7978B6DE7979B6E079AD
:102220007AB6E1797BB6E2797CB6E5797DB6E87974
:102230007EB6EA7980B6EC7981B6EE7982B6F1792C
:1022400083B6F27984B6F37985B6F47986B6F579F2
:1022500087B6F67988B6F77989B6F9798AB6FA79C0
:102260008BB6FC798CB6FE798DB6FF798EB6017A85
:102270008FB6047A90B6057A91B6077A92B6087A44
:1022800093B6097A94B60A7A95B60C7A96B60F7A0E
:1022900097B6107A98B6117A99B6127A9AB6137AD6
:1022A0009BB6157A9CB6167A9DB6187A9EB6197AA0
:1022B0009FB61B7AA0B61C7AA1B6014EA2B6EF76E5
:1022C000A3B6EE53A4B68994A5B67698A6B60E9F8B
:1022D000A7B62D95A8B69A5BA9B6A28BAAB6224E30
:1022E000ABB61C4EACB6AC51ADB66384AEB6C261F3
:1022F000AFB6A852B0B60B68B1B6974FB2B66B6026
:10230000B3B6BB51B4B61E6DB5B65C51B6B69662E7
:10231000B7B69765B8B66196B9B6468CBAB6179097
:10232000BBB6D875BCB6FD90BDB66377BEB6D26BF2
:10233000BFB68A72C0B6EC72C1B6FB8BC2B6355856
:10234000C3B67977C4B64C8DC5B65C67C6B6409542
:10235000C7B69A80C8B6A65EC9B6216ECAB69259EB
:10236000CBB6EF7ACCB6ED77CDB63B95CEB6B56BA6
:10237000CFB6AD65D0B60E7FD1B60658D2B65151A4
:10238000D3B61F96D4B6F95BD5B6A958D6B628549D
:10239000D7B6728ED8B66665D9B67F98DAB6E456E7
:1023A000DBB69D94DCB6FE76DDB64190DEB6876383
:1023B000DFB6C654E0B61A59E1B63A59E2B69B57B1
:1023C000E3B6B28EE4B63567E5B6FA8DE6B6358289
:1023D000E7B64152E8B6F060E9B61558EAB6FE86AF
:1023E000EBB6E85CECB6459EEDB6C44FEEB69D98F4
:1023F000EFB6B98BF0B6255AF1B67660F2B68453D3
:10240000F3B67C62F4B64F90F5B60291F6B67F99BA
:10241000F7B66960F8B60C80F9B63F51FAB633806A
:10242000FBB6145CFCB67599FDB6316DFEB68C4EEC
:1024300040B71D7A41B71F7A42B7217A43B7227A53
:1024400044B7247A45B7257A46B7267A47B7277A1C
:1024500048B7287A49B7297A4AB72A7A4BB72B7AEC
:102460004CB72C7A4DB72D7A4EB72E7A4FB72F7ABC
:1024700050B7307A51B7317A52B7327A53B7347A8B
:1024800054B7357A55B7367A56B7387A57B73A7A55
:1024900058B73E7A59B7407A5AB7417A5BB7427A11
:1024A0005CB7437A5DB7447A5EB7457A5FB7477ADF
:1024B00060B7487A61B7497A62B74A7A63B74B7AAC
:1024C00064B74C7A65B74D7A66B74E7A67B74F7A7C
:1024D00068B7507A69B7527A6AB7537A6BB7547A49
:1024E0006CB7557A6DB7567A6EB7587A6FB7597A16
:1024F00070B75A7A71B75B7A72B75C7A73B75D7AE4
:1025000074B75E7A75B75F7A76B7607A77B7617AB3
:1025100078B7627A79B7637A7AB7647A7BB7657A83
:102520007CB7667A7DB7677A7EB7687A80B7697A52
:1025300081B76A7A82B76B7A83B76C7A84B76D7A1F
:1025400085B76E7A86B76F7A87B7717A88B7727AED
:1025500089B7737A8AB7757A8BB77B7A8CB77C7AAE
:102560008DB77D7A8EB77E7A8FB7827A90B7857A6B
:1025700091B7877A92B7897A93B78A7A94B78B7A28
:1025800095B78C7A96B78E7A97B78F7A98B7907AF4
:1025900099B7937A9AB7947A9BB7997A9CB79A7AB3
:1025A0009DB79B7A9EB79E7A9FB7A17AA0B7A27A71
:1025B000A1B7308DA2B7D153A3B75A7FA4B74F7B31
:1025C000A5B7104FA6B74F4EA7B70096A8B7D56CC2
:1025D000A9B7D073AAB7E985ABB7065EACB76A7581
:1025E000ADB7FB7FAEB70A6AAFB7FE77B0B79294CC
:1025F000B1B7417EB2B7E151B3B7E670B4B7CD53CE
:10260000B5B7D48FB6B70383B7B7298DB8B7AF7254
:10261000B9B76D99BAB7DB6CBBB74A57BCB7B382D1
:10262000BDB7B965BEB7AA80BFB73F62C0B7329623
:10263000C1B7A859C2B7FF4EC3B7BF8BC4B7BA7EE4
:10264000C5B73E65C6B7F283C7B75E97C8B76155D1
:10265000C9B7DE98CAB7A580CBB72A53CCB7FD8BD4
:10266000CDB72054CEB7BA80CFB79F5ED0B7B86C85
:10267000D1B7398DD2B7AC82D3B75A91D4B72954D8
:10268000D5B71B6CD6B70652D7B7B77ED8B75F574A
:10269000D9B71A71DAB77E6CDBB7897CDCB74B59D6
:1026A000DDB7FD4EDEB7FF5FDFB72461E0B7AA7C80
:1026B000E1B7304EE2B7015CE3B7AB67E4B702873E
:1026C000E5B7F05CE6B70B95E7B7CE98E8B7AF751E
:1026D000E9B7FD70EAB72290EBB7AF51ECB71D7FB9
:1026E000EDB7BD8BEEB74959EFB7E451F0B75B4F8B
:1026F000F1B72654F2B72B59F3B77765F4B7A48036
:10270000F5B7755BF6B77662F7B7C262F8B7908F28
:10271000F9B7455EFAB71F6CFBB7267BFCB70F4FC6
:10272000FDB7D84FFEB70D6740B8A37A41B8A47A79
:1027300042B8A77A43B8A97A44B8AA7A45B8AB7A1E
:1027400046B8AE7A47B8AF7A48B8B07A49B8B17AE5
:102750004AB8B27A4BB8B47A4CB8B57A4DB8B67AB2
:102760004EB8B77A4FB8B87A50B8B97A51B8BA7A81
:1027700052B8BB7A53B8BC7A54B8BD7A55B8BE7A51
:1027800056B8C07A57B8C17A58B8C27A59B8C37A1D
:102790005AB8C47A5BB8C57A5CB8C67A5DB8C77AED
:1027A0005EB8C87A5FB8C97A60B8CA7A61B8CC7ABC
:1027B00062B8CD7A63B8CE7A64B8CF7A65B8D07A89
:1027C00066B8D17A67B8D27A68B8D37A69B8D47A59
:1027D0006AB8D57A6BB8D77A6CB8D87A6DB8DA7A25
:1027E0006EB8DB7A6FB8DC7A70B8DD7A71B8E17AEE
:1027F00072B8E27A73B8E47A74B8E77A75B8E87AAE
:1028000076B8E97A77B8EA7A78B8EB7A79B8EC7A78
:102810007AB8EE7A7BB8F07A7CB8F17A7DB8F27A41
:102820007EB8F37A80B8F47A81B8F57A82B8F67A0D
:1028300083B8F77A84B8F87A85B8FB7A86B8FC7AD8
:1028400087B8FE7A88B8007B89B8017B8AB8027B9A
:102850008BB8057B8CB8077B8DB8097B8EB80C7B59
:102860008FB80D7B90B80E7B91B8107B92B8127B1D
:1028700093B8137B94B8167B95B8177B96B8187BE2
:1028800097B81A7B98B81C7B99B81D7B9AB81F7BA8
:102890009BB8217B9CB8227B9DB8237B9EB8277B6D
:1028A0009FB8297BA0B82D7BA1B86E6DA2B8AA6D88
:1028B000A3B88F79A4B8B188A5B8175FA6B82B754F
:1028C000A7B89A62A8B8858FA9B8EF4FAAB8DC91CB
:1028D000ABB8A765ACB82F81ADB85181AEB89C5EDE
:1028E000AFB85081B0B8748DB1B86F52B2B88689A4
:1028F000B3B84B8DB4B80D59B5B88550B6B8D84EED
:10290000B7B81C96B8B83672B9B87981BAB81F8D05
:10291000BBB8CC5BBCB8A38BBDB84496BEB88759D6
:10292000BFB81A7FC0B89054C1B87656C2B80E5618
:10293000C3B8E58BC4B83965C5B88269C6B899947F
:10294000C7B8D676C8B8896EC9B8725ECAB81875E5
:10295000CBB84667CCB8D167CDB8FF7ACEB89D80EA
:10296000CFB8768DD0B81F61D1B8C679D2B86265BC
:10297000D3B8638DD4B88851D5B81A52D6B8A294BA
:10298000D7B8387FD8B89B80D9B8B27EDAB8975C10
:10299000DBB82F6EDCB86067DDB8D97BDEB88B762C
:1029A000DFB8D89AE0B88F81E1B8947FE2B8D57CDF
:1029B000E3B81E64E4B85095E5B83F7AE6B84A54E7
:1029C000E7B8E554E8B84C6BE9B80164EAB80862C6
:1029D000EBB83D9EECB8F380EDB89975EEB8725245
:1029E000EFB86997F0B85B84F1B83C68F2B8E48658
:1029F000F3B80196F4B89496F5B8EC94F6B82A4E6C
:102A0000F7B80454F8B8D97EF9B83968FAB8DF8D48
:102A1000FBB81580FCB8F466FDB89A5EFEB8B97FC5
:102A200040B92F7B41B9307B42B9327B43B9347B0B
:102A300044B9357B45B9367B46B9377B47B9397BD5
:102A400048B93B7B49B93D7B4AB93F7B4BB9407B99
:102A50004CB9417B4DB9427B4EB9437B4FB9447B66
:102A600050B9467B51B9487B52B94A7B53B94D7B2B
:102A700054B94E7B55B9537B56B9557B57B9577BE3
:102A800058B9597B59B95C7B5AB95E7B5BB95F7B9E
:102A90005CB9617B5DB9637B5EB9647B5FB9657B63
:102AA00060B9667B61B9677B62B9687B63B9697B32
:102AB00064B96A7B65B96B7B66B96C7B67B96D7B02
:102AC00068B96F7B69B9707B6AB9737B6BB9747BCA
:102AD0006CB9767B6DB9787B6EB97A7B6FB97C7B8C
:102AE00070B97D7B71B97F7B72B9817B73B9827B51
:102AF00074B9837B75B9847B76B9867B77B9877B1C
:102B000078B9887B79B9897B7AB98A7B7BB98B7BE9
:102B10007CB98C7B7DB98E7B7EB98F7B80B9917BB4
:102B200081B9927B82B9937B83B9967B84B9987B78
:102B300085B9997B86B99A7B87B99B7B88B99E7B3F
:102B400089B99F7B8AB9A07B8BB9A37B8CB9A47B05
:102B50008DB9A57B8EB9AE7B8FB9AF7B90B9B07BB9
:102B600091B9B27B92B9B37B93B9B57B94B9B67B7B
:102B700095B9B77B96B9B97B97B9BA7B98B9BB7B46
:102B800099B9BC7B9AB9BD7B9BB9BE7B9CB9BF7B15
:102B90009DB9C07B9EB9C27B9FB9C37BA0B9C47BE2
:102BA000A1B9C257A2B93F80A3B99768A4B9E55D9E
:102BB000A5B93B65A6B99F52A7B96D60A8B99A9F00
:102BC000A9B99B4FAAB9AC8EABB96C51ACB9AB5B90
:102BD000ADB9135FAEB9E95DAFB95E6CB0B9F16282
:102BE000B1B9218DB2B97151B3B9A994B4B9FE523A
:102BF000B5B99F6CB6B9DF82B7B9D772B8B9A25769
:102C0000B9B98467BAB92D8DBBB91F59BCB99C8FAE
:102C1000BDB9C783BEB99554BFB98D7BC0B9304F1C
:102C2000C1B9BD6CC2B9645BC3B9D159C4B9139FF2
:102C3000C5B9E453C6B9CA86C7B9A89AC8B9378C0A
:102C4000C9B9A180CAB94565CBB97E98CCB9FA5645
:102C5000CDB9C796CEB92E52CFB9DC74D0B9505287
:102C6000D1B9E15BD2B90263D3B90289D4B9564E66
:102C7000D5B9D062D6B92A60D7B9FA68D8B9735134
:102C8000D9B9985BDAB9A051DBB9C289DCB9A17BAB
:102C9000DDB98699DEB9507FDFB9EF60E0B94C70DD
:102CA000E1B92F8DE2B94951E3B97F5EE4B91B90D8
:102CB000E5B97074E6B9C489E7B92D57E8B9457824
:102CC000E9B9525FEAB99F9FEBB9FA95ECB9688F01
:102CD000EDB93C9BEEB9E18BEFB97876F0B942687B
:102CE000F1B9DC67F2B9EA8DF3B9358DF4B93D522B
:102CF000F5B98A8FF6B9DA6EF7B9CD68F8B90595E6
:102D0000F9B9ED90FAB9FD56FBB99C67FCB9F988A1
:102D1000FDB9C78FFEB9C85440BAC57B41BAC87B5C
:102D200042BAC97B43BACA7B44BACB7B45BACD7B96
:102D300046BACE7B47BACF7B48BAD07B49BAD27B62
:102D40004ABAD47B4BBAD57B4CBAD67B4DBAD77B2B
:102D50004EBAD87B4FBADB7B50BADC7B51BADE7BF4
:102D600052BADF7B53BAE07B54BAE27B55BAE37BBD
:102D700056BAE47B57BAE77B58BAE87B59BAE97B85
:102D80005ABAEB7B5BBAEC7B5CBAED7B5DBAEF7B4E
:102D90005EBAF07B5FBAF27B60BAF37B61BAF47B18
:102DA00062BAF57B63BAF67B64BAF87B65BAF97BE5
:102DB00066BAFA7B67BAFB7B68BAFD7B69BAFF7BB0
:102DC0006ABA007C6BBA017C6CBA027C6DBA037C77
:102DD0006EBA047C6FBA057C70BA067C71BA087C46
:102DE00072BA097C73BA0A7C74BA0D7C75BA0E7C0F
:102DF00076BA107C77BA117C78BA127C79BA137CD7
:102E00007ABA147C7BBA157C7CBA177C7DBA187CA4
:102E10007EBA197C80BA1A7C81BA1B7C82BA1C7C6F
:102E200083BA1D7C84BA1E7C85BA207C86BA217C3C
:102E300087BA227C88BA237C89BA247C8ABA257C0A
:102E40008BBA287C8CBA297C8DBA2B7C8EBA2C7CD0
:102E50008FBA2D7C90BA2E7C91BA2F7C92BA307C9E
:102E600093BA317C94BA327C95BA337C96BA347C6E
:102E700097BA357C98BA367C99BA377C9ABA397C3D
:102E80009BBA3A7C9CBA3B7C9DBA3C7C9EBA3D7C0A
:102E90009FBA3E7CA0BA427CA1BAB89AA2BA695B3A
:102EA000A3BA776DA4BA266CA5BAA54EA6BAB35B31
:102EB000A7BA879AA8BA6391A9BAA861AABAAF902B
:102EC000ABBAE997ACBA2B54ADBAB56DAEBAD25B1A
:102ED000AFBAFD51B0BA8A55B1BA557FB2BAF07FD8
:102EE000B3BABC64B4BA4D63B5BAF165B6BABE61E3
:102EF000B7BA8D60B8BA0A71B9BA576CBABA496C28
:102F0000BBBA2F59BCBA6D67BDBA2A82BEBAD558B2
:102F1000BFBA8E56C0BA6A8CC1BAEB6BC2BADD902A
:102F2000C3BA7D59C4BA1780C5BAF753C6BA696D1A
:102F3000C7BA7554C8BA9D55C9BA7783CABACF8380
:102F4000CBBA3868CCBABE79CDBA8C54CEBA554F0C
:102F5000CFBA0854D0BAD276D1BA898CD2BA0296F6
:102F6000D3BAB36CD4BAB86DD5BA6B8DD6BA108952
:102F7000D7BA649ED8BA3A8DD9BA3F56DABAD19E3A
:102F8000DBBAD575DCBA885FDDBAE072DEBA68609C
:102F9000DFBAFC54E0BAA84EE1BA2A6AE2BA618804
:102FA000E3BA5260E4BA708FE5BAC454E6BAD87096
:102FB000E7BA7986E8BA3F9EE9BA2A6DEABA8F5B2A
:102FC000EBBA185FECBAA27EEDBA8955EEBAAF4FF4
:102FD000EFBA3473F0BA3C54F1BA9A53F2BA1950BA
:102FE000F3BA0E54F4BA7C54F5BA4E4EF6BAFD5FFD
:102FF000F7BA5A74F8BAF658F9BA6B84FABAE1809B
:10300000FBBA7487FCBAD072FDBACA7CFEBA566E9F
:1030100040BB437C41BB447C42BB457C43BB467CBC
:1030200044BB477C45BB487C46BB497C47BB4A7C8C
:1030300048BB4B7C49BB4C7C4ABB4E7C4BBB4F7C5A
:103040004CBB507C4DBB517C4EBB527C4FBB537C28
:1030500050BB547C51BB557C52BB567C53BB577CF8
:1030600054BB587C55BB597C56BB5A7C57BB5B7CC8
:1030700058BB5C7C59BB5D7C5ABB5E7C5BBB5F7C98
:103080005CBB607C5DBB617C5EBB627C5FBB637C68
:1030900060BB647C61BB657C62BB667C63BB677C38
:1030A00064BB687C65BB697C66BB6A7C67BB6B7C08
:1030B00068BB6C7C69BB6D7C6ABB6E7C6BBB6F7CD8
:1030C0006CBB707C6DBB717C6EBB727C6FBB757CA6
:1030D00070BB767C71BB777C72BB787C73BB797C70
:1030E00074BB7A7C75BB7E7C76BB7F7C77BB807C37
:1030F00078BB817C79BB827C7ABB837C7BBB847C04
:103100007CBB857C7DBB867C7EBB877C80BB887CD2
:1031100081BB8A7C82BB8B7C83BB8C7C84BB8D7C9B
:1031200085BB8E7C86BB8F7C87BB907C88BB937C69
:1031300089BB947C8ABB967C8BBB997C8CBB9A7C2C
:103140008DBB9B7C8EBBA07C8FBBA17C90BBA37CEA
:1031500091BBA67C92BBA77C93BBA87C94BBA97CAB
:1031600095BBAB7C96BBAC7C97BBAD7C98BBAF7C76
:1031700099BBB07C9ABBB47C9BBBB57C9CBBB67C3A
:103180009DBBB77C9EBBB87C9FBBBA7CA0BBBB7C05
:10319000A1BB275FA2BB4E86A3BB2C55A4BBA462D8
:1031A000A5BB924EA6BBAA6CA7BB3762A8BBB182D7
:1031B000A9BBD754AABB4E53ABBB3E73ACBBD16EBD
:1031C000ADBB3B75AEBB1252AFBB1653B0BBDD8B74
:1031D000B1BBD069B2BB8A5FB3BB0060B4BBEE6D5C
:1031E000B5BB4F57B6BB226BB7BBAF73B8BB536809
:1031F000B9BBD88FBABB137FBBBB6263BCBBA36038
:10320000BDBB2455BEBBEA75BFBB628CC0BB15718C
:10321000C1BBA36DC2BBA65BC3BB7B5EC4BB5283F9
:10322000C5BB4C61C6BBC49EC7BBFA78C8BB578739
:10323000C9BB277CCABB8776CBBBF051CCBBF66041
:10324000CDBB4C71CEBB4366CFBB4C5ED0BB4D609B
:10325000D1BB0E8CD2BB7070D3BB2563D4BB898F1E
:10326000D5BBBD5FD6BB6260D7BBD486D8BBDE56AC
:10327000D9BBC16BDABB9460DBBB6761DCBB495374
:10328000DDBBE060DEBB6666DFBB3F8DE0BBFD798A
:10329000E1BB1A4FE2BBE970E3BB476CE4BBB38B05
:1032A000E5BBF28BE6BBD87EE7BB6483E8BB0F6669
:1032B000E9BB5A5AEABB429BEBBB516DECBBF76DC5
:1032C000EDBB418CEEBB3B6DEFBB194FF0BB6B70A0
:1032D000F1BBB783F2BB1662F3BBD160F4BB0D97B1
:1032E000F5BB278DF6BB7879F7BBFB51F8BB3E5792
:1032F000F9BBFA57FABB3A67FBBB7875FCBB3D7A62
:10330000FDBBEF79FEBB957B40BCBF7C41BCC07C64
:1033100042BCC27C43BCC37C44BCC47C45BCC67CB0
:1033200046BCC97C47BCCB7C48BCCE7C49BCCF7C6E
:103330004ABCD07C4BBCD17C4CBCD27C4DBCD37C39
:103340004EBCD47C4FBCD87C50BCDA7C51BCDB7CFE
:1033500052BCDD7C53BCDE7C54BCE17C55BCE27CC1
:1033600056BCE37C57BCE47C58BCE57C59BCE67C8D
:103370005ABCE77C5BBCE97C5CBCEA7C5DBCEB7C5A
:103380005EBCEC7C5FBCED7C60BCEE7C61BCF07C28
:1033900062BCF17C63BCF27C64BCF37C65BCF47CF5
:1033A00066BCF57C67BCF67C68BCF77C69BCF97CC4
:1033B0006ABCFA7C6BBCFC7C6CBCFD7C6DBCFE7C8E
:1033C0006EBCFF7C6FBC007D70BC017D71BC027D5A
:1033D00072BC037D73BC047D74BC057D75BC067D29
:1033E00076BC077D77BC087D78BC097D79BC0B7DF8
:1033F0007ABC0C7D7BBC0D7D7CBC0E7D7DBC0F7DC5
:103400007EBC107D80BC117D81BC127D82BC137D91
:1034100083BC147D84BC157D85BC167D86BC177D60
:1034200087BC187D88BC197D89BC1A7D8ABC1B7D30
:103430008BBC1C7D8CBC1D7D8DBC1E7D8EBC1F7D00
:103440008FBC217D90BC237D91BC247D92BC257DC9
:1034500093BC267D94BC287D95BC297D96BC2A7D95
:1034600097BC2C7D98BC2D7D99BC2E7D9ABC307D5F
:103470009BBC317D9CBC327D9DBC337D9EBC347D2C
:103480009FBC357DA0BC367DA1BC8C80A2BC65995B
:10349000A3BCF98FA4BCC06FA5BCA58BA6BC219E04
:1034A000A7BCEC59A8BCE97EA9BC097FAABC0954F9
:1034B000ABBC8167ACBCD868ADBC918FAEBC4D7C59
:1034C000AFBCC696B0BCCA53B1BC2560B2BCBE7519
:1034D000B3BC726CB4BC7353B5BCC95AB6BCA77E3E
:1034E000B7BC2463B8BCE051B9BC0A81BABCF15D79
:1034F000BBBCDF84BCBC8062BDBC8051BEBC635B16
:10350000BFBC0E4FC0BC6D79C1BC4252C2BCB860DA
:10351000C3BC4E6DC4BCC45BC5BCC25BC6BCA18B86
:10352000C7BCB08BC8BCE265C9BCCC5FCABC459601
:10353000CBBC9359CCBCE77ECDBCAA7ECEBC095691
:10354000CFBCB767D0BC3959D1BC734FD2BCB65BC6
:10355000D3BCA052D4BC5A83D5BC8A98D6BC3E8D6D
:10356000D7BC3275D8BCBE94D9BC4750DABC3C7AC3
:10357000DBBCF74EDCBCB667DDBC7E9ADEBCC15A54
:10358000DFBC7C6BE0BCD176E1BC5A57E2BC165C78
:10359000E3BC3A7BE4BCF495E5BC4E71E6BC7C51DF
:1035A000E7BCA980E8BC7082E9BC7859EABC047F1A
:1035B000EBBC2783ECBCC068EDBCEC67EEBCB1781B
:1035C000EFBC7778F0BCE362F1BC6163F2BC807B56
:1035D000F3BCED4FF4BC6A52F5BCCF51F6BC50833E
:1035E000F7BCDB69F8BC7492F9BCF58DFABC318D7F
:1035F000FBBCC189FCBC2E95FDBCAD7BFEBCF64E70
:1036000040BD377D41BD387D42BD397D43BD3A7DEA
:1036100044BD3B7D45BD3C7D46BD3D7D47BD3E7DBA
:1036200048BD3F7D49BD407D4ABD417D4BBD427D8A
:103630004CBD437D4DBD447D4EBD457D4FBD467D5A
:1036400050BD477D51BD487D52BD497D53BD4A7D2A
:1036500054BD4B7D55BD4C7D56BD4D7D57BD4E7DFA
:1036600058BD4F7D59BD507D5ABD517D5BBD527DCA
:103670005CBD537D5DBD547D5EBD557D5FBD567D9A
:1036800060BD577D61BD587D62BD597D63BD5A7D6A
:1036900064BD5B7D65BD5C7D66BD5D7D67BD5E7D3A
:1036A00068BD5F7D69BD607D6ABD617D6BBD627D0A
:1036B0006CBD637D6DBD647D6EBD657D6FBD667DDA
:1036C00070BD677D71BD687D72BD697D73BD6A7DAA
:1036D00074BD6B7D75BD6C7D76BD6D7D77BD6F7D79
:1036E00078BD707D79BD717D7ABD727D7BBD737D46
:1036F0007CBD747D7DBD757D7EBD767D80BD787D14
:1037000081BD797D82BD7A7D83BD7B7D84BD7C7DDD
:1037100085BD7D7D86BD7E7D87BD7F7D88BD807DAD
:1037200089BD817D8ABD827D8BBD837D8CBD847D7D
:103730008DBD857D8EBD867D8FBD877D90BD887D4D
:1037400091BD897D92BD8A7D93BD8B7D94BD8C7D1D
:1037500095BD8D7D96BD8E7D97BD8F7D98BD907DED
:1037600099BD917D9ABD927D9BBD937D9CBD947DBD
:103770009DBD957D9EBD967D9FBD977DA0BD987D8D
:10378000A1BD6550A2BD3082A3BD5152A4BD6F99A9
:10379000A5BD106EA6BD856EA7BDA76DA8BDFA5EBE
:1037A000A9BDF550AABDDC59ABBD065CACBD466DEC
:1037B000ADBD5F6CAEBD8675AFBD8B84B0BD6868B6
:1037C000B1BD5659B2BDB28BB3BD2053B4BD7191DA
:1037D000B5BD4D96B6BD4985B7BD1269B8BD017975
:1037E000B9BD2671BABDF680BBBDA44EBCBDCA90A2
:1037F000BDBD476DBEBD849ABFBD075AC0BDBC5696
:10380000C1BD0564C2BDF094C3BDEB77C4BDA54F77
:10381000C5BD1A81C6BDE172C7BDD289C8BD7A993E
:10382000C9BD347FCABDDE7ECBBD7F52CCBD5965DC
:10383000CDBD7591CEBD7F8FCFBD838FD0BDEB53F6
:10384000D1BD967AD2BDED63D3BDA563D4BD8676D6
:10385000D5BDF879D6BD5788D7BD3696D8BD2A6272
:10386000D9BDAB52DABD8282DBBD5468DCBD706766
:10387000DDBD7763DEBD6B77DFBDED7AE0BD016D49
:10388000E1BDD37EE2BDE389E3BDD059E4BD126260
:10389000E5BDC985E6BDA582E7BD4C75E8BD1F50F5
:1038A000E9BDCB4EEABDA575EBBDEB8BECBD4A5C2B
:1038B000EDBDFE5DEEBD4B7BEFBDA465F0BDD191CE
:1038C000F1BDCA4EF2BD256DF3BD5F89F4BD277D04
:1038D000F5BD2695F6BDC54EF7BD288CF8BDDB8F2E
:1038E000F9BD7397FABD4B66FBBD8179FCBDD18FE5
:1038F000FDBDEC70FEBD786D40BE997D41BE9A7DE8
:1039000042BE9B7D43BE9C7D44BE9D7D45BE9E7D4B
:1039100046BE9F7D47BEA07D48BEA17D49BEA27D1B
:103920004ABEA37D4BBEA47D4CBEA57D4DBEA77DEA
:103930004EBEA87D4FBEA97D50BEAA7D51BEAB7DB7
:1039400052BEAC7D53BEAD7D54BEAF7D55BEB07D85
:1039500056BEB17D57BEB27D58BEB37D59BEB47D53
:103960005ABEB57D5BBEB67D5CBEB77D5DBEB87D23
:103970005EBEB97D5FBEBA7D60BEBB7D61BEBC7DF3
:1039800062BEBD7D63BEBE7D64BEBF7D65BEC07DC3
:1039900066BEC17D67BEC27D68BEC37D69BEC47D93
:1039A0006ABEC57D6BBEC67D6CBEC77D6DBEC87D63
:1039B0006EBEC97D6FBECA7D70BECB7D71BECC7D33
:1039C00072BECD7D73BECE7D74BECF7D75BED07D03
:1039D00076BED17D77BED27D78BED37D79BED47DD3
:1039E0007ABED57D7BBED67D7CBED77D7DBED87DA3
:1039F0007EBED97D80BEDA7D81BEDB7D82BEDC7D70
:103A000083BEDD7D84BEDE7D85BEDF7D86BEE07D3E
:103A100087BEE17D88BEE27D89BEE37D8ABEE47D0E
:103A20008BBEE57D8CBEE67D8DBEE77D8EBEE87DDE
:103A30008FBEE97D90BEEA7D91BEEB7D92BEEC7DAE
:103A400093BEED7D94BEEE7D95BEEF7D96BEF07D7E
:103A500097BEF17D98BEF27D99BEF37D9ABEF47D4E
:103A60009BBEF57D9CBEF67D9DBEF77D9EBEF87D1E
:103A70009FBEF97DA0BEFA7DA1BE3D5CA2BEB25242
:103A8000A3BE4683A4BE6251A5BE0E83A6BE5B77CD
:103A9000A7BE7666A8BEB89CA9BEAC4EAABECA6038
:103AA000ABBEBE7CACBEB37CADBECF7EAEBE954ED3
:103AB000AFBE668BB0BE6F66B1BE8898B2BE599776
:103AC000B3BE8358B4BE6C65B5BE5C95B6BE845FAC
:103AD000B7BEC975B8BE5697B9BEDF7ABABEDE7A30
:103AE000BBBEC051BCBEAF70BDBE987ABEBEEA635D
:103AF000BFBE767AC0BEA07EC1BE9673C2BEED9731
:103B0000C3BE454EC4BE7870C5BE5D4EC6BE5291A2
:103B1000C7BEA953C8BE5165C9BEE765CABEFC8110
:103B2000CBBE0582CCBE8E54CDBE315CCEBE9A7566
:103B3000CFBEA097D0BED862D1BED972D2BEBD755D
:103B4000D3BE455CD4BE799AD5BECA83D6BE405C8E
:103B5000D7BE8054D8BEE977D9BE3E4EDABEAE6C31
:103B6000DBBE5A80DCBED262DDBE6E63DEBEE85DC7
:103B7000DFBE7751E0BEDD8DE1BE1E8EE2BE2F9529
:103B8000E3BEF14FE4BEE553E5BEE760E6BEAC70D0
:103B9000E7BE6752E8BE5063E9BE439EEABE1F5AC5
:103BA000EBBE2650ECBE3777EDBE7753EEBEE27E1D
:103BB000EFBE8564F0BE2B65F1BE8962F2BE9863EC
:103BC000F3BE1450F4BE3572F5BEC989F6BEB351CA
:103BD000F7BEC08BF8BEDD7EF9BE4757FABECC8378
:103BE000FBBEA794FCBE9B51FDBE1B54FEBEFB5CFE
:103BF00040BFFB7D41BFFC7D42BFFD7D43BFFE7DDD
:103C000044BFFF7D45BF007E46BF017E47BF027EA9
:103C100048BF037E49BF047E4ABF057E4BBF067E78
:103C20004CBF077E4DBF087E4EBF097E4FBF0A7E48
:103C300050BF0B7E51BF0C7E52BF0D7E53BF0E7E18
:103C400054BF0F7E55BF107E56BF117E57BF127EE8
:103C500058BF137E59BF147E5ABF157E5BBF167EB8
:103C60005CBF177E5DBF187E5EBF197E5FBF1A7E88
:103C700060BF1B7E61BF1C7E62BF1D7E63BF1E7E58
:103C800064BF1F7E65BF207E66BF217E67BF227E28
:103C900068BF237E69BF247E6ABF257E6BBF267EF8
:103CA0006CBF277E6DBF287E6EBF297E6FBF2A7EC8
:103CB00070BF2B7E71BF2C7E72BF2D7E73BF2E7E98
:103CC00074BF2F7E75BF307E76BF317E77BF327E68
:103CD00078BF337E79BF347E7ABF357E7BBF367E38
:103CE0007CBF377E7DBF387E7EBF397E80BF3A7E07
:103CF00081BF3C7E82BF3D7E83BF3E7E84BF3F7ED0
:103D000085BF407E86BF427E87BF437E88BF447E9C
:103D100089BF457E8ABF467E8BBF487E8CBF497E69
:103D20008DBF4A7E8EBF4B7E8FBF4C7E90BF4D7E37
:103D300091BF4E7E92BF4F7E93BF507E94BF517E07
:103D400095BF527E96BF537E97BF547E98BF557ED7
:103D500099BF567E9ABF577E9BBF587E9CBF597EA7
:103D60009DBF5A7E9EBF5B7E9FBF5C7EA0BF5D7E77
:103D7000A1BFCA4FA2BFE37AA3BF5A6DA4BFE1900F
:103D8000A5BF8F9AA6BF8055A7BF9654A8BF615301
:103D9000A9BFAF54AABF005FABBFE963ACBF7769EF
:103DA000ADBFEF51AEBF6861AFBF0A52B0BF2A5876
:103DB000B1BFD852B2BF4E57B3BF0D78B4BF0B7767
:103DC000B5BFB75EB6BF7761B7BFE07CB8BF5B6217
:103DD000B9BF9762BABFA24EBBBF9570BCBF03808C
:103DE000BDBFF762BEBFE470BFBF6097C0BF77576B
:103DF000C1BFDB82C2BFEF67C3BFF568C4BFD57860
:103E0000C5BF9798C6BFD179C7BFF358C8BFB354D1
:103E1000C9BFEF53CABF346ECBBF4B51CCBF3B526F
:103E2000CDBFA25BCEBFFE8BCFBFAF80D0BF43550F
:103E3000D1BFA657D2BF7360D3BF5157D4BF2D5443
:103E4000D5BF7A7AD6BF5060D7BF545BD8BFA763BF
:103E5000D9BFA062DABFE353DBBF6362DCBFC75BDD
:103E6000DDBFAF67DEBFED54DFBF9F7AE0BFE68204
:103E7000E1BF7791E2BF935EE3BFE488E4BF3859C6
:103E8000E5BFAE57E6BF0E63E7BFE88DE8BFEF8042
:103E9000E9BF5757EABF777BEBBFA94FECBFEB5F9A
:103EA000EDBFBD5BEEBF3E6BEFBF2153F0BF507B5C
:103EB000F1BFC272F2BF4668F3BFFF77F4BF367737
:103EC000F5BFF765F6BFB551F7BF8F4EF8BFD47693
:103ED000F9BFBF5CFABFA57AFBBF7584FCBF4E5922
:103EE000FDBF419BFEBF805040C05E7E41C05F7EF3
:103EF00042C0607E43C0617E44C0627E45C0637E36
:103F000046C0647E47C0657E48C0667E49C0677E05
:103F10004AC0687E4BC0697E4CC06A7E4DC06B7ED5
:103F20004EC06C7E4FC06D7E50C06E7E51C06F7EA5
:103F300052C0707E53C0717E54C0727E55C0737E75
:103F400056C0747E57C0757E58C0767E59C0777E45
:103F50005AC0787E5BC0797E5CC07A7E5DC07B7E15
:103F60005EC07C7E5FC07D7E60C07E7E61C07F7EE5
:103F700062C0807E63C0817E64C0837E65C0847EB3
:103F800066C0857E67C0867E68C0877E69C0887E81
:103F90006AC0897E6BC08A7E6CC08B7E6DC08C7E51
:103FA0006EC08D7E6FC08E7E70C08F7E71C0907E21
:103FB00072C0917E73C0927E74C0937E75C0947EF1
:103FC00076C0957E77C0967E78C0977E79C0987EC1
:103FD0007AC0997E7BC09A7E7CC09C7E7DC09D7E8F
:103FE0007EC09E7E80C0AE7E81C0B47E82C0BB7E1D
:103FF00083C0BC7E84C0D67E85C0E47E86C0EC7E55
:1040000087C0F97E88C00A7F89C0107F8AC01E7F62
:104010008BC0377F8CC0397F8DC03B7F8EC03C7F8B
:104020008FC03D7F90C03E7F91C03F7F92C0407F58
:1040300093C0417F94C0437F95C0467F96C0477F21
:1040400097C0487F98C0497F99C04A7F9AC04B7FEC
:104050009BC04C7F9CC04D7F9DC04E7F9EC04F7FBC
:104060009FC0527FA0C0537FA1C08899A2C0276182
:10407000A3C0836EA4C06457A5C00666A6C04663ED
:10408000A7C0F056A8C0EC62A9C06962AAC0D35EFE
:10409000ABC01496ACC08357ADC0C962AEC08755E3
:1040A000AFC02187B0C04A81B1C0A38FB2C06655EE
:1040B000B3C0B183B4C06567B5C0568DB6C0DD84EA
:1040C000B7C06A5AB8C00F68B9C0E662BAC0EE7B22
:1040D000BBC01196BCC07051BDC09C6FBEC0308CBF
:1040E000BFC0FD63C0C0C889C1C0D261C2C0067F65
:1040F000C3C0C270C4C0E56EC5C00574C6C09469B3
:10410000C7C0FC72C8C0CA5EC9C0CE90CAC017671B
:10411000CBC06A6DCCC05E63CDC0B352CEC06272FC
:10412000CFC00180D0C06C4FD1C0E559D2C06A91D8
:10413000D3C0D970D4C09D6DD5C0D252D6C0504E18
:10414000D7C0F796D8C06D95D9C07E85DAC0CA7839
:10415000DBC02F7DDCC02151DDC09257DEC0C264C0
:10416000DFC08B80E0C07B7CE1C0EA6CE2C0F1681C
:10417000E3C05E69E4C0B751E5C09853E6C0A868E3
:10418000E7C08172E8C0CE9EE9C0F17BEAC0F87258
:10419000EBC0BB79ECC0136FEDC00674EEC04E6788
:1041A000EFC0CC91F0C0A49CF1C03C79F2C08983EF
:1041B000F3C05483F4C00F54F5C01768F6C03D4EE9
:1041C000F7C08953F8C0B152F9C03E78FAC086539F
:1041D000FBC02952FCC08850FDC08B4FFEC0D04FA1
:1041E00040C1567F41C1597F42C15B7F43C15C7F63
:1041F00044C15D7F45C15E7F46C1607F47C1637F2B
:1042000048C1647F49C1657F4AC1667F4BC1677FF2
:104210004CC16B7F4DC16C7F4EC16D7F4FC16F7FB5
:1042200050C1707F51C1737F52C1757F53C1767F7A
:1042300054C1777F55C1787F56C17A7F57C17B7F44
:1042400058C17C7F59C17D7F5AC17F7F5BC1807F10
:104250005CC1827F5DC1837F5EC1847F5FC1857FDA
:1042600060C1867F61C1877F62C1887F63C1897FAA
:1042700064C18B7F65C18D7F66C18F7F67C1907F71
:1042800068C1917F69C1927F6AC1937F6BC1957F3D
:104290006CC1967F6DC1977F6EC1987F6FC1997F0A
:1042A00070C19B7F71C19C7F72C1A07F73C1A27FCF
:1042B00074C1A37F75C1A57F76C1A67F77C1A87F92
:1042C00078C1A97F79C1AA7F7AC1AB7F7BC1AC7F5E
:1042D0007CC1AD7F7DC1AE7F7EC1B17F80C1B37F28
:1042E00081C1B47F82C1B57F83C1B67F84C1B77FEE
:1042F00085C1BA7F86C1BB7F87C1BE7F88C1C07FB1
:1043000089C1C27F8AC1C37F8BC1C47F8CC1C67F74
:104310008DC1C77F8EC1C87F8FC1C97F90C1CB7F40
:1043200091C1CD7F92C1CF7F93C1D07F94C1D17F06
:1043300095C1D27F96C1D37F97C1D67F98C1D77FD1
:1043400099C1D97F9AC1DA7F9BC1DB7F9CC1DC7F99
:104350009DC1DD7F9EC1DE7F9FC1E27FA0C1E37F63
:10436000A1C1E275A2C1CB7AA3C1927CA4C1A56C04
:10437000A5C1B696A6C19B52A7C18374A8C1E95432
:10438000A9C1E94FAAC15480ABC1B283ACC1DE8FD1
:10439000ADC17095AEC1C95EAFC11C60B0C19F6DAB
:1043A000B1C1185EB2C15B65B3C13881B4C1FE94BE
:1043B000B5C14B60B6C1BC70B7C1C37EB8C1AE7CDD
:1043C000B9C1C951BAC18168BBC1B17CBCC16F82DE
:1043D000BDC1244EBEC1868FBFC1CF91C0C17E6614
:1043E000C1C1AE4EC2C1058CC3C1A964C4C14A805B
:1043F000C5C1DA50C6C19775C7C1CE71C8C1E55BEA
:10440000C9C1BD8FCAC1666FCBC1864ECCC18264A3
:10441000CDC16395CEC1D65ECFC19965D0C11752CB
:10442000D1C1C288D2C1C870D3C1A352D4C10E7346
:10443000D5C13374D6C19767D7C1F778D8C116975D
:10444000D9C1344EDAC1BB90DBC1DE9CDCC1CB6D7F
:10445000DDC1DB51DEC1418DDFC11D54E0C1CE6243
:10446000E1C1B273E2C1F183E3C1F696E4C1849F76
:10447000E5C1C394E6C1364FE7C19A7FE8C1CC518C
:10448000E9C17570EAC17596EBC1AD5CECC1869867
:10449000EDC1E653EEC1E44EEFC19C6EF0C109746C
:1044A000F1C1B469F2C16B78F3C18F99F4C1597548
:1044B000F5C11852F6C12476F7C1416DF8C1F36712
:1044C000F9C16D51FAC1999FFBC14B80FCC1995450
:1044D000FDC13C7BFEC1BF7A40C2E47F41C2E77FA1
:1044E00042C2E87F43C2EA7F44C2EB7F45C2EC7F11
:1044F00046C2ED7F47C2EF7F48C2F27F49C2F47FD8
:104500004AC2F57F4BC2F67F4CC2F77F4DC2F87F9F
:104510004EC2F97F4FC2FA7F50C2FD7F51C2FE7F6B
:1045200052C2FF7F53C2028054C2078055C2088026
:1045300056C2098057C20A8058C20E8059C20F80E5
:104540005AC211805BC213805CC21A805DC21B809C
:104550005EC21D805FC21E8060C21F8061C221805A
:1045600062C2238063C2248064C22B8065C22C8017
:1045700066C22D8067C22E8068C22F8069C23080DB
:104580006AC232806BC234806CC239806DC23A809C
:104590006EC23C806FC23E8070C2408071C241805A
:1045A00072C2448073C2458074C2478075C248801D
:1045B00076C2498077C24E8078C24F8079C25080DF
:1045C0007AC251807BC253807CC255807DC25680A6
:1045D0007EC2578080C2598081C25B8082C25C806B
:1045E00083C25D8084C25E8085C25F8086C2608037
:1045F00087C2618088C2628089C263808AC2648007
:104600008BC265808CC266808DC267808EC26880D6
:104610008FC26B8090C26C8091C26D8092C26E809E
:1046200093C26F8094C2708095C2728096C273806C
:1046300097C2748098C2758099C276809AC277803A
:104640009BC278809CC279809DC27A809EC27B800A
:104650009FC27C80A0C27D80A1C28696A2C28457E0
:10466000A3C2E262A4C24796A5C27C69A6C2045A4C
:10467000A7C20264A8C2D37BA9C20F6FAAC24B967D
:10468000ABC2A682ACC26253ADC28598AEC2905E88
:10469000AFC28970B0C2B363B1C26453B2C24F86B5
:1046A000B3C2819CB4C2939EB5C28C78B6C2329715
:1046B000B7C2EF8DB8C2428DB9C27F9EBAC25E6FDB
:1046C000BBC28479BCC2555FBDC24696BEC22E62D3
:1046D000BFC2749AC0C21554C1C2DD94C2C2A34FF6
:1046E000C3C2C565C4C2655CC5C2615CC6C2157F74
:1046F000C7C25186C8C22F6CC9C28B5FCAC287733A
:10470000CBC2E46ECCC2FF7ECDC2E65CCEC21B63E0
:10471000CFC26A5BD0C2E66ED1C27553D2C2714EAF
:10472000D3C2A063D4C26575D5C2A162D6C26E8F52
:10473000D7C2264FD8C2D14ED9C2A66CDAC2B67E35
:10474000DBC2BA8BDCC21D84DDC2BA87DEC2577FF2
:10475000DFC23B90E0C22395E1C2A97BE2C2A19AED
:10476000E3C2F888E4C23D84E5C21B6DE6C2869AC6
:10477000E7C2DC7EE8C28859E9C2BB9EEAC29B73ED
:10478000EBC20178ECC28286EDC26C9AEEC2829ACC
:10479000EFC21B56F0C21754F1C2CB57F2C2704E93
:1047A000F3C2A69EF4C25653F5C2C88FF6C2098161
:1047B000F7C29277F8C29299F9C2EE86FAC2E16E18
:1047C000FBC21385FCC2FC66FDC26261FEC22B6F98
:1047D00040C37E8041C3818042C3828043C38580C1
:1047E00044C3888045C38A8046C38D8047C38E807A
:1047F00048C38F8049C390804AC391804BC3928045
:104800004CC394804DC395804EC397804FC399800D
:1048100050C39E8051C3A38052C3A68053C3A780B8
:1048200054C3A88055C3AC8056C3B08057C3B3806F
:1048300058C3B58059C3B6805AC3B8805BC3B9802A
:104840005CC3BB805DC3C5805EC3C7805FC3C880D7
:1048500060C3C98061C3CA8062C3CB8063C3CF8099
:1048600064C3D08065C3D18066C3D28067C3D38060
:1048700068C3D48069C3D5806AC3D8806BC3DF8026
:104880006CC3E0806DC3E2806EC3E3806FC3E680DB
:1048900070C3EE8071C3F58072C3F78073C3F98073
:1048A00074C3FB8075C3FE8076C3FF8077C300812D
:1048B00078C3018179C303817AC304817BC30581F5
:1048C0007CC307817DC308817EC30B8180C30C81BB
:1048D00081C3158182C3178183C3198184C31B815E
:1048E00085C31C8186C31D8187C31F8188C3208126
:1048F00089C321818AC322818BC323818CC32481F4
:104900008DC325818EC326818FC3278190C32881C3
:1049100091C3298192C32A8193C32B8194C32D8192
:1049200095C32E8196C3308197C3338198C3348158
:1049300099C335819AC337819BC339819CC33A811E
:104940009DC33B819EC33C819FC33D81A0C33F81EA
:10495000A1C3298CA2C39282A3C32B83A4C3F276E2
:10496000A5C3136CA6C3D95FA7C3BD83A8C32B730C
:10497000A9C30583AAC31A95ABC3DB6BACC3DB77B2
:10498000ADC3C694AEC36F53AFC30283B0C39251DD
:10499000B1C33D5EB2C38C8CB3C3388DB4C3484E33
:1049A000B5C3AB73B6C39A67B7C38568B8C376910E
:1049B000B9C30997BAC36471BBC3A16CBCC30977FF
:1049C000BDC3925ABEC34195BFC3CF6BC0C38E7FD8
:1049D000C1C32766C2C3D05BC3C3B959C4C39A5A03
:1049E000C5C3E895C6C3F795C7C3EC4EC8C30C84CE
:1049F000C9C39984CAC3AC6ACBC3DF76CCC3309534
:104A0000CDC31B73CEC3A668CFC35F5BD0C32F7764
:104A1000D1C39A91D2C36197D3C3DC7CD4C3F78F3F
:104A2000D5C31C8CD6C3255FD7C3737CD8C3D879B4
:104A3000D9C3C589DAC3CC6CDBC31C87DCC3C65BB6
:104A4000DDC3425EDEC3C968DFC32077E0C3F57E05
:104A5000E1C39551E2C34D51E3C3C952E4C3295A9E
:104A6000E5C3057FE6C36297E7C3D782E8C3CF6398
:104A7000E9C38477EAC3D085EBC3D279ECC33A6E3D
:104A8000EDC3995EEEC39959EFC31185F0C36D7004
:104A9000F1C3116CF2C3BF62F3C3BF76F4C34F65B9
:104AA000F5C3AF60F6C3FD95F7C30E66F8C39F87E5
:104AB000F9C3239EFAC3ED94FBC30D54FCC37D548C
:104AC000FDC32C8CFEC3786440C4408141C4418145
:104AD00042C4428143C4438144C4448145C44581A6
:104AE00046C4478147C4498148C44D8149C44E8169
:104AF0004AC44F814BC452814CC456814DC4578126
:104B00004EC458814FC45B8150C45C8151C45D81E7
:104B100052C45E8153C45F8154C4618155C46281B3
:104B200056C4638157C4648158C4668159C468817E
:104B30005AC46A815BC46B815CC46C815DC46F8143
:104B40005EC472815FC4738160C4758161C4768103
:104B500062C4778163C4788164C4818165C48381C0
:104B600066C4848167C4858168C4868169C487817D
:104B70006AC489816BC48B816CC48C816DC48D8146
:104B80006EC48E816FC4908170C4928171C4938110
:104B900072C4948173C4958174C4968175C49781DD
:104BA00076C4998177C49A8178C49E8179C49F81A3
:104BB0007AC4A0817BC4A1817CC4A2817DC4A4816C
:104BC0007EC4A58180C4A78181C4A98182C4AB8130
:104BD00083C4AC8184C4AD8185C4AE8186C4AF81F9
:104BE00087C4B08188C4B18189C4B2818AC4B481C8
:104BF0008BC4B5818CC4B6818DC4B7818EC4B88195
:104C00008FC4B98190C4BC8191C4BD8192C4BE815E
:104C100093C4BF8194C4C48195C4C58196C4C7811F
:104C200097C4C88198C4C98199C4CB819AC4CD81E5
:104C30009BC4CE819CC4CF819DC4D0819EC4D181B0
:104C40009FC4D281A0C4D381A1C47964A2C41186B7
:104C5000A3C4216AA4C49C81A5C4E878A6C46964DD
:104C6000A7C4549BA8C4B962A9C42B67AAC4AB83C8
:104C7000ABC4A858ACC4D89EADC4AB6CAEC4206F56
:104C8000AFC4DE5BB0C44C96B1C40B8CB2C45F72CF
:104C9000B3C4D067B4C4C762B5C46172B6C4A94E08
:104CA000B7C4C659B8C4CD6BB9C49358BAC4AE66BC
:104CB000BBC4555EBCC4DF52BDC45561BEC42867C9
:104CC000BFC4EE76C0C46677C1C46772C2C4467AF8
:104CD000C3C4FF62C4C4EA54C5C45054C6C4A0943B
:104CE000C7C4A390C8C41C5AC9C4B37ECAC4166C36
:104CF000CBC4434ECCC47659CDC41080CEC44859E1
:104D0000CFC45753D0C43775D1C4BE96D2C4CA5687
:104D1000D3C42063D4C41181D5C47C60D6C4F995B2
:104D2000D7C4D66DD8C46254D9C48199DAC4855128
:104D3000DBC4E95ADCC4FD80DDC4AE59DEC4139780
:104D4000DFC42A50E0C4E56CE1C43C5CE2C4DF622D
:104D5000E3C4604FE4C43F53E5C47B81E6C40690DE
:104D6000E7C4BA6EE8C42B85E9C4C862EAC4745EBD
:104D7000EBC4BE78ECC4B564EDC47B63EEC4F55FF0
:104D8000EFC4185AF0C47F91F1C41F9EF2C43F5C77
:104D9000F3C44F63F4C44280F5C47D5BF6C46E5522
:104DA000F7C44A95F8C44D95F9C4856DFAC4A86056
:104DB000FBC4E067FCC4DE72FDC4DD51FEC4815B50
:104DC00040C5D48141C5D58142C5D68143C5D7816F
:104DD00044C5D88145C5D98146C5DA8147C5DB813F
:104DE00048C5DC8149C5DD814AC5DE814BC5DF810F
:104DF0004CC5E0814DC5E1814EC5E2814FC5E481DE
:104E000050C5E58151C5E68152C5E88153C5E981A8
:104E100054C5EB8155C5EE8156C5EF8157C5F0816C
:104E200058C5F18159C5F2815AC5F5815BC5F68136
:104E30005CC5F7815DC5F8815EC5F9815FC5FA8102
:104E400060C5FD8161C5FF8162C5038263C50782BC
:104E500064C5088265C5098266C50A8267C50B827A
:104E600068C50E8269C50F826AC511826BC513823F
:104E70006CC515826DC516826EC517826FC5188206
:104E800070C5198271C51A8272C51D8273C52082D0
:104E900074C5248275C5258276C5268277C527828A
:104EA00078C5298279C52E827AC532827BC53A823D
:104EB0007CC53C827DC53D827EC53F8280C54082E7
:104EC00081C5418282C5428283C5438284C54582B1
:104ED00085C5468286C5488287C54A8288C54C8278
:104EE00089C54D828AC54E828BC550828CC5518240
:104EF0008DC552828EC553828FC5548290C555820E
:104F000091C5568292C5578293C5598294C55B82DA
:104F100095C55C8296C55D8297C55E8298C56082A4
:104F200099C561829AC562829BC563829CC5648271
:104F30009DC565829EC566829FC56782A0C5698240
:104F4000A1C5E762A2C5DE6CA3C55B72A4C56D6294
:104F5000A5C5AE94A6C5BD7EA7C51381A8C5536DD2
:104F6000A9C59C51AAC5045FABC57459ACC5AA526A
:104F7000ADC51260AEC57359AFC59666B0C5508653
:104F8000B1C59F75B2C52A63B3C5E661B4C5EF7CF0
:104F9000B5C5FA8BB6C5E654B7C5276BB8C5259E0F
:104FA000B9C5B46BBAC5D585BBC55554BCC576501B
:104FB000BDC5A46CBEC56A55BFC5B48DC0C52C7235
:104FC000C1C5155EC2C51560C3C53674C4C5CD6202
:104FD000C5C59263C6C54C72C7C5985FC8C5436E48
:104FE000C9C53E6DCAC50065CBC5586FCCC5D8765E
:104FF000CDC5D078CEC5FC76CFC55475D0C524526A
:10500000D1C5DB53D2C5534ED3C59E5ED4C5C16551
:10501000D5C52A80D6C5D680D7C59B62D8C586544B
:10502000D9C52852DAC5AE70DBC58D88DCC5D18DF7
:10503000DDC5E16CDEC57854DFC5DA80E0C5F9571F
:10504000E1C5F488E2C5548DE3C56A96E4C54D9187
:10505000E5C5694FE6C59B6CE7C5B755E8C5C6769B
:10506000E9C53078EAC5A862EBC5F970ECC58E6F6A
:10507000EDC56D5FEEC5EC84EFC5DA68F0C57C78F0
:10508000F1C5F77BF2C5A881F3C50B67F4C54F9E48
:10509000F5C56763F6C5B078F7C56F57F8C51278E0
:1050A000F9C53997FAC57962FBC5AB62FCC5885270
:1050B000FDC53574FEC5D76B40C66A8241C66B829A
:1050C00042C66C8243C66D8244C6718245C67582F3
:1050D00046C6768247C6778248C6788249C67B82B2
:1050E0004AC67C824BC680824CC681824DC6838272
:1050F0004EC685824FC6868250C6878251C6898237
:1051000052C68C8253C6908254C6938255C69482EE
:1051100056C6958257C6968258C69A8259C69B82B1
:105120005AC69E825BC6A0825CC6A2825DC6A3826E
:105130005EC6A7825FC6B28260C6B58261C6B6820D
:1051400062C6BA8263C6BB8264C6BC8265C6BF82C1
:1051500066C6C08267C6C28268C6C38269C6C58287
:105160006AC6C6826BC6C9826CC6D0826DC6D6823C
:105170006EC6D9826FC6DA8270C6DD8271C6E282DF
:1051800072C6E78273C6E88274C6E98275C6EA828F
:1051900076C6EC8277C6ED8278C6EE8279C6F0825A
:1051A0007AC6F2827BC6F3827CC6F5827DC6F68221
:1051B0007EC6F88280C6FA8281C6FC8282C6FD82E3
:1051C00083C6FE8284C6FF8285C6008386C60A83A4
:1051D00087C60B8388C60D8389C610838AC612834F
:1051E0008BC613838CC616838DC618838EC619830F
:1051F0008FC61D8390C61E8391C61F8392C62083CF
:1052000093C6218394C6228395C6238396C624839E
:1052100097C6258398C6268399C629839AC62A836A
:105220009BC62E839CC630839DC632839EC6378321
:105230009FC63B83A0C63D83A1C66455A2C63E81DE
:10524000A3C6B275A4C6AE76A5C63953A6C6DE758A
:10525000A7C6FB50A8C6415CA9C66C8BAAC6C77B73
:10526000ABC64F50ACC64772ADC6979AAEC6D8987B
:10527000AFC6026FB0C6E274B1C66879B2C68764C1
:10528000B3C6A577B4C6FC62B5C69198B6C62B8DD9
:10529000B7C6C154B8C65880B9C6524EBAC66A57C6
:1052A000BBC6F982BCC60D84BDC6735EBEC6ED51D9
:1052B000BFC6F674C0C6C48BC1C64F5CC2C66157B8
:1052C000C3C6FC6CC4C68798C5C6465AC6C63478E1
:1052D000C7C6449BC8C6EB8FC9C6957CCAC6565282
:1052E000CBC65162CCC6FA94CDC6C64ECEC6868316
:1052F000CFC66184D0C6E983D1C6B284D2C6D457A2
:10530000D3C63467D4C60357D5C66E66D6C6666D97
:10531000D7C6318CD8C6DD66D9C61170DAC61F670C
:10532000DBC63A6BDCC61668DDC61A62DEC6BB5940
:10533000DFC6034EE0C6C451E1C6066FE2C6D267BF
:10534000E3C68F6CE4C67651E5C6CB68E6C647591E
:10535000E7C6676BE8C66675E9C60E5DEAC61081EA
:10536000EBC6509FECC6D765EDC64879EEC64179CD
:10537000EFC6919AF0C6778DF1C6825CF2C65E4E9A
:10538000F3C6014FF4C62F54F5C65159F6C60C7832
:10539000F7C66856F8C6146CF9C6C48FFAC6035F20
:1053A000FBC67D6CFCC6E36CFDC6AB8BFEC6906392
:1053B00040C73E8341C73F8342C7418343C74283BF
:1053C00044C7448345C7458346C7488347C74A8384
:1053D00048C74B8349C74C834AC74D834BC74E834D
:1053E0004CC753834DC755834EC756834FC757830A
:1053F00050C7588351C7598352C75D8353C76283CF
:1054000054C7708355C7718356C7728357C7738358
:1054100058C7748359C775835AC776835BC7798326
:105420005CC77A835DC77E835EC77F835FC78083E7
:1054300060C7818361C7828362C7838363C78483B4
:1054400064C7878365C7888366C78A8367C78B837A
:1054500068C78C8369C78D836AC78F836BC7908346
:105460006CC791836DC794836EC795836FC796830E
:1054700070C7978371C7998372C79A8373C79D83D7
:1054800074C79F8375C7A18376C7A28377C7A38399
:1054900078C7A48379C7A5837AC7A6837BC7A78368
:1054A0007CC7AC837DC7AD837EC7AE8380C7AF8327
:1054B00081C7B58382C7BB8383C7BE8384C7BF83CD
:1054C00085C7C28386C7C38387C7C48388C7C6838B
:1054D00089C7C8838AC7C9838BC7CB838CC7CD8351
:1054E0008DC7CE838EC7D0838FC7D18390C7D28319
:1054F00091C7D38392C7D58393C7D78394C7D983E2
:1055000095C7DA8396C7DB8397C7DE8398C7E283A4
:1055100099C7E3839AC7E4839BC7E6839CC7E78365
:105520009DC7E8839EC7EB839FC7EC83A0C7ED832D
:10553000A1C77060A2C73D6DA3C77572A4C766629C
:10554000A5C78E94A6C7C594A7C74353A8C7C18F44
:10555000A9C77E7BAAC7DF4EABC7268CACC77E4EE1
:10556000ADC7D49EAEC7B194AFC7B394B0C74D52C8
:10557000B1C75C6FB2C76390B3C7456DB4C7348C15
:10558000B5C71158B6C74C5DB7C7206BB8C7496BD4
:10559000B9C7AA67BAC75B54BBC75481BCC78C7F65
:1055A000BDC79958BEC73785BFC73A5FC0C7A2629B
:1055B000C1C7476AC2C73995C3C77265C4C784608B
:1055C000C5C76568C6C7A777C7C7544EC8C7A84F21
:1055D000C9C7E75DCAC79897CBC7AC64CCC7D87FAB
:1055E000CDC7ED5CCEC7CF4FCFC78D7AD0C707529E
:1055F000D1C70483D2C7144ED3C72F60D4C7837AD0
:10560000D5C7A694D6C7B54FD7C7B24ED8C7E67987
:10561000D9C73474DAC7E452DBC7B982DCC7D264B5
:10562000DDC7BD79DEC7DD5BDFC7816CE0C75297A0
:10563000E1C77B8FE2C7226CE3C73E50E4C77F53CC
:10564000E5C7056EE6C7CE64E7C77466E8C7306C89
:10565000E9C7C560EAC77798EBC7F78BECC7865EEA
:10566000EDC73C74EEC7777AEFC7CB79F0C7184E19
:10567000F1C7B190F2C70374F3C7426CF4C7DA56AE
:10568000F5C74B91F6C7C56CF7C78B8DF8C73A5372
:10569000F9C7C686FAC7F266FBC7AF8EFCC7485C7F
:1056A000FDC7719AFEC7206E40C8EE8341C8EF83E4
:1056B00042C8F38343C8F48344C8F58345C8F683DE
:1056C00046C8F78347C8FA8348C8FB8349C8FC83A8
:1056D0004AC8FE834BC8FF834CC800844DC802846F
:1056E0004EC805844FC8078450C8088451C809842F
:1056F00052C80A8453C8108454C8128455C81384ED
:1057000056C8148457C8158458C8168459C81784B5
:105710005AC819845BC81A845CC81B845DC81E847F
:105720005EC81F845FC8208460C8218461C8228449
:1057300062C8238463C8298464C82A8465C82B840A
:1057400066C82C8467C82D8468C82E8469C82F84D5
:105750006AC830846BC832846CC833846DC83484A2
:105760006EC835846FC8368470C8378471C8398470
:1057700072C83A8473C83B8474C83E8475C83F8439
:1057800076C8408477C8418478C8428479C8438405
:105790007AC844847BC845847CC847847DC84884D3
:1057A0007EC8498480C84A8481C84B8482C84C849E
:1057B00083C84D8484C84E8485C84F8486C850846D
:1057C00087C8528488C8538489C854848AC8558439
:1057D0008BC856848CC858848DC85D848EC85E84FE
:1057E0008FC85F8490C8608491C8628492C86484C2
:1057F00093C8658494C8668495C8678496C868848D
:1058000097C86A8498C86E8499C86F849AC870844F
:105810009BC872849CC874849DC877849EC8798410
:105820009FC87B84A0C87C84A1C8D653A2C8365A1E
:10583000A3C88B9FA4C8A38DA5C8BB53A6C80857EF
:10584000A7C8A798A8C84367A9C89B91AAC8C96C4C
:10585000ABC86851ACC8CA75ADC8F362AEC8AC720B
:10586000AFC83852B0C89D52B1C83A7FB2C8947020
:10587000B3C83876B4C87453B5C84A9EB6C8B769B9
:10588000B7C86E78B8C8C096B9C8D988BAC8A47F56
:10589000BBC83671BCC8C371BDC88951BEC8D36707
:1058A000BFC8E474C0C8E458C1C81865C2C8B756B8
:1058B000C3C8A98BC4C87699C5C87062C6C8D57E4E
:1058C000C7C8F960C8C8ED70C9C8EC58CAC8C14E8D
:1058D000CBC8BA4ECCC8CD5FCDC8E797CEC8FB4E7B
:1058E000CFC8A48BD0C80352D1C88A59D2C8AB7EC6
:1058F000D3C85462D4C8CD4ED5C8E565D6C80E62AB
:10590000D7C83883D8C8C984D9C86383DAC88D8713
:10591000DBC89471DCC8B66EDDC8B95BDEC8D27E68
:10592000DFC89751E0C8C963E1C8D467E2C889807D
:10593000E3C83983E4C81588E5C81251E6C87A5B24
:10594000E7C88259E8C8B18FE9C8734EEAC85D6CF0
:10595000EBC86551ECC82589EDC86F8FEEC82E964F
:10596000EFC84A85F0C85E74F1C81095F2C8F0958A
:10597000F3C8A66DF4C8E582F5C8315FF6C8926435
:10598000F7C8126DF8C82884F9C86E81FAC8C39C9C
:10599000FBC85E58FCC85B8DFDC8094EFEC8C153EC
:1059A00040C97D8441C97E8442C97F8443C98084C3
:1059B00044C9818445C9838446C9848447C9858490
:1059C00048C9868449C98A844AC98D844BC98F8451
:1059D0004CC990844DC991844EC992844FC9938417
:1059E00050C9948451C9958452C9968453C99884E6
:1059F00054C99A8455C99B8456C99D8457C99E84AD
:105A000058C99F8459C9A0845AC9A2845BC9A38478
:105A10005CC9A4845DC9A5845EC9A6845FC9A78446
:105A200060C9A88461C9A98462C9AA8463C9AB8416
:105A300064C9AC8465C9AD8466C9AE8467C9B084E5
:105A400068C9B18469C9B3846AC9B5846BC9B684AD
:105A50006CC9B7846DC9BB846EC9BC846FC9BE8470
:105A600070C9C08471C9C28472C9C38473C9C58432
:105A700074C9C68475C9C78476C9C88477C9CB84FC
:105A800078C9CC8479C9CE847AC9CF847BC9D284C1
:105A90007CC9D4847DC9D5847EC9D78480C9D88483
:105AA00081C9D98482C9DA8483C9DB8484C9DC844E
:105AB00085C9DE8486C9E18487C9E28488C9E48413
:105AC00089C9E7848AC9E8848BC9E9848CC9EA84D6
:105AD0008DC9EB848EC9ED848FC9EE8490C9EF84A3
:105AE00091C9F18492C9F28493C9F38494C9F4846E
:105AF00095C9F58496C9F68497C9F78498C9F8843E
:105B000099C9F9849AC9FA849BC9FB849CC9FD840C
:105B10009DC9FE849EC900859FC90185A0C90285D3
:105B2000A1C91E4FA2C96365A3C95168A4C9D355B1
:105B3000A5C9274EA6C91464A7C99A9AA8C96B62B9
:105B4000A9C9C25AAAC95F74ABC97282ACC9A96D8E
:105B5000ADC9EE68AEC9E750AFC98E83B0C902784F
:105B6000B1C94067B2C93952B3C9996CB4C9B17EE1
:105B7000B5C9BB50B6C96555B7C95E71B8C95B7BBD
:105B8000B9C95266BAC9CA73BBC9EB82BCC94967F5
:105B9000BDC9715CBEC92052BFC97D71C0C96B88C7
:105BA000C1C9EA95C2C95596C3C9C564C4C9618D46
:105BB000C5C9B381C6C98455C7C9556CC8C9476230
:105BC000C9C92E7FCAC99258CBC9244FCCC94655E2
:105BD000CDC94F8DCEC94C66CFC90A4ED0C91A5C0B
:105BE000D1C9F388D2C9A268D3C94E63D4C90D7A8A
:105BF000D5C9E770D6C98D82D7C9FA52D8C9F697E8
:105C0000D9C9115CDAC9E854DBC9B590DCC9CD7ECD
:105C1000DDC96259DEC94A8DDFC9C786E0C90C8279
:105C2000E1C90D82E2C9668DE3C94464E4C9045C3C
:105C3000E5C95161E6C9896DE7C93E79E8C9BE8BFE
:105C4000E9C93778EAC93375EBC97B54ECC9384FD9
:105C5000EDC9AB8EEEC9F16DEFC9205AF0C9C57E12
:105C6000F1C95E79F2C9886CF3C9A15BF4C9765AAF
:105C7000F5C91A75F6C9BE80F7C94E61F8C9176E25
:105C8000F9C9F058FAC91F75FBC92575FCC97272AC
:105C9000FDC94753FEC9F37E40CA038541CA048546
:105CA00042CA058543CA068544CA078545CA088590
:105CB00046CA098547CA0A8548CA0B8549CA0D855F
:105CC0004ACA0E854BCA0F854CCA10854DCA12852B
:105CD0004ECA14854FCA158550CA168551CA1885F3
:105CE00052CA198553CA1B8554CA1C8555CA1D85BD
:105CF00056CA1E8557CA208558CA228559CA238587
:105D00005ACA24855BCA25855CCA26855DCA278553
:105D10005ECA28855FCA298560CA2A8561CA2D8521
:105D200062CA2E8563CA2F8564CA308565CA3185EB
:105D300066CA328567CA338568CA348569CA3585BB
:105D40006ACA36856BCA3E856CCA3F856DCA408576
:105D50006ECA41856FCA428570CA448571CA45853D
:105D600072CA468573CA478574CA4B8575CA4C8505
:105D700076CA4D8577CA4E8578CA4F8579CA5085CF
:105D80007ACA51857BCA52857CCA53857DCA54859F
:105D90007ECA558580CA578581CA588582CA5A8568
:105DA00083CA5B8584CA5C8585CA5D8586CA5F8532
:105DB00087CA608588CA618589CA62858ACA6385FF
:105DC0008BCA65858CCA66858DCA67858ECA6985CA
:105DD0008FCA6A8590CA6B8591CA6C8592CA6D8597
:105DE00093CA6E8594CA6F8595CA708596CA718567
:105DF00097CA738598CA758599CA76859ACA778530
:105E00009BCA78859CCA7C859DCA7D859ECA7F85F4
:105E10009FCA8085A0CA8185A1CA0177A2CADB7604
:105E2000A3CA6952A4CADC80A5CA2357A6CA085EC1
:105E3000A7CA3159A8CAEE72A9CABD65AACA7F6E9F
:105E4000ABCAD78BACCA385CADCA7186AECA4153F7
:105E5000AFCAF377B0CAFE62B1CAF665B2CAC04E25
:105E6000B3CADF98B4CA8086B5CA9E5BB6CAC68B71
:105E7000B7CAF253B8CAE277B9CA7F4FBACA4E5C02
:105E8000BBCA769ABCCACB59BDCA0F5FBECA3A79A3
:105E9000BFCAEB58C0CA164EC1CAFF67C2CA8B4EF2
:105EA000C3CAED62C4CA938AC5CA1D90C6CABF528E
:105EB000C7CA2F66C8CADC55C9CA6C56CACA02907E
:105EC000CBCAD54ECCCA8D4FCDCACA91CECA709915
:105ED000CFCA0F6CD0CA025ED1CA4360D2CAA45BDB
:105EE000D3CAC689D4CAD58BD5CA3665D6CA4B6241
:105EF000D7CA9699D8CA885BD9CAFF5BDACA8863C1
:105F0000DBCA2E55DCCAD753DDCA2676DECA7D51E0
:105F1000DFCA2C85E0CAA267E1CAB368E2CA8A6B0D
:105F2000E3CA9262E4CA938FE5CAD453E6CA1282E6
:105F3000E7CAD16DE8CA8F75E9CA664EEACA4E8DC6
:105F4000EBCA705BECCA9F71EDCAAF85EECA916671
:105F5000EFCAD966F0CA727FF1CA0087F2CACD9E35
:105F6000F3CA209FF4CA5E5CF5CA2F67F6CAF08FA9
:105F7000F7CA1168F8CA5F67F9CA0D62FACAD67A19
:105F8000FBCA8558FCCAB65EFDCA7065FECA316F91
:105F900040CB828541CB838542CB868543CB8885A8
:105FA00044CB898545CB8A8546CB8B8547CB8C8571
:105FB00048CB8D8549CB8E854ACB90854BCB91853F
:105FC0004CCB92854DCB93854ECB94854FCB95850D
:105FD00050CB968551CB978552CB988553CB9985DD
:105FE00054CB9A8555CB9D8556CB9E8557CB9F85A7
:105FF00058CBA08559CBA1855ACBA2855BCBA38575
:106000005CCBA5855DCBA6855ECBA7855FCBA9853F
:1060100060CBAB8561CBAC8562CBAD8563CBB18505
:1060200064CBB28565CBB38566CBB48567CBB585CC
:1060300068CBB68569CBB8856ACBBA856BCBBB8597
:106040006CCBBC856DCBBD856ECBBE856FCBBF8564
:1060500070CBC08571CBC28572CBC38573CBC48531
:1060600074CBC58575CBC68576CBC78577CBC88500
:1060700078CBCA8579CBCB857ACBCC857BCBCD85CC
:106080007CCBCE857DCBD1857ECBD28580CBD48594
:1060900081CBD68582CBD78583CBD88584CBD98558
:1060A00085CBDA8586CBDB8587CBDD8588CBDE8526
:1060B00089CBDF858ACBE0858BCBE1858CCBE285F4
:1060C0008DCBE3858ECBE5858FCBE68590CBE785C1
:1060D00091CBE88592CBEA8593CBEB8594CBEC858D
:1060E00095CBED8596CBEE8597CBEF8598CBF0855C
:1060F00099CBF1859ACBF2859BCBF3859CCBF4852C
:106100009DCBF5859ECBF6859FCBF785A0CBF885FB
:10611000A1CB5560A2CB3752A3CB0D80A4CB546446
:10612000A5CB7088A6CB2975A7CB055EA8CB136835
:10613000A9CBF462AACB1C97ABCBCC53ACCB3D72B2
:10614000ADCB018CAECB346CAFCB6177B0CB0E7ADC
:10615000B1CB2E54B2CBAC77B3CB7A98B4CB1C82F4
:10616000B5CBF48BB6CB5578B7CB1467B8CBC17031
:10617000B9CBAF65BACB9564BBCB3656BCCB1D60F3
:10618000BDCBC179BECBF853BFCB1D4EC0CB7B6B13
:10619000C1CB8680C2CBFA5BC3CBE355C4CBDB5605
:1061A000C5CB3A4FC6CB3C4FC7CB7299C8CBF35D3A
:1061B000C9CB7E67CACB3880CBCB0260CCCB829870
:1061C000CDCB0190CECB8B5BCFCBBC8BD0CBF58B2B
:1061D000D1CB1C64D2CB5882D3CBDE64D4CBFD555B
:1061E000D5CBCF82D6CB6591D7CBD74FD8CB207D1F
:1061F000D9CB1F90DACB9F7CDBCBF350DCCB515853
:10620000DDCBAF6EDECBBF5BDFCBC98BE0CB83805A
:10621000E1CB7891E2CB9C84E3CB977BE4CB7D868A
:10622000E5CB8B96E6CB8F96E7CBE57EE8CBD39A92
:10623000E9CB8E78EACB815CEBCB577AECCB429002
:10624000EDCBA796EECB5F79EFCB595BF0CB5F63DD
:10625000F1CB0B7BF2CBD184F3CBAD68F4CB0655FD
:10626000F5CB297FF6CB1074F7CB227DF8CB0195C7
:10627000F9CB4062FACB4C58FBCBD64EFCCB835BC0
:10628000FDCB7959FECB545840CCF98541CCFA85E9
:1062900042CCFC8543CCFD8544CCFE8545CC0086B4
:1062A00046CC018647CC028648CC038649CC04867E
:1062B0004ACC06864BCC07864CCC08864DCC09864A
:1062C0004ECC0A864FCC0B8650CC0C8651CC0D861A
:1062D00052CC0E8653CC0F8654CC108655CC1286E9
:1062E00056CC138657CC148658CC158659CC1786B5
:1062F0005ACC18865BCC19865CCC1A865DCC1B8682
:106300005ECC1C865FCC1D8660CC1E8661CC1F8651
:1063100062CC208663CC218664CC228665CC238621
:1063200066CC248667CC258668CC268669CC2886F0
:106330006ACC2A866BCC2B866CCC2C866DCC2D86B9
:106340006ECC2E866FCC2F8670CC308671CC318689
:1063500072CC328673CC338674CC348675CC358659
:1063600076CC368677CC378678CC398679CC3A8627
:106370007ACC3B867BCC3D867CCC3E867DCC3F86F2
:106380007ECC408680CC418681CC428682CC4386BE
:1063900083CC448684CC458685CC468686CC47868D
:1063A00087CC488688CC498689CC4A868ACC4B865D
:1063B0008BCC4C868CCC52868DCC53868ECC55861D
:1063C0008FCC568690CC578691CC588692CC5986E5
:1063D00093CC5B8694CC5C8695CC5D8696CC5F86B0
:1063E00097CC608698CC618699CC63869ACC64867B
:1063F0009BCC65869CCC66869DCC67869ECC688649
:106400009FCC6986A0CC6A86A1CC6D73A2CC1E639A
:10641000A3CC4B8EA4CC0F8EA5CCCE80A6CCD482A0
:10642000A7CCAC62A8CCF053A9CCF06CAACC5E91FE
:10643000ABCC2A59ACCC0160ADCC706CAECC4D5716
:10644000AFCC4A64B0CC2A8DB1CC2B76B2CCE96EFD
:10645000B3CC5B57B4CC806AB5CCF075B6CC6D6F5D
:10646000B7CC2D8CB8CC088CB9CC6657BACCEF6BB6
:10647000BBCC9288BCCCB378BDCCA263BECCF95364
:10648000BFCCAD70C0CC646CC1CC5858C2CC2A64AF
:10649000C3CC0258C4CCE068C5CC9B81C6CC105597
:1064A000C7CCD67CC8CC1850C9CCBA8ECACCCC6D5F
:1064B000CBCC9F8DCCCCEB70CDCC8F63CECC9B6DF9
:1064C000CFCCD46ED0CCE67ED1CC0484D2CC436881
:1064D000D3CC0390D4CCD86DD5CC7696D6CCA88B23
:1064E000D7CC5759D8CC7972D9CCE485DACC7E8117
:1064F000DBCCBC75DCCC8A8ADDCCAF68DECC5452F8
:10650000DFCC228EE0CC1195E1CCD063E2CC989820
:10651000E3CC448EE4CC7C55E5CC534FE6CCFF660F
:10652000E7CC8F56E8CCD560E9CC956DEACC4352E8
:10653000EBCC495CECCC2959EDCCFB6DEECC6B5827
:10654000EFCC3075F0CC1C75F1CC6C60F2CC1482C1
:10655000F3CC4681F4CC1163F5CC6167F6CCE28FC5
:10656000F7CC3A77F8CCF38DF9CC348DFACCC194D2
:10657000FBCC165EFCCC8553FDCC2C54FECCC370FA
:1065800040CD6D8641CD6F8642CD708643CD7286FB
:1065900044CD738645CD748646CD758647CD7686C7
:1065A00048CD778649CD78864ACD83864BCD848683
:1065B0004CCD85864DCD86864ECD87864FCD88863F
:1065C00050CD898651CD8E8652CD8F8653CD908603
:1065D00054CD918655CD928656CD948657CD9686CC
:1065E00058CD978659CD98865ACD99865BCD9A8697
:1065F0005CCD9B865DCD9E865ECD9F865FCDA08661
:1066000060CDA18661CDA28662CDA58663CDA6862A
:1066100064CDAB8665CDAD8666CDAE8667CDB286E0
:1066200068CDB38669CDB7866ACDB8866BCDB9869D
:106630006CCDBB866DCDBC866ECDBD866FCDBE8666
:1066400070CDBF8671CDC18672CDC28673CDC38633
:1066500074CDC58675CDC88676CDCC8677CDCD86F2
:1066600078CDD28679CDD3867ACDD5867BCDD686A8
:106670007CCDD7867DCDDA867ECDDC8680CDDD866D
:1066800081CDE08682CDE18683CDE28684CDE3862E
:1066900085CDE58686CDE68687CDE78688CDE886FA
:1066A00089CDEA868ACDEB868BCDEC868CCDEF86C4
:1066B0008DCDF5868ECDF6868FCDF78690CDFA8678
:1066C00091CDFB8692CDFC8693CDFD8694CDFF8641
:1066D00095CD018796CD048797CD058798CD068700
:1066E00099CD0B879ACD0C879BCD0E879CCD0F87BC
:1066F0009DCD10879ECD11879FCD1487A0CD168785
:10670000A1CD406CA2CDF75EA3CD5C50A4CDAD4E23
:10671000A5CDAD5EA6CD3A63A7CD4782A8CD1A9090
:10672000A9CD5068AACD6E91ABCDB377ACCD0C544A
:10673000ADCDDC94AECD645FAFCDE57AB0CD7668FB
:10674000B1CD4563B2CD527BB3CDDF7EB4CDDB7529
:10675000B5CD7750B6CD9562B7CD3459B8CD0F9041
:10676000B9CDF851BACDC379BBCD817ABCCDFE5637
:10677000BDCD925FBECD1490BFCD826DC0CD605CAB
:10678000C1CD1F57C2CD1054C3CD5451C4CD4D6E91
:10679000C5CDE256C6CDA863C7CD9398C8CD7F813D
:1067A000C9CD1587CACD2A89CBCD0090CCCD1E543A
:1067B000CDCD6F5CCECDC081CFCDD662D0CD58626D
:1067C000D1CD3181D2CD359ED3CD4096D4CD6E9AE8
:1067D000D5CD7C9AD6CD2D69D7CDA559D8CDD3624C
:1067E000D9CD3E55DACD1663DBCDC754DCCDD98685
:1067F000DDCD3C6DDECD035ADFCDE674E0CD9C8867
:10680000E1CD6A6BE2CD1659E3CD4C8CE4CD2F5F20
:10681000E5CD7E6EE6CDA973E7CD7D98E8CD384E07
:10682000E9CDF770EACD8C5BEBCD9778ECCD3D638D
:10683000EDCD5A66EECD9676EFCDCB60F0CD9B5B7D
:10684000F1CD495AF2CD074EF3CD5581F4CD6A6CA6
:10685000F5CD8B73F6CDA14EF7CD8967F8CD517F7D
:10686000F9CD805FFACDFA65FBCD1B67FCCDD85F13
:10687000FDCD8459FECD015A40CE198741CE1B87EC
:1068800042CE1D8743CE1F8744CE208745CE248726
:1068900046CE268747CE278748CE288749CE2A87E7
:1068A0004ACE2B874BCE2C874CCE2D874DCE2F87B3
:1068B0004ECE30874FCE328750CE338751CE35877C
:1068C00052CE368753CE388754CE398755CE3A8745
:1068D00056CE3C8757CE3D8758CE408759CE41870C
:1068E0005ACE42875BCE43875CCE44875DCE4587D8
:1068F0005ECE46875FCE4A8760CE4B8761CE4D879E
:1069000062CE4F8763CE508764CE518765CE528763
:1069100066CE548767CE558768CE568769CE58872E
:106920006ACE5A876BCE5B876CCE5C876DCE5D87F7
:106930006ECE5E876FCE5F8770CE618771CE6287C5
:1069400072CE668773CE678774CE688775CE698787
:1069500076CE6A8777CE6B8778CE6C8779CE6D8757
:106960007ACE6F877BCE71877CCE72877DCE738720
:106970007ECE758780CE778781CE788782CE7987E5
:1069800083CE7A8784CE7F8785CE808786CE8187A7
:1069900087CE848788CE868789CE87878ACE898767
:1069A0008BCE8A878CCE8C878DCE8E878ECE8F872E
:1069B0008FCE908790CE918791CE928792CE9487FA
:1069C00093CE958794CE968795CE988796CE9987C5
:1069D00097CE9A8798CE9B8799CE9C879ACE9D8793
:1069E0009BCE9E879CCEA0879DCEA1879ECEA28760
:1069F0009FCEA387A0CEA487A1CECD5DA2CEAE5F51
:106A0000A3CE7153A4CEE697A5CEDD8FA6CE456862
:106A1000A7CEF456A8CE2F55A9CEDF60AACE3A4E07
:106A2000ABCE4D6FACCEF47EADCEC782AECE0E8473
:106A3000AFCED459B0CE1F4FB1CE2A4FB2CE3E5CAE
:106A4000B3CEAC7EB4CE2A67B5CE1A85B6CE73541B
:106A5000B7CE4F75B8CEC380B9CE8255BACE4F9B54
:106A6000BBCE4D4FBCCE2D6EBDCE138CBECE095CC1
:106A7000BFCE7061C0CE6B53C1CE1F76C2CE296E21
:106A8000C3CE8A86C4CE8765C5CEFB95C6CEB97EF9
:106A9000C7CE3B54C8CE337AC9CE0A7DCACEEE9556
:106AA000CBCEE155CCCEC17FCDCEEE74CECE1D6324
:106AB000CFCE1787D0CEA16DD1CE9D7AD2CE116226
:106AC000D3CEA165D4CE6753D5CEE163D6CE836C49
:106AD000D7CEEB5DD8CE5C54D9CEA894DACE4C4E4E
:106AE000DBCE616CDCCEEC8BDDCE4B5CDECEE065CC
:106AF000DFCE9C82E0CEA768E1CE3E54E2CE345495
:106B0000E3CECB6BE4CE666BE5CE944EE6CE42632D
:106B1000E7CE4853E8CE1E82E9CE0D4FEACEAE4F07
:106B2000EBCE5E57ECCE0A62EDCEFE96EECE6466FC
:106B3000EFCE6972F0CEFF52F1CEA152F2CE9F603D
:106B4000F3CEEF8BF4CE1466F5CE9971F6CE906746
:106B5000F7CE7F89F8CE5278F9CEFD77FACE7066FF
:106B6000FBCE3B56FCCE3854FDCE2195FECE7A723C
:106B700040CFA58741CFA68742CFA78743CFA9871C
:106B800044CFAA8745CFAE8746CFB08747CFB187DE
:106B900048CFB28749CFB4874ACFB6874BCFB787A4
:106BA0004CCFB8874DCFB9874ECFBB874FCFBC876F
:106BB00050CFBE8751CFBF8752CFC18753CFC28737
:106BC00054CFC38755CFC48756CFC58757CFC78704
:106BD00058CFC88759CFC9875ACFCC875BCFCD87CD
:106BE0005CCFCE875DCFCF875ECFD0875FCFD48796
:106BF00060CFD58761CFD68762CFD78763CFD8875D
:106C000064CFD98765CFDA8766CFDC8767CFDD872A
:106C100068CFDE8769CFDF876ACFE1876BCFE287F6
:106C20006CCFE3876DCFE4876ECFE6876FCFE787C2
:106C300070CFE88771CFE98772CFEB8773CFEC878E
:106C400074CFED8775CFEF8776CFF08777CFF18759
:106C500078CFF28779CFF3877ACFF4877BCFF58728
:106C60007CCFF6877DCFF7877ECFF88780CFFA87F6
:106C700081CFFB8782CFFC8783CFFD8784CFFF87BF
:106C800085CF008886CF018887CF028888CF048887
:106C900089CF05888ACF06888BCF07888CCF088854
:106CA0008DCF09888ECF0B888FCF0C8890CF0D8821
:106CB00091CF0E8892CF0F8893CF108894CF1188F0
:106CC00095CF128896CF148897CF178898CF1888B9
:106CD00099CF19889ACF1A889BCF1C889CCF1D8882
:106CE0009DCF1E889ECF1F889FCF2088A0CF23884E
:106CF000A1CF007AA2CF6F60A3CF0C5EA4CF896032
:106D0000A5CF9D81A6CF1559A7CFDC60A8CF8471F0
:106D1000A9CFEF70AACFAA6EABCF506CACCF807268
:106D2000ADCF846AAECFAD88AFCF2D5EB0CF604E11
:106D3000B1CFB35AB2CF9C55B3CFE394B4CF176D54
:106D4000B5CFFB7CB6CF9996B7CF0F62B8CFC67ED2
:106D5000B9CF8E77BACF7E86BBCF2353BCCF1E97D9
:106D6000BDCF968FBECF8766BFCFE15CC0CFA04FAF
:106D7000C1CFED72C2CF0B4EC3CFA653C4CF0F59B4
:106D8000C5CF1354C6CF8063C7CF2895C8CF48510D
:106D9000C9CFD94ECACF9C9CCBCFA47ECCCFB85400
:106DA000CDCF248DCECF5488CFCF3782D0CFF295A0
:106DB000D1CF8E6DD2CF265FD3CFCC5AD4CF3E6603
:106DC000D5CF6996D6CFB073D7CF2E73D8CFBF5358
:106DD000D9CF7A81DACF8599DBCFA17FDCCFAA5BCF
:106DE000DDCF7796DECF5096DFCFBF7EE0CFF8764F
:106DF000E1CFA253E2CF7695E3CF9999E4CFB17B6F
:106E0000E5CF4489E6CF586EE7CF614EE8CFD47F17
:106E1000E9CF6579EACFE68BEBCFF360ECCFCD54C9
:106E2000EDCFAB4EEECF7998EFCFF75DF0CF616A43
:106E3000F1CFCF50F2CF1154F3CF618CF4CF278430
:106E4000F5CF5D78F6CF0497F7CF4A52F8CFEE54DE
:106E5000F9CFA356FACF0095FBCF886DFCCFB55B79
:106E6000FDCFC66DFECF536640D0248841D0258823
:106E700042D0268843D0278844D0288845D0298806
:106E800046D02A8847D02B8848D02C8849D02D88D6
:106E90004AD02E884BD02F884CD030884DD03188A6
:106EA0004ED033884FD0348850D0358851D0368872
:106EB00052D0378853D0388854D03A8855D03B8840
:106EC00056D03D8857D03E8858D03F8859D0418809
:106ED0005AD042885BD043885CD046885DD04788D2
:106EE0005ED048885FD0498860D04A8861D04B889E
:106EF00062D04E8863D04F8864D0508865D0518866
:106F000066D0528867D0538868D0558869D0568833
:106F10006AD058886BD05A886CD05B886DD05C88FA
:106F20006ED05D886FD05E8870D05F8871D06088C9
:106F300072D0668873D0678874D06A8875D06D887F
:106F400076D06F8877D0718878D0738879D074883C
:106F50007AD075887BD076887CD078887DD0798807
:106F60007ED07A8880D07B8881D07C8882D08088CF
:106F700083D0838884D0868885D0878886D0898886
:106F800087D08A8888D08C8889D08E888AD08F884C
:106F90008BD090888CD091888DD093888ED0948817
:106FA0008FD0958890D0978891D0988892D09988E2
:106FB00093D09A8894D09B8895D09D8896D09E88AF
:106FC00097D09F8898D0A08899D0A1889AD0A3887C
:106FD0009BD0A5889CD0A6889DD0A7889ED0A88845
:106FE0009FD0A988A0D0AA88A1D00F5CA2D05D5B59
:106FF000A3D02168A4D09680A5D07855A6D0117BC7
:10700000A7D04865A8D05469A9D09B4EAAD0476B99
:10701000ABD04E87ACD08B97ADD04F53AED01F6363
:10702000AFD03A64B0D0AA90B1D09C65B2D0C18044
:10703000B3D0108CB4D09951B5D0B068B6D07853D5
:10704000B7D0F987B8D0C861B9D0C46CBAD0FB6CDE
:10705000BBD0228CBCD0515CBDD0AA85BED0AF8243
:10706000BFD00C95C0D0236BC1D09B8FC2D0B06570
:10707000C3D0FB5FC4D0C35FC5D0E14FC6D0458845
:10708000C7D01F66C8D06581C9D02973CAD0FA603D
:10709000CBD07451CCD01152CDD08B57CED0625FB3
:1070A000CFD0A290D0D04C88D1D09291D2D0785E5F
:1070B000D3D04F67D4D02760D5D0D359D6D0445140
:1070C000D7D0F651D8D0F880D9D00853DAD0796C1F
:1070D000DBD0C496DCD08A71DDD0114FDED0EE4F0C
:1070E000DFD09E7FE0D03D67E1D0C555E2D0089566
:1070F000E3D0C079E4D09688E5D0E37EE6D09F580F
:10710000E7D00C62E8D00097E9D05A86EAD018564A
:10711000EBD07B98ECD0905FEDD0B88BEED0C484F0
:10712000EFD05791F0D0D953F1D0ED65F2D08F5E0A
:10713000F3D05C75F4D06460F5D06E7DF6D07F5AE4
:10714000F7D0EA7EF8D0ED7EF9D0698FFAD0A75556
:10715000FBD0A35BFCD0AC60FDD0CB65FED08473CC
:1071600040D1AC8841D1AE8842D1AF8843D1B088FC
:1071700044D1B28845D1B38846D1B48847D1B588C7
:1071800048D1B68849D1B8884AD1B9884BD1BA8894
:107190004CD1BB884DD1BD884ED1BE884FD1BF8860
:1071A00050D1C08851D1C38852D1C48853D1C78827
:1071B00054D1C88855D1CA8856D1CB8857D1CC88EC
:1071C00058D1CD8859D1CF885AD1D0885BD1D188B8
:1071D0005CD1D3885DD1D6885ED1D7885FD1DA887B
:1071E00060D1DB8861D1DC8862D1DD8863D1DE8843
:1071F00064D1E08865D1E18866D1E68867D1E78807
:1072000068D1E98869D1EA886AD1EB886BD1EC88CA
:107210006CD1ED886DD1EE886ED1EF886FD1F28898
:1072200070D1F58871D1F68872D1F78873D1FA8858
:1072300074D1FB8875D1FD8876D1FF8877D100891C
:1072400078D1018979D103897AD104897BD10589E3
:107250007CD106897DD107897ED1088980D10989B1
:1072600081D10B8982D10C8983D10D8984D10E897A
:1072700085D10F8986D1118987D1148988D1158943
:1072800089D116898AD117898BD118898CD11C890B
:107290008DD11D898ED11E898FD11F8990D12089D2
:1072A00091D1228992D1238993D1248994D126899D
:1072B00095D1278996D1288997D1298998D12C8968
:1072C00099D12D899AD12E899BD12F899CD1318931
:1072D0009DD132899ED133899FD13589A0D13789FB
:1072E000A1D10990A2D16376A3D12977A4D1DA7E66
:1072F000A5D17497A6D19B85A7D1665BA8D1747AD6
:10730000A9D1EA96AAD14088ABD1CB52ACD18F712A
:10731000ADD1AA5FAED1EC65AFD1E28BB0D1FB5B52
:10732000B1D16F9AB2D1E15DB3D1896BB4D15B6C4D
:10733000B5D1AD8BB6D1AF8BB7D10A90B8D1C58FCF
:10734000B9D18B53BAD1BC62BBD1269EBCD12D9E84
:10735000BDD14054BED12B4EBFD1BD82C0D15972D8
:10736000C1D19C86C2D1165DC3D15988C4D1AF6D3D
:10737000C5D1C596C6D1D154C7D19A4EC8D1B68B06
:10738000C9D10971CAD1BD54CBD10996CCD1DF7016
:10739000CDD1F96DCED1D076CFD1254ED0D11478C4
:1073A000D1D11287D2D1A95CD3D1F65ED4D1008AD3
:1073B000D5D19C98D6D10E96D7D18E70D8D1BF6C2E
:1073C000D9D14459DAD1A963DBD13C77DCD14D88DE
:1073D000DDD1146FDED17382DFD13058E0D1D571A9
:1073E000E1D18C53E2D11A78E3D1C196E4D10155B1
:1073F000E5D1665FE6D13071E7D1B45BE8D11A8C94
:10740000E9D18C9AEAD1836BEBD12E59ECD12F9E26
:10741000EDD1E779EED16867EFD16C62F0D16F4FB3
:10742000F1D1A175F2D18A7FF3D10B6DF4D13396EE
:10743000F5D1276CF6D1F04EF7D1D275F8D17B514A
:10744000F9D13768FAD13E6FFBD18090FCD17081C1
:10745000FDD19659FED1767440D2388941D239890E
:1074600042D23A8943D23B8944D23C8945D23D89B4
:1074700046D23E8947D23F8948D2408949D2428983
:107480004AD243894BD245894CD246894DD247894D
:107490004ED248894FD2498950D24A8951D24B891C
:1074A00052D24C8953D24D8954D24E8955D24F89EC
:1074B00056D2508957D2518958D2528959D25389BC
:1074C0005AD254895BD255895CD256895DD257898C
:1074D0005ED258895FD2598960D25A8961D25B895C
:1074E00062D25C8963D25D8964D2608965D2618928
:1074F00066D2628967D2638968D2648969D26589F4
:107500006AD267896BD268896CD269896DD26A89BF
:107510006ED26B896FD26C8970D26D8971D26E898F
:1075200072D26F8973D2708974D2718975D272895F
:1075300076D2738977D2748978D2758979D276892F
:107540007AD277897BD278897CD279897DD27A89FF
:107550007ED27C8980D27D8981D27E8982D28089C7
:1075600083D2828984D2848985D2858986D287898B
:1075700087D2888988D2898989D28A898AD28B8957
:107580008BD28C898CD28D898DD28E898ED28F8927
:107590008FD2908990D2918991D2928992D29389F7
:1075A00093D2948994D2958995D2968996D29789C7
:1075B00097D2988998D2998999D29A899AD29B8997
:1075C0009BD29C899CD29D899DD29E899ED29F8967
:1075D0009FD2A089A0D2A189A1D24764A2D2275C60
:1075E000A3D26590A4D2917AA5D2238CA6D2DA59DF
:1075F000A7D2AC54A8D20082A9D26F83AAD2818923
:10760000ABD20080ACD23069ADD24E56AED236800D
:10761000AFD23772B0D2CE91B1D2B651B2D25F4EA4
:10762000B3D27598B4D29663B5D21A4EB6D2F65389
:10763000B7D2F366B8D24B81B9D21C59BAD2B26D67
:10764000BBD2004EBCD2F958BDD23B53BED2D6639A
:10765000BFD2F194C0D29D4FC1D20A4FC2D263882B
:10766000C3D29098C4D23759C5D25790C6D2FB79AD
:10767000C7D2EA4EC8D2F080C9D29175CAD2826C04
:10768000CBD29C5BCCD2E859CDD25D5FCED205691E
:10769000CFD28186D0D21A50D1D2F25DD2D2594EF9
:1076A000D3D2E377D4D2E54ED5D27A82D6D29162C4
:1076B000D7D21366D8D29190D9D2795CDAD2BF4EA4
:1076C000DBD2795FDCD2C681DDD23890DED2848015
:1076D000DFD2AB75E0D2A64EE1D2D488E2D20F6100
:1076E000E3D2C56BE4D2C65FE5D2494EE6D2CA7694
:1076F000E7D2A26EE8D2E38BE9D2AE8BEAD20A8C53
:10770000EBD2D18BECD2025FEDD2FC7FEED2CC7FFC
:10771000EFD2CE7EF0D23583F1D26B83F2D2E05637
:10772000F3D2B76BF4D2F397F5D23496F6D2FB5975
:10773000F7D21F54F8D2F694F9D2EB6DFAD2C55BAA
:10774000FBD26E99FCD2395CFDD2155FFED29096C9
:1077500040D3A28941D3A38942D3A48943D3A58925
:1077600044D3A68945D3A78946D3A88947D3A989F5
:1077700048D3AA8949D3AB894AD3AC894BD3AD89C5
:107780004CD3AE894DD3AF894ED3B0894FD3B18995
:1077900050D3B28951D3B38952D3B48953D3B58965
:1077A00054D3B68955D3B78956D3B88957D3B98935
:1077B00058D3BA8959D3BB895AD3BC895BD3BD8905
:1077C0005CD3BE895DD3BF895ED3C0895FD3C389D3
:1077D00060D3CD8961D3D38962D3D48963D3D5896A
:1077E00064D3D78965D3D88966D3D98967D3DB8930
:1077F00068D3DD8969D3DF896AD3E0896BD3E189F6
:107800006CD3E2896DD3E4896ED3E7896FD3E889BD
:1078100070D3E98971D3EA8972D3EC8973D3ED8986
:1078200074D3EE8975D3F08976D3F18977D3F28951
:1078300078D3F48979D3F5897AD3F6897BD3F7891C
:107840007CD3F8897DD3F9897ED3FA8980D3FB89EB
:1078500081D3FC8982D3FD8983D3FE8984D3FF89B8
:1078600085D3018A86D3028A87D3038A88D3048A80
:1078700089D3058A8AD3068A8BD3088A8CD3098A4E
:107880008DD30A8A8ED30B8A8FD30C8A90D30D8A1C
:1078900091D30E8A92D30F8A93D3108A94D3118AEC
:1078A00095D3128A96D3138A97D3148A98D3158ABC
:1078B00099D3168A9AD3178A9BD3188A9CD3198A8C
:1078C0009DD31A8A9ED31B8A9FD31C8AA0D31D8A5C
:1078D000A1D37053A2D3F182A3D3316AA4D3745A33
:1078E000A5D3709EA6D3945EA7D3287FA8D3B983CF
:1078F000A9D32484AAD32584ABD36783ACD3478789
:10790000ADD3CE8FAED3628DAFD3C876B0D3715F17
:10791000B1D39698B2D36C78B3D32066B4D3DF5486
:10792000B5D3E562B6D3634FB7D3C381B8D3C875B7
:10793000B9D3B85EBAD3CD96BBD30A8EBCD3F98681
:10794000BDD38F54BED3F36CBFD38C6DC0D3386C12
:10795000C1D37F60C2D3C752C3D32875C4D37D5E61
:10796000C5D3184FC6D3A060C7D3E75FC8D3245C84
:10797000C9D33175CAD3AE90CBD3C094CCD3B9722E
:10798000CDD3B96CCED3386ECFD34991D0D309675C
:10799000D1D3CB53D2D3F353D3D3514FD4D3C991F3
:1079A000D5D3F18BD6D3C853D7D37C5ED8D3C28F6F
:1079B000D9D3E46DDAD38E4EDBD3C276DCD38669BD
:1079C000DDD35E86DED31A61DFD30682E0D3594F62
:1079D000E1D3DE4FE2D33E90E3D37C9CE4D3096154
:1079E000E5D31D6EE6D3146EE7D38596E8D3884EB3
:1079F000E9D3315AEAD3E896EBD30E4EECD37F5C51
:107A0000EDD3B979EED3875BEFD3ED8BF0D3BD7FA8
:107A1000F1D38973F2D3DF57F3D38B82F4D3C190C0
:107A2000F5D30154F6D34790F7D3BB55F8D3EA5CAE
:107A3000F9D3A15FFAD30861FBD3326BFCD3F172A7
:107A4000FDD3B280FED3898A40D41E8A41D41F8AD6
:107A500042D4208A43D4218A44D4228A45D4238A1A
:107A600046D4248A47D4258A48D4268A49D4278AEA
:107A70004AD4288A4BD4298A4CD42A8A4DD42B8ABA
:107A80004ED42C8A4FD42D8A50D42E8A51D42F8A8A
:107A900052D4308A53D4318A54D4328A55D4338A5A
:107AA00056D4348A57D4358A58D4368A59D4378A2A
:107AB0005AD4388A5BD4398A5CD43A8A5DD43B8AFA
:107AC0005ED43C8A5FD43D8A60D43F8A61D4408AC8
:107AD00062D4418A63D4428A64D4438A65D4448A96
:107AE00066D4458A67D4468A68D4478A69D4498A65
:107AF0006AD44A8A6BD44B8A6CD44C8A6DD44D8A32
:107B00006ED44E8A6FD44F8A70D4508A71D4518A01
:107B100072D4528A73D4538A74D4548A75D4558AD1
:107B200076D4568A77D4578A78D4588A79D4598AA1
:107B30007AD45A8A7BD45B8A7CD45C8A7DD45D8A71
:107B40007ED45E8A80D45F8A81D4608A82D4618A3E
:107B500083D4628A84D4638A85D4648A86D4658A0D
:107B600087D4668A88D4678A89D4688A8AD4698ADD
:107B70008BD46A8A8CD46B8A8DD46C8A8ED46D8AAD
:107B80008FD46E8A90D46F8A91D4708A92D4718A7D
:107B900093D4728A94D4738A95D4748A96D4758A4D
:107BA00097D4768A98D4778A99D4788A9AD47A8A1C
:107BB0009BD47B8A9CD47C8A9DD47D8A9ED47E8AE9
:107BC0009FD47F8AA0D4808AA1D4746DA2D4D35BC1
:107BD000A3D4D588A4D48498A5D46B8CA6D46D9A4C
:107BE000A7D4339EA8D40A6EA9D4A451AAD44351D1
:107BF000ABD4A357ACD48188ADD49F53AED4F46337
:107C0000AFD4958FB0D4ED56B1D45854B2D40657F2
:107C1000B3D43F73B4D4906EB5D4187FB6D4DC8F90
:107C2000B7D4D182B8D43F61B9D42860BAD46296AF
:107C3000BBD4F066BCD4A67EBDD48A8DBED4C38D21
:107C4000BFD4A594C0D4B35CC1D4A47CC2D408670B
:107C5000C3D4A660C4D40596C5D41880C6D4914EAA
:107C6000C7D4E790C8D40053C9D46896CAD4415148
:107C7000CBD4D08FCCD47485CDD45D91CED4556681
:107C8000CFD4F597D0D4555BD1D41D53D2D4387806
:107C9000D3D44267D4D43D68D5D4C954D6D47E70E9
:107CA000D7D4B05BD8D47D8FD9D48D51DAD42857AE
:107CB000DBD4B154DCD41265DDD48266DED45E8DB3
:107CC000DFD4438DE0D40F81E1D46C84E2D46D9095
:107CD000E3D4DF7CE4D4FF51E5D4FB85E6D4A3678D
:107CE000E7D4E965E8D4A16FE9D4A486EAD4818E0B
:107CF000EBD46A56ECD42090EDD48276EED4767034
:107D0000EFD4E571F0D4238DF1D4E962F2D41952A5
:107D1000F3D4FD6CF4D43C8DF5D40E60F6D49E58AB
:107D2000F7D48E61F8D4FE66F9D4608DFAD44E6231
:107D3000FBD4B355FCD4236EFDD42D67FED4678FDE
:107D400040D5818A41D5828A42D5838A43D5848AA7
:107D500044D5858A45D5868A46D5878A47D5888A77
:107D600048D58B8A49D58C8A4AD58D8A4BD58E8A3F
:107D70004CD58F8A4DD5908A4ED5918A4FD5928A0F
:107D800050D5948A51D5958A52D5968A53D5978ADB
:107D900054D5988A55D5998A56D59A8A57D59B8AAB
:107DA00058D59C8A59D59D8A5AD59E8A5BD59F8A7B
:107DB0005CD5A08A5DD5A18A5ED5A28A5FD5A38A4B
:107DC00060D5A48A61D5A58A62D5A68A63D5A78A1B
:107DD00064D5A88A65D5A98A66D5AA8A67D5AB8AEB
:107DE00068D5AC8A69D5AD8A6AD5AE8A6BD5AF8ABB
:107DF0006CD5B08A6DD5B18A6ED5B28A6FD5B38A8B
:107E000070D5B48A71D5B58A72D5B68A73D5B78A5A
:107E100074D5B88A75D5B98A76D5BA8A77D5BB8A2A
:107E200078D5BC8A79D5BD8A7AD5BE8A7BD5BF8AFA
:107E30007CD5C08A7DD5C18A7ED5C28A80D5C38AC9
:107E400081D5C48A82D5C58A83D5C68A84D5C78A96
:107E500085D5C88A86D5C98A87D5CA8A88D5CB8A66
:107E600089D5CC8A8AD5CD8A8BD5CE8A8CD5CF8A36
:107E70008DD5D08A8ED5D18A8FD5D28A90D5D38A06
:107E800091D5D48A92D5D58A93D5D68A94D5D78AD6
:107E900095D5D88A96D5D98A97D5DA8A98D5DB8AA6
:107EA00099D5DC8A9AD5DD8A9BD5DE8A9CD5DF8A76
:107EB0009DD5E08A9ED5E18A9FD5E28AA0D5E38A46
:107EC000A1D5E194A2D5F895A3D52877A4D50568C6
:107ED000A5D5A869A6D58B54A7D54D4EA8D5B87001
:107EE000A9D5C88BAAD55864ABD58B65ACD5855BB5
:107EF000ADD5847AAED53A50AFD5E85BB0D5BB7777
:107F0000B1D5E16BB2D5798AB3D5987CB4D5BE6CC6
:107F1000B5D5CF76B6D5A965B7D5978FB8D52D5D30
:107F2000B9D5555CBAD53886BBD50868BCD5605381
:107F3000BDD51862BED5D97ABFD55B6EC0D5FD7EE2
:107F4000C1D51F6AC2D5E07AC3D5705FC4D5336F7F
:107F5000C5D5205FC6D58C63C7D5A86DC8D5566773
:107F6000C9D5084ECAD5105ECBD5268DCCD5D74EF7
:107F7000CDD5C080CED53476CFD59C96D0D5DB621A
:107F8000D1D52D66D2D57E62D3D5BC6CD4D5758DB6
:107F9000D5D56771D6D5697FD7D54651D8D58780D5
:107FA000D9D5EC53DAD56E90DBD59862DCD5F25496
:107FB000DDD5F086DED5998FDFD50580E0D5179524
:107FC000E1D51785E2D5D98FE3D5596DE4D5CD73C9
:107FD000E5D59F65E6D51F77E7D50475E8D5277801
:107FE000E9D5FB81EAD51E8DEBD58894ECD5A64F5B
:107FF000EDD59567EED5B975EFD5CA8BF0D5079756
:10800000F1D52F63F2D54795F3D53596F4D5B884DD
:10801000F5D52363F6D54177F7D5815FF8D5F072B2
:10802000F9D5894EFAD51460FBD57465FCD5EF629D
:10803000FDD5636BFED53F6540D6E48A41D6E58A1F
:1080400042D6E68A43D6E78A44D6E88A45D6E98A04
:1080500046D6EA8A47D6EB8A48D6EC8A49D6ED8AD4
:108060004AD6EE8A4BD6EF8A4CD6F08A4DD6F18AA4
:108070004ED6F28A4FD6F38A50D6F48A51D6F58A74
:1080800052D6F68A53D6F78A54D6F88A55D6F98A44
:1080900056D6FA8A57D6FB8A58D6FC8A59D6FD8A14
:1080A0005AD6FE8A5BD6FF8A5CD6008B5DD6018BE2
:1080B0005ED6028B5FD6038B60D6048B61D6058BB0
:1080C00062D6068B63D6088B64D6098B65D60A8B7D
:1080D00066D60B8B67D60C8B68D60D8B69D60E8B4C
:1080E0006AD60F8B6BD6108B6CD6118B6DD6128B1C
:1080F0006ED6138B6FD6148B70D6158B71D6168BEC
:1081000072D6178B73D6188B74D6198B75D61A8BBB
:1081100076D61B8B77D61C8B78D61D8B79D61E8B8B
:108120007AD61F8B7BD6208B7CD6218B7DD6228B5B
:108130007ED6238B80D6248B81D6258B82D6278B27
:1081400083D6288B84D6298B85D62A8B86D62B8BF3
:1081500087D62C8B88D62D8B89D62E8B8AD62F8BC3
:108160008BD6308B8CD6318B8DD6328B8ED6338B93
:108170008FD6348B90D6358B91D6368B92D6378B63
:1081800093D6388B94D6398B95D63A8B96D63B8B33
:1081900097D63C8B98D63D8B99D63E8B9AD63F8B03
:1081A0009BD6408B9CD6418B9DD6428B9ED6438BD3
:1081B0009FD6448BA0D6458BA1D6275EA2D6C77585
:1081C000A3D6D190A4D6C18BA5D69D82A6D69D67F5
:1081D000A7D62F65A8D63154A9D61887AAD6E57791
:1081E000ABD6A280ACD60281ADD6416CAED64B4E9A
:1081F000AFD6C77EB0D64C80B1D6F476B2D60D6974
:10820000B3D6966BB4D66762B5D63C50B6D6844F1B
:10821000B7D64057B8D60763B9D6626BBAD6BE8D0B
:10822000BBD6EA53BCD6E865BDD6B87EBED6D75F0E
:10823000BFD61A63C0D6B763C1D6F381C2D6F48164
:10824000C3D66E7FC4D61C5EC5D6D95CC6D63652A0
:10825000C7D67A66C8D6E979C9D61A7ACAD6288D19
:10826000CBD69970CCD6D475CDD6DE6ECED6BB6CBF
:10827000CFD6927AD0D62D4ED1D6C576D2D6E05F63
:10828000D3D69F94D4D67788D5D6C87ED6D6CD7986
:10829000D7D6BF80D8D6CD91D9D6F24EDAD6174FE1
:1082A000DBD61F82DCD66854DDD6DE5DDED6326DCD
:1082B000DFD6CC8BE0D6A57CE1D6748FE2D6988051
:1082C000E3D61A5EE4D69254E5D6B176E6D6995B4B
:1082D000E7D63C66E8D6A49AE9D6E073EAD62A68DF
:1082E000EBD6DB86ECD63167EDD62A73EED6F88B6B
:1082F000EFD6DB8BF0D61090F1D6F97AF2D6DB70A0
:10830000F3D66E71F4D6C462F5D6A977F6D6315697
:10831000F7D63B4EF8D65784F9D6F167FAD6A9526C
:10832000FBD6C086FCD62E8DFDD6F894FED6517BAA
:1083300040D7468B41D7478B42D7488B43D7498B91
:1083400044D74A8B45D74B8B46D74C8B47D74D8B61
:1083500048D74E8B49D74F8B4AD7508B4BD7518B31
:108360004CD7528B4DD7538B4ED7548B4FD7558B01
:1083700050D7568B51D7578B52D7588B53D7598BD1
:1083800054D75A8B55D75B8B56D75C8B57D75D8BA1
:1083900058D75E8B59D75F8B5AD7608B5BD7618B71
:1083A0005CD7628B5DD7638B5ED7648B5FD7658B41
:1083B00060D7678B61D7688B62D7698B63D76A8B0D
:1083C00064D76B8B65D76D8B66D76E8B67D76F8BDA
:1083D00068D7708B69D7718B6AD7728B6BD7738BA9
:1083E0006CD7748B6DD7758B6ED7768B6FD7778B79
:1083F00070D7788B71D7798B72D77A8B73D77B8B49
:1084000074D77C8B75D77D8B76D77E8B77D77F8B18
:1084100078D7808B79D7818B7AD7828B7BD7838BE8
:108420007CD7848B7DD7858B7ED7868B80D7878BB7
:1084300081D7888B82D7898B83D78A8B84D78B8B84
:1084400085D78C8B86D78D8B87D78E8B88D78F8B54
:1084500089D7908B8AD7918B8BD7928B8CD7938B24
:108460008DD7948B8ED7958B8FD7968B90D7978BF4
:1084700091D7988B92D7998B93D79A8B94D79B8BC4
:1084800095D79C8B96D79D8B97D79E8B98D79F8B94
:1084900099D7AC8B9AD7B18B9BD7BB8B9CD7C78B0B
:1084A0009DD7D08B9ED7EA8B9FD7098CA0D71E8CE7
:1084B000A1D74F4FA2D7E86CA3D75D79A4D77B9AF9
:1084C000A5D79362A6D72A72A7D7FD62A8D7134E65
:1084D000A9D71678AAD76C8FABD7B064ACD75A8D12
:1084E000ADD7C67BAED76968AFD7845EB0D7C58835
:1084F000B1D78659B2D79E64B3D7EE58B4D7B67207
:10850000B5D70E69B6D72595B7D7FD8FB8D7588D93
:10851000B9D76057BAD7007FBBD7068CBCD7C65136
:10852000BDD74963BED7D962BFD75353C0D74C68B4
:10853000C1D72274C2D70183C3D74C91C4D7445545
:10854000C5D74077C6D77C70C7D74A6DC8D7795191
:10855000C9D7A854CAD7448DCBD7FF59CCD7CB6E37
:10856000CDD7C46DCED75C5BCFD72B7DD0D7D44EC3
:10857000D1D77D7CD2D7D36ED3D7505BD4D7EA8105
:10858000D5D70D6ED6D7575BD7D7039BD8D7D5682D
:10859000D9D72A8EDAD7975BDBD7FC7EDCD73B6056
:1085A000DDD7B57EDED7B990DFD7708DE0D74F59D4
:1085B000E1D7CD63E2D7DF79E3D7B38DE4D7525368
:1085C000E5D7CF65E6D75679E7D7C58BE8D73B9691
:1085D000E9D7C47EEAD7BB94EBD7827EECD734567A
:1085E000EDD78991EED70067EFD76A7FF0D70A5CA5
:1085F000F1D77590F2D72866F3D7E65DF4D7504FE0
:10860000F5D7DE67F6D75A50F7D75C4FF8D75057F3
:10861000F9D7A75E40D8388C41D8398C42D83A8CEB
:1086200043D83B8C44D83C8C45D83D8C46D83E8CB6
:1086300047D83F8C48D8408C49D8428C4AD8438C84
:108640004BD8448C4CD8458C4DD8488C4ED84A8C4D
:108650004FD84B8C50D84D8C51D84E8C52D84F8C13
:1086600053D8508C54D8518C55D8528C56D8538CE2
:1086700057D8548C58D8568C59D8578C5AD8588CAF
:108680005BD8598C5CD85B8C5DD85C8C5ED85D8C7B
:108690005FD85E8C60D85F8C61D8608C62D8638C48
:1086A00063D8648C64D8658C65D8668C66D8678C12
:1086B00067D8688C68D8698C69D86C8C6AD86D8CDE
:1086C0006BD86E8C6CD86F8C6DD8708C6ED8718CAA
:1086D0006FD8728C70D8748C71D8758C72D8768C77
:1086E00073D8778C74D87B8C75D87C8C76D87D8C3D
:1086F00077D87E8C78D87F8C79D8808C7AD8818C0A
:108700007BD8838C7CD8848C7DD8868C7ED8878CD3
:1087100080D8888C81D88B8C82D88D8C83D88E8C95
:1087200084D88F8C85D8908C86D8918C87D8928C61
:1087300088D8938C89D8958C8AD8968C8BD8978C2E
:108740008CD8998C8DD89A8C8ED89B8C8FD89C8CF9
:1087500090D89D8C91D89E8C92D89F8C93D8A08CC9
:1087600094D8A18C95D8A28C96D8A38C97D8A48C99
:1087700098D8A58C99D8A68C9AD8A78C9BD8A88C69
:108780009CD8A98C9DD8AA8C9ED8AB8C9FD8AC8C39
:10879000A0D8AD8CA1D88D4EA2D80C4EA3D84051F4
:1087A000A4D8104EA5D8FF5EA6D84553A7D8154E1D
:1087B000A8D8984EA9D81E4EAAD8329BABD86C5BCD
:1087C000ACD86956ADD8284EAED8BA79AFD83F4E9E
:1087D000B0D81553B1D8474EB2D82D59B3D83B7243
:1087E000B4D86E53B5D8106CB6D8DF56B7D8E4807D
:1087F000B8D89799B9D8D36BBAD87E77BBD8179F1A
:10880000BCD8364EBDD89F4EBED8109FBFD85C4E48
:10881000C0D8694EC1D8934EC2D88882C3D85B5B9A
:10882000C4D86C55C5D80F56C6D8C44EC7D88D53BA
:10883000C8D89D53C9D8A353CAD8A553CBD8AE53D3
:10884000CCD86597CDD85D8DCED81A53CFD8F553F7
:10885000D0D82653D1D82E53D2D83E53D3D85C8DFE
:10886000D4D86653D5D86353D6D80252D7D8085235
:10887000D8D80E52D9D82D52DAD83352DBD83F523D
:10888000DCD84052DDD84C52DED85E52DFD861527F
:10889000E0D85C52E1D8AF84E2D87D52E3D882526E
:1088A000E4D88152E5D89052E6D89352E7D8825165
:1088B000E8D8547FE9D8BB4EEAD8C34EEBD8C94EAE
:1088C000ECD8C24EEDD8E84EEED8E14EEFD8EB4EE4
:1088D000F0D8DE4EF1D81B4FF2D8F34EF3D8224F2A
:1088E000F4D8644FF5D8F54EF6D8254FF7D8274F72
:1088F000F8D8094FF9D82B4FFAD85E4FFBD8674FFD
:10890000FCD83865FDD85A4FFED85D4F40D9AE8CA3
:1089100041D9AF8C42D9B08C43D9B18C44D9B28CF7
:1089200045D9B38C46D9B48C47D9B58C48D9B68CC7
:1089300049D9B78C4AD9B88C4BD9B98C4CD9BA8C97
:108940004DD9BB8C4ED9BC8C4FD9BD8C50D9BE8C67
:1089500051D9BF8C52D9C08C53D9C18C54D9C28C37
:1089600055D9C38C56D9C48C57D9C58C58D9C68C07
:1089700059D9C78C5AD9C88C5BD9C98C5CD9CA8CD7
:108980005DD9CB8C5ED9CC8C5FD9CD8C60D9CE8CA7
:1089900061D9CF8C62D9D08C63D9D18C64D9D28C77
:1089A00065D9D38C66D9D48C67D9D58C68D9D68C47
:1089B00069D9D78C6AD9D88C6BD9D98C6CD9DA8C17
:1089C0006DD9DB8C6ED9DC8C6FD9DD8C70D9DE8CE7
:1089D00071D9DF8C72D9E08C73D9E18C74D9E28CB7
:1089E00075D9E38C76D9E48C77D9E58C78D9E68C87
:1089F00079D9E78C7AD9E88C7BD9E98C7CD9EA8C57
:108A00007DD9EB8C7ED9EC8C80D9ED8C81D9EE8C24
:108A100082D9EF8C83D9F08C84D9F18C85D9F28CF2
:108A200086D9F38C87D9F48C88D9F58C89D9F68CC2
:108A30008AD9F78C8BD9F88C8CD9F98C8DD9FA8C92
:108A40008ED9FB8C8FD9FC8C90D9FD8C91D9FE8C62
:108A500092D9FF8C93D9008D94D9018D95D9028D2F
:108A600096D9038D97D9048D98D9058D99D9068DFE
:108A70009AD9078D9BD9088D9CD9098D9DD90A8DCE
:108A80009ED90B8D9FD90C8DA0D90D8DA1D95F4F8B
:108A9000A2D9574FA3D9324FA4D93D4FA5D9764F6C
:108AA000A6D9744FA7D9914FA8D9894FA9D9834F77
:108AB000AAD98F4FABD97E4FACD97B4FADD9AA4F36
:108AC000AED97C4FAFD9AC4FB0D9944FB1D9E64FA6
:108AD000B2D9E84FB3D9EA4FB4D9C54FB5D9DA4FB7
:108AE000B6D9E34FB7D9DC4FB8D9D14FB9D9DF4F99
:108AF000BAD9F84FBBD92950BCD94C50BDD9F34F86
:108B0000BED92C50BFD90F50C0D92E50C1D92D502D
:108B1000C2D9FE4FC3D91C50C4D90C50C5D9255059
:108B2000C6D92850C7D97E50C8D94350C9D9555045
:108B3000CAD94850CBD94E50CCD96C50CDD97B50E6
:108B4000CED9A550CFD9A750D0D9A950D1D9BA5094
:108B5000D2D9D650D3D90651D4D9ED50D5D9EC506D
:108B6000D6D9E650D7D9EE50D8D90751D9D90B511B
:108B7000DAD9DD4EDBD93D6CDCD9584FDDD9654FF4
:108B8000DED9CE4FDFD9A09FE0D9466CE1D9747C05
:108B9000E2D96E51E3D9FD5DE4D9C99EE5D9989932
:108BA000E6D98151E7D91459E8D9F952E9D90D53D9
:108BB000EAD9078AEBD91053ECD9EB51EDD9195901
:108BC000EED95551EFD9A04EF0D95651F1D9B34E47
:108BD000F2D96E88F3D9A488F4D9B54EF5D91481A9
:108BE000F6D9D288F7D98079F8D9345BF9D90388D6
:108BF000FAD9B87FFBD9AB51FCD9B151FDD9BD51E0
:108C0000FED9BC5140DA0E8D41DA0F8D42DA108D5B
:108C100043DA118D44DA128D45DA138D46DA148D5C
:108C200047DA158D48DA168D49DA178D4ADA188D2C
:108C30004BDA198D4CDA1A8D4DDA1B8D4EDA1C8DFC
:108C40004FDA208D50DA518D51DA528D52DA578D2C
:108C500053DA5F8D54DA658D55DA688D56DA698D91
:108C600057DA6A8D58DA6C8D59DA6E8D5ADA6F8D53
:108C70005BDA718D5CDA728D5DDA788D5EDA798D12
:108C80005FDA7A8D60DA7B8D61DA7C8D62DA7D8DD8
:108C900063DA7E8D64DA7F8D65DA808D66DA828DA7
:108CA00067DA838D68DA868D69DA878D6ADA888D6E
:108CB0006BDA898D6CDA8C8D6DDA8D8D6EDA8E8D36
:108CC0006FDA8F8D70DA908D71DA928D72DA938D02
:108CD00073DA958D74DA968D75DA978D76DA988DCC
:108CE00077DA998D78DA9A8D79DA9B8D7ADA9C8D9C
:108CF0007BDA9D8D7CDA9E8D7DDAA08D7EDAA18D6A
:108D000080DAA28D81DAA48D82DAA58D83DAA68D30
:108D100084DAA78D85DAA88D86DAA98D87DAAA8DFF
:108D200088DAAB8D89DAAC8D8ADAAD8D8BDAAE8DCF
:108D30008CDAAF8D8DDAB08D8EDAB28D8FDAB68D9A
:108D400090DAB78D91DAB98D92DABB8D93DABD8D59
:108D500094DAC08D95DAC18D96DAC28D97DAC58D19
:108D600098DAC78D99DAC88D9ADAC98D9BDACA8DDF
:108D70009CDACD8D9DDAD08D9EDAD28D9FDAD38D9F
:108D8000A0DAD48DA1DAC751A2DA9651A3DAA251A2
:108D9000A4DAA551A5DAA08BA6DAA68BA7DAA78B51
:108DA000A8DAAA8BA9DAB48BAADAB58BABDAB78BBF
:108DB000ACDAC28BADDAC38BAEDACB8BAFDACF8B4A
:108DC000B0DACE8BB1DAD28BB2DAD38BB3DAD48B02
:108DD000B4DAD68BB5DAD88BB6DAD98BB7DADC8BC6
:108DE000B8DADF8BB9DAE08BBADAE48BBBDAE88B7E
:108DF000BCDAE98BBDDAEE8BBEDAF08BBFDAF38B2F
:108E0000C0DAF68BC1DAF98BC2DAFC8BC3DAFF8BDE
:108E1000C4DA008CC5DA028CC6DA048CC7DA078C97
:108E2000C8DA0C8CC9DA0F8CCADA118CCBDA128C46
:108E3000CCDA148CCDDA158CCEDA168CCFDA198C0C
:108E4000D0DA1B8CD1DA188CD2DA1D8CD3DA1F8CD5
:108E5000D4DA208CD5DA218CD6DA258CD7DA278C97
:108E6000D8DA2A8CD9DA2B8CDADA2E8CDBDA2F8C52
:108E7000DCDA328CDDDA338CDEDA358CDFDA368C14
:108E8000E0DA6953E1DA7A53E2DA1D96E3DA229600
:108E9000E4DA2196E5DA3196E6DA2A96E7DA3D96C3
:108EA000E8DA3C96E9DA4296EADA4996EBDA549641
:108EB000ECDA5F96EDDA6796EEDA6C96EFDA729698
:108EC000F0DA7496F1DA8896F2DA8D96F3DA9796FC
:108ED000F4DAB096F5DA9790F6DA9B90F7DA9D908F
:108EE000F8DA9990F9DAAC90FADAA190FBDAB4905A
:108EF000FCDAB390FDDAB690FEDABA9040DBD58D9D
:108F000041DBD88D42DBD98D43DBDC8D44DBE08D4A
:108F100045DBE18D46DBE28D47DBE58D48DBE68D09
:108F200049DBE78D4ADBE98D4BDBED8D4CDBEE8DCC
:108F30004DDBF08D4EDBF18D4FDBF28D50DBF48D90
:108F400051DBF68D52DBFC8D53DBFE8D54DBFF8D48
:108F500055DB008E56DB018E57DB028E58DB038E0D
:108F600059DB048E5ADB068E5BDB078E5CDB088EDA
:108F70005DDB0B8E5EDB0D8E5FDB0E8E60DB108E9D
:108F800061DB118E62DB128E63DB138E64DB158E68
:108F900065DB168E66DB178E67DB188E68DB198E35
:108FA00069DB1A8E6ADB1B8E6BDB1C8E6CDB208E02
:108FB0006DDB218E6EDB248E6FDB258E70DB268EC3
:108FC00071DB278E72DB288E73DB2B8E74DB2D8E8C
:108FD00075DB308E76DB328E77DB338E78DB348E4A
:108FE00079DB368E7ADB378E7BDB388E7CDB3B8E13
:108FF0007DDB3C8E7EDB3E8E80DB3F8E81DB438ED5
:1090000082DB458E83DB468E84DB4C8E85DB4D8E8A
:1090100086DB4E8E87DB4F8E88DB508E89DB538E4E
:109020008ADB548E8BDB558E8CDB568E8DDB578E18
:109030008EDB588E8FDB5A8E90DB5B8E91DB5C8EE5
:1090400092DB5D8E93DB5E8E94DB5F8E95DB608EB4
:1090500096DB618E97DB628E98DB638E99DB648E84
:109060009ADB658E9BDB678E9CDB688E9DDB6A8E50
:109070009EDB6B8E9FDB6E8EA0DB718EA1DBB890CA
:10908000A2DBB090A3DBCF90A4DBC590A5DBBE90A4
:10909000A6DBD090A7DBC490A8DBC790A9DBD39058
:1090A000AADBE690ABDBE290ACDBDC90ADDBD790EB
:1090B000AEDBDB90AFDBEB90B0DBEF90B1DBFE9093
:1090C000B2DB0491B3DB2291B4DB1E91B5DB2391BB
:1090D000B6DB3191B7DB2F91B8DB3991B9DB439126
:1090E000BADB4691BBDB0D52BCDB4259BDDBA25261
:1090F000BEDBAC52BFDBAD52C0DBBE52C1DBFF54A6
:10910000C2DBD052C3DBD652C4DBF052C5DBDF5327
:10911000C6DBEE71C7DBCD77C8DBF45EC9DBF5518A
:10912000CADBFC51CBDB2F9BCCDBB653CDDB015F25
:10913000CEDB5A75CFDBEF5DD0DB4C57D1DBA957C7
:10914000D2DBA157D3DB7E58D4DBBC58D5DBC55866
:10915000D6DBD158D7DB2957D8DB2C57D9DB2A5798
:10916000DADB3357DBDB3957DCDB2E57DDDB2F5700
:10917000DEDB5C57DFDB3B57E0DB4257E1DB695767
:10918000E2DB8557E3DB6B57E4DB8657E5DB7C5797
:10919000E6DB7B57E7DB6857E8DB6D57E9DB7657A3
:1091A000EADB7357EBDBAD57ECDBA457EDDB8C57F9
:1091B000EEDBB257EFDBCF57F0DBA757F1DBB4574D
:1091C000F2DB9357F3DBA057F4DBD557F5DBD85729
:1091D000F6DBDA57F7DBD957F8DBD257F9DBB857AC
:1091E000FADBF457FBDBEF57FCDBF857FDDBE4570A
:1091F000FEDBDD5740DC738E41DC758E42DC778E02
:1092000043DC788E44DC798E45DC7A8E46DC7B8EBE
:1092100047DC7D8E48DC7E8E49DC808E4ADC828E87
:109220004BDC838E4CDC848E4DDC868E4EDC888E4F
:109230004FDC898E50DC8A8E51DC8B8E52DC8C8E1A
:1092400053DC8D8E54DC8E8E55DC918E56DC928EE6
:1092500057DC938E58DC958E59DC968E5ADC978EAF
:109260005BDC988E5CDC998E5DDC9A8E5EDC9B8E7E
:109270005FDC9D8E60DC9F8E61DCA08E62DCA18E47
:1092800063DCA28E64DCA38E65DCA48E66DCA58E16
:1092900067DCA68E68DCA78E69DCA88E6ADCA98EE6
:1092A0006BDCAA8E6CDCAD8E6DDCAE8E6EDCB08EAF
:1092B0006FDCB18E70DCB38E71DCB48E72DCB58E77
:1092C00073DCB68E74DCB78E75DCB88E76DCB98E46
:1092D00077DCBB8E78DCBC8E79DCBD8E7ADCBE8E12
:1092E0007BDCBF8E7CDCC08E7DDCC18E7EDCC28EE2
:1092F00080DCC38E81DCC48E82DCC58E83DCC68EAE
:1093000084DCC78E85DCC88E86DCC98E87DCCA8E7D
:1093100088DCCB8E89DCCC8E8ADCCD8E8BDCCF8E4C
:109320008CDCD08E8DDCD18E8EDCD28E8FDCD38E19
:1093300090DCD48E91DCD58E92DCD68E93DCD78EE9
:1093400094DCD88E95DCD98E96DCDA8E97DCDB8EB9
:1093500098DCDC8E99DCDD8E9ADCDE8E9BDCDF8E89
:109360009CDCE08E9DDCE18E9EDCE28E9FDCE38E59
:10937000A0DCE48EA1DC0B58A2DC0D58A3DCFD5769
:10938000A4DCED57A5DC0058A6DC1E58A7DC195854
:10939000A8DC4458A9DC2058AADC6558ABDC6C5822
:1093A000ACDC8158ADDC8958AEDC9A58AFDC805813
:1093B000B0DCA899B1DC199FB2DCFF61B3DC798223
:1093C000B4DC7D82B5DC7F82B6DC8F82B7DC8A823A
:1093D000B8DCA882B9DC8482BADC8E82BBDC9182E4
:1093E000BCDC9782BDDC9982BEDCAB82BFDCB8827C
:1093F000C0DCBE82C1DCB082C2DCC882C3DCCA82EF
:10940000C4DCE382C5DC9882C6DCB782C7DCAE82EE
:10941000C8DCCB82C9DCCC82CADCC182CBDCA982AD
:10942000CCDCB482CDDCA182CEDCAA82CFDC9F82F0
:10943000D0DCC482D1DCCE82D2DCA482D3DCE18257
:10944000D4DC0983D5DCF782D6DCE482D7DC0F8359
:10945000D8DC0783D9DCDC82DADCF482DBDCD28284
:10946000DCDCD882DDDC0C83DEDCFB82DFDCD3825B
:10947000E0DC1183E1DC1A83E2DC0683E3DC1483A5
:10948000E4DC1583E5DCE082E6DCD582E7DC1C83E6
:10949000E8DC5183E9DC5B83EADC5C83EBDC08839A
:1094A000ECDC9283EDDC3C83EEDC3483EFDC318357
:1094B000F0DC9B83F1DC5E83F2DC2F83F3DC4F83F3
:1094C000F4DC4783F5DC4383F6DC5F83F7DC408321
:1094D000F8DC1783F9DC6083FADC2D83FBDC3A834C
:1094E000FCDC3383FDDC6683FEDC658340DDE58EDA
:1094F00041DDE68E42DDE78E43DDE88E44DDE98E18
:1095000045DDEA8E46DDEB8E47DDEC8E48DDED8EE7
:1095100049DDEE8E4ADDEF8E4BDDF08E4CDDF18EB7
:109520004DDDF28E4EDDF38E4FDDF48E50DDF58E87
:1095300051DDF68E52DDF78E53DDF88E54DDF98E57
:1095400055DDFA8E56DDFB8E57DDFC8E58DDFD8E27
:1095500059DDFE8E5ADDFF8E5BDD008F5CDD018FF5
:109560005DDD028F5EDD038F5FDD048F60DD058FC3
:1095700061DD068F62DD078F63DD088F64DD098F93
:1095800065DD0A8F66DD0B8F67DD0C8F68DD0D8F63
:1095900069DD0E8F6ADD0F8F6BDD108F6CDD118F33
:1095A0006DDD128F6EDD138F6FDD148F70DD158F03
:1095B00071DD168F72DD178F73DD188F74DD198FD3
:1095C00075DD1A8F76DD1B8F77DD1C8F78DD1D8FA3
:1095D00079DD1E8F7ADD1F8F7BDD208F7CDD218F73
:1095E0007DDD228F7EDD238F80DD248F81DD258F41
:1095F00082DD268F83DD278F84DD288F85DD298F0F
:1096000086DD2A8F87DD2B8F88DD2C8F89DD2D8FDE
:109610008ADD2E8F8BDD2F8F8CDD308F8DDD318FAE
:109620008EDD328F8FDD338F90DD348F91DD358F7E
:1096300092DD368F93DD378F94DD388F95DD398F4E
:1096400096DD3A8F97DD3B8F98DD3C8F99DD3D8F1E
:109650009ADD3E8F9BDD3F8F9CDD408F9DDD418FEE
:109660009EDD428F9FDD438FA0DD448FA1DD6883A7
:10967000A2DD1B83A3DD6983A4DD6C83A5DD6A8382
:10968000A6DD6D83A7DD6E83A8DDB083A9DD7883B9
:10969000AADDB383ABDDB483ACDDA083ADDDAA83EB
:1096A000AEDD9383AFDD9C83B0DD8583B1DD7C834C
:1096B000B2DDB683B3DDA983B4DD7D83B5DDB883C8
:1096C000B6DD7B83B7DD9883B8DD9E83B9DDA883E3
:1096D000BADDBA83BBDDBC83BCDDC183BDDD0184E3
:1096E000BEDDE583BFDDD883C0DD0758C1DD18844A
:1096F000C2DD0B84C3DDDD83C4DDFD83C5DDD68320
:10970000C6DD1C84C7DD3884C8DD1184C9DD06844C
:10971000CADDD483CBDDDF83CCDD0F84CDDD0384D4
:10972000CEDDF883CFDDF983D0DDEA83D1DDC583DB
:10973000D2DDC083D3DD2684D4DDF083D5DDE183A3
:10974000D6DD5C84D7DD5184D8DD5A84D9DD5984D7
:10975000DADD7384DBDD8784DCDD8884DDDD7A841B
:10976000DEDD8984DFDD7884E0DD3C84E1DD468474
:10977000E2DD6984E3DD7684E4DD8C84E5DD8E84DE
:10978000E6DD3184E7DD6D84E8DDC184E9DDCD848B
:10979000EADDD084EBDDE684ECDDBD84EDDDD38451
:1097A000EEDDCA84EFDDBF84F0DDBA84F1DDE08454
:1097B000F2DDA184F3DDB984F4DDB484F5DD9784B2
:1097C000F6DDE584F7DDE384F8DD0C85F9DD0D7564
:1097D000FADD3885FBDDF084FCDD3985FDDD1F8594
:1097E000FEDD3A8540DE458F41DE468F42DE478F03
:1097F00043DE488F44DE498F45DE4A8F46DE4B8F7D
:1098000047DE4C8F48DE4D8F49DE4E8F4ADE4F8F4C
:109810004BDE508F4CDE518F4DDE528F4EDE538F1C
:109820004FDE548F50DE558F51DE568F52DE578FEC
:1098300053DE588F54DE598F55DE5A8F56DE5B8FBC
:1098400057DE5C8F58DE5D8F59DE5E8F5ADE5F8F8C
:109850005BDE608F5CDE618F5DDE628F5EDE638F5C
:109860005FDE648F60DE658F61DE6A8F62DE808F0F
:1098700063DE8C8F64DE928F65DE9D8F66DEA08F47
:1098800067DEA18F68DEA28F69DEA48F6ADEA58FF6
:109890006BDEA68F6CDEA78F6DDEAA8F6EDEAC8FBF
:1098A0006FDEAD8F70DEAE8F71DEAF8F72DEB28F86
:1098B00073DEB38F74DEB48F75DEB58F76DEB78F4F
:1098C00077DEB88F78DEBA8F79DEBB8F7ADEBC8F19
:1098D0007BDEBF8F7CDEC08F7DDEC38F7EDEC68FDA
:1098E00080DEC98F81DECA8F82DECB8F83DECC8F94
:1098F00084DECD8F85DECF8F86DED28F87DED68F5A
:1099000088DED78F89DEDA8F8ADEE08F8BDEE18F0B
:109910008CDEE38F8DDEE78F8EDEEC8F8FDEEF8FB8
:1099200090DEF18F91DEF28F92DEF48F93DEF58F71
:1099300094DEF68F95DEFA8F96DEFB8F97DEFC8F36
:1099400098DEFE8F99DEFF8F9ADE07909BDE0890EF
:109950009CDE0C909DDE0E909EDE13909FDE159097
:10996000A0DE1890A1DE5685A2DE3B85A3DEFF8433
:10997000A4DEFC84A5DE5985A6DE4885A7DE6885C1
:10998000A8DE6485A9DE5E85AADE7A85ABDEA277D5
:10999000ACDE4385ADDE7285AEDE7B85AFDEA485B1
:1099A000B0DEA885B1DE8785B2DE8F85B3DE79852E
:1099B000B4DEAE85B5DE9C85B6DE8585B7DEB985BD
:1099C000B8DEB785B9DEB085BADED385BBDEC1852A
:1099D000BCDEDC85BDDEFF85BEDE2786BFDE0586FC
:1099E000C0DE2986C1DE1686C2DE3C86C3DEFE5E90
:1099F000C4DE085FC5DE3C59C6DE4159C7DE37808C
:109A0000C8DE5559C9DE5A59CADE5859CBDE0F5344
:109A1000CCDE225CCDDE255CCEDE2C5CCFDE345C81
:109A2000D0DE4C62D1DE6A62D2DE9F62D3DEBB62E0
:109A3000D4DECA62D5DEDA62D6DED762D7DEEE6267
:109A4000D8DE2263D9DEF662DADE3963DBDE4B6311
:109A5000DCDE4363DDDEAD63DEDEF663DFDE716335
:109A6000E0DE7A63E1DE8E63E2DEB463E3DE6D6343
:109A7000E4DEAC63E5DE8A63E6DE6963E7DEAE63FF
:109A8000E8DEBC63E9DEF263EADEF863EBDEE063A6
:109A9000ECDEFF63EDDEC463EEDEDE63EFDECE639D
:109AA000F0DE5264F1DEC663F2DEBE63F3DE4564CF
:109AB000F4DE4164F5DE0B64F6DE1B64F7DE206441
:109AC000F8DE0C64F9DE2664FADE2164FBDE5E64F7
:109AD000FCDE8464FDDE6D64FEDE966440DF19907A
:109AE00041DF1C9042DF239043DF249044DF259028
:109AF00045DF279046DF289047DF299048DF2A90EE
:109B000049DF2B904ADF2C904BDF30904CDF3190B7
:109B10004DDF32904EDF33904FDF349050DF37907F
:109B200051DF399052DF3A9053DF3D9054DF3F9040
:109B300055DF409056DF439057DF459058DF469001
:109B400059DF48905ADF49905BDF4A905CDF4B90C9
:109B50005DDF4C905EDF4E905FDF549060DF55908C
:109B600061DF569062DF599063DF5A9064DF5C904A
:109B700065DF5D9066DF5E9067DF5F9068DF609015
:109B800069DF61906ADF64906BDF66906CDF6790DD
:109B90006DDF69906EDF6A906FDF6B9070DF6C90A5
:109BA00071DF6F9072DF709073DF719074DF72906D
:109BB00075DF739076DF769077DF779078DF789037
:109BC00079DF79907ADF7A907BDF7B907CDF7C9005
:109BD0007DDF7E907EDF819080DF849081DF8590C5
:109BE00082DF869083DF879084DF899085DF8A908B
:109BF00086DF8C9087DF8D9088DF8E9089DF8F9055
:109C00008ADF90908BDF92908CDF94908DDF96901E
:109C10008EDF98908FDF9A9090DF9C9091DF9E90DE
:109C200092DF9F9093DFA09094DFA49095DFA590A2
:109C300096DFA79097DFA89098DFA99099DFAB9067
:109C40009ADFAD909BDFB2909CDFB7909DDFBC9018
:109C50009EDFBD909FDFBF90A0DFC090A1DF7A6440
:109C6000A2DFB764A3DFB864A4DF9964A5DFBA6498
:109C7000A6DFC064A7DFD064A8DFD764A9DFE464EF
:109C8000AADFE264ABDF0965ACDF2565ADDF2E65D9
:109C9000AEDF0B5FAFDFD25FB0DF1975B1DF115FF1
:109CA000B2DF5F53B3DFF153B4DFFD53B5DFE953E8
:109CB000B6DFE853B7DFFB53B8DF1254B9DF1654F1
:109CC000BADF0654BBDF4B54BCDF5254BDDF5354E4
:109CD000BEDF5454BFDF5654C0DF4354C1DF2154AC
:109CE000C2DF5754C3DF5954C4DF2354C5DF325495
:109CF000C6DF8254C7DF9454C8DF7754C9DF71547C
:109D0000CADF6454CBDF9A54CCDF9B54CDDF84543C
:109D1000CEDF7654CFDF6654D0DF9D54D1DFD054F0
:109D2000D2DFAD54D3DFC254D4DFB454D5DFD25424
:109D3000D6DFA754D7DFA654D8DFD354D9DFD45405
:109D4000DADF7254DBDFA354DCDFD554DDDFBB5434
:109D5000DEDFBF54DFDFCC54E0DFD954E1DFDA547B
:109D6000E2DFDC54E3DFA954E4DFAA54E5DFA454C6
:109D7000E6DFDD54E7DFCF54E8DFDE54E9DF1B55D3
:109D8000EADFE754EBDF2055ECDFFD54EDDF14553F
:109D9000EEDFF354EFDF2255F0DF2355F1DF0F55EF
:109DA000F2DF1155F3DF2755F4DF2A55F5DF67554C
:109DB000F6DF8F55F7DFB555F8DF4955F9DF6D55FB
:109DC000FADF4155FBDF5555FCDF3F55FDDF5055B0
:109DD000FEDF3C5540E0C29041E0C39042E0C690B7
:109DE00043E0C89044E0C99045E0CB9046E0CC9079
:109DF00047E0CD9048E0D29049E0D4904AE0D59039
:109E00004BE0D6904CE0D8904DE0D9904EE0DA90FF
:109E10004FE0DE9050E0DF9051E0E09052E0E390C0
:109E200053E0E49054E0E59055E0E99056E0EA9084
:109E300057E0EC9058E0EE9059E0F0905AE0F19045
:109E40005BE0F2905CE0F3905DE0F5905EE0F69010
:109E50005FE0F79060E0F99061E0FA9062E0FB90DB
:109E600063E0FC9064E0FF9065E0009166E00191A2
:109E700067E0039168E0059169E006916AE0079167
:109E80006BE008916CE009916DE00A916EE00B9136
:109E90006FE00C9170E00D9171E00E9172E00F9106
:109EA00073E0109174E0119175E0129176E01391D6
:109EB00077E0149178E0159179E016917AE01791A6
:109EC0007BE018917CE01A917DE01B917EE01C9173
:109ED00080E01D9181E01F9182E0209183E021913B
:109EE00084E0249185E0259186E0269187E0279102
:109EF00088E0289189E029918AE02A918BE02B91D2
:109F00008CE02C918DE02D918EE02E918FE03091A0
:109F100090E0329191E0339192E0349193E0359169
:109F200094E0369195E0379196E0389197E03A9138
:109F300098E03B9199E03C919AE03D919BE03E9105
:109F40009CE03F919DE040919EE041919FE04291D5
:109F5000A0E04491A1E03755A2E05655A3E0755525
:109F6000A4E07655A5E07755A6E03355A7E0305537
:109F7000A8E05C55A9E08B55AAE0D255ABE083552B
:109F8000ACE0B155ADE0B955AEE08855AFE08155D4
:109F9000B0E09F55B1E07E55B2E0D655B3E09155A3
:109FA000B4E07B55B5E0DF55B6E0BD55B7E0BE5532
:109FB000B8E09455B9E09955BAE0EA55BBE0F755D9
:109FC000BCE0C955BDE01F56BEE0D155BFE0EB5522
:109FD000C0E0EC55C1E0D455C2E0E655C3E0DD5524
:109FE000C4E0C455C5E0EF55C6E0E555C7E0F255FD
:109FF000C8E0F355C9E0CC55CAE0CD55CBE0E855F3
:10A00000CCE0F555CDE0E455CEE0948FCFE01E5680
:10A01000D0E00856D1E00C56D2E00156D3E02456E9
:10A02000D4E02356D5E0FE55D6E00056D7E02756BB
:10A03000D8E02D56D9E05856DAE03956DBE05756CD
:10A04000DCE02C56DDE04D56DEE06256DFE059568E
:10A05000E0E05C56E1E04C56E2E05456E3E0865620
:10A06000E4E06456E5E07156E6E06B56E7E07B56C7
:10A07000E8E07C56E9E08556EAE09356EBE0AF561F
:10A08000ECE0D456EDE0D756EEE0DD56EFE0E156D9
:10A09000F0E0F556F1E0EB56F2E0F956F3E0FF564A
:10A0A000F4E00457F5E00A57F6E00957F7E01C57CB
:10A0B000F8E00F5EF9E0195EFAE0145EFBE0115E75
:10A0C000FCE0315EFDE03B5EFEE03C5E40E1459140
:10A0D00041E1479142E1489143E1519144E153917B
:10A0E00045E1549146E1559147E1569148E1589137
:10A0F00049E159914AE15B914BE15C914CE15F91FF
:10A100004DE160914EE166914FE1679150E16891B8
:10A1100051E16B9152E16D9153E1739154E17A9168
:10A1200055E17B9156E17C9157E1809158E1819115
:10A1300059E182915AE183915BE184915CE18691DE
:10A140005DE188915EE18A915FE18E9160E18F919E
:10A1500061E1939162E1949163E1959164E196915B
:10A1600065E1979166E1989167E1999168E19C9129
:10A1700069E19D916AE19E916BE19F916CE1A091F3
:10A180006DE1A1916EE1A4916FE1A59170E1A691BD
:10A1900071E1A79172E1A89173E1A99174E1AB918A
:10A1A00075E1AC9176E1B09177E1B19178E1B2914E
:10A1B00079E1B3917AE1B6917BE1B7917CE1B89115
:10A1C0007DE1B9917EE1BB9180E1BC9181E1BD91DE
:10A1D00082E1BE9183E1BF9184E1C09185E1C191AB
:10A1E00086E1C29187E1C39188E1C49189E1C5917B
:10A1F0008AE1C6918BE1C8918CE1CB918DE1D09140
:10A200008EE1D2918FE1D39190E1D49191E1D591FA
:10A2100092E1D69193E1D79194E1D89195E1D991CA
:10A2200096E1DA9197E1DB9198E1DD9199E1DE9198
:10A230009AE1DF919BE1E0919CE1E1919DE1E29166
:10A240009EE1E3919FE1E491A0E1E591A1E1375E18
:10A25000A2E1445EA3E1545EA4E15B5EA5E15E5E23
:10A26000A6E1615EA7E18C5CA8E17A5CA9E18D5C66
:10A27000AAE1905CABE1965CACE1885CADE1985CF6
:10A28000AEE1995CAFE1915CB0E19A5CB1E19C5CBC
:10A29000B2E1B55CB3E1A25CB4E1BD5CB5E1AC5C3C
:10A2A000B6E1AB5CB7E1B15CB8E1A35CB9E1C15C1C
:10A2B000BAE1B75CBBE1C45CBCE1D25CBDE1E45C8B
:10A2C000BEE1CB5CBFE1E55CC0E1025DC1E1035DE5
:10A2D000C2E1275DC3E1265DC4E12E5DC5E1245DD9
:10A2E000C6E11E5DC7E1065DC8E11B5DC9E1585DC1
:10A2F000CAE13E5DCBE1345DCCE13D5DCDE16C5D1D
:10A30000CEE15B5DCFE16F5DD0E15D5DD1E16B5D85
:10A31000D2E14B5DD3E14A5DD4E1695DD5E1745D85
:10A32000D6E1825DD7E1995DD8E19D5DD9E1738C7D
:10A33000DAE1B75DDBE1C55DDCE1735FDDE1775F4D
:10A34000DEE1825FDFE1875FE0E1895FE1E18C5F71
:10A35000E2E1955FE3E1995FE4E19C5FE5E1A85FFD
:10A36000E6E1AD5FE7E1B55FE8E1BC5FE9E16288A6
:10A37000EAE1615FEBE1AD72ECE1B072EDE1B47284
:10A38000EEE1B772EFE1B872F0E1C372F1E1C172D0
:10A39000F2E1CE72F3E1CD72F4E1D272F5E1E8724E
:10A3A000F6E1EF72F7E1E972F8E1F272F9E1F472C5
:10A3B000FAE1F772FBE10173FCE1F372FDE1037373
:10A3C000FEE1FA7240E2E69141E2E79142E2E89171
:10A3D00043E2E99144E2EA9145E2EB9146E2EC91F5
:10A3E00047E2ED9148E2EE9149E2EF914AE2F091C5
:10A3F0004BE2F1914CE2F2914DE2F3914EE2F49195
:10A400004FE2F59150E2F69151E2F79152E2F89164
:10A4100053E2F99154E2FA9155E2FB9156E2FC9134
:10A4200057E2FD9158E2FE9159E2FF915AE2009203
:10A430005BE201925CE202925DE203925EE20492D0
:10A440005FE2059260E2069261E2079262E20892A0
:10A4500063E2099264E20A9265E20B9266E20C9270
:10A4600067E20D9268E20E9269E20F926AE2109240
:10A470006BE211926CE212926DE213926EE2149210
:10A480006FE2159270E2169271E2179272E21892E0
:10A4900073E2199274E21A9275E21B9276E21C92B0
:10A4A00077E21D9278E21E9279E21F927AE2209280
:10A4B0007BE221927CE222927DE223927EE2249250
:10A4C00080E2259281E2269282E2279283E228921C
:10A4D00084E2299285E22A9286E22B9287E22C92EC
:10A4E00088E22D9289E22E928AE22F928BE23092BC
:10A4F0008CE231928DE232928EE233928FE234928C
:10A5000090E2359291E2369292E2379293E238925B
:10A5100094E2399295E23A9296E23B9297E23C922B
:10A5200098E23D9299E23E929AE23F929BE24092FB
:10A530009CE241929DE242929EE243929FE24492CB
:10A54000A0E24592A1E2FB72A2E21773A3E21373A9
:10A55000A4E22173A5E20A73A6E21E73A7E21D73AB
:10A56000A8E21573A9E22273AAE23973ABE225735C
:10A57000ACE22C73ADE23873AEE23173AFE25073EC
:10A58000B0E24D73B1E25773B2E26073B3E26C7341
:10A59000B4E26F73B5E27E73B6E21B82B7E225596F
:10A5A000B8E2E798B9E22459BAE20259BBE26399EA
:10A5B000BCE26799BDE26899BEE26999BFE26A9917
:10A5C000C0E26B99C1E26C99C2E27499C3E27799D7
:10A5D000C4E27D99C5E28099C6E28499C7E2879971
:10A5E000C8E28A99C9E28D99CAE29099CBE2919921
:10A5F000CCE29399CDE29499CEE29599CFE2805E38
:10A60000D0E2915ED1E28B5ED2E2965ED3E2A55EAD
:10A61000D4E2A05ED5E2B95ED6E2B55ED7E2BE5E18
:10A62000D8E2B35ED9E2538DDAE2D25EDBE2D15EEC
:10A63000DCE2DB5EDDE2E85EDEE2EA5EDFE2BA811A
:10A64000E0E2C45FE1E2C95FE2E2D65FE3E2CF5F4E
:10A65000E4E20360E5E2EE5FE6E20460E7E2E15F88
:10A66000E8E2E45FE9E2FE5FEAE20560EBE2066051
:10A67000ECE2EA5FEDE2ED5FEEE2F85FEFE2196037
:10A68000F0E23560F1E22660F2E21B60F3E20F6077
:10A69000F4E20D60F5E22960F6E22B60F7E20A6071
:10A6A000F8E23F60F9E22160FAE27860FBE279606B
:10A6B000FCE27B60FDE27A60FEE2426040E34692AB
:10A6C00041E3479242E3489243E3499244E34A928A
:10A6D00045E34B9246E34C9247E34D9248E34E925A
:10A6E00049E34F924AE350924BE351924CE352922A
:10A6F0004DE353924EE354924FE3559250E35692FA
:10A7000051E3579252E3589253E3599254E35A92C9
:10A7100055E35B9256E35C9257E35D9258E35E9299
:10A7200059E35F925AE360925BE361925CE3629269
:10A730005DE363925EE364925FE3659260E3669239
:10A7400061E3679262E3689263E3699264E36A9209
:10A7500065E36B9266E36C9267E36D9268E36E92D9
:10A7600069E36F926AE370926BE371926CE37292A9
:10A770006DE373926EE375926FE3769270E3779276
:10A7800071E3789272E3799273E37A9274E37B9245
:10A7900075E37C9276E37D9277E37E9278E37F9215
:10A7A00079E380927AE381927BE382927CE38392E5
:10A7B0007DE384927EE3859280E3869281E38792B3
:10A7C00082E3889283E3899284E38A9285E38B9281
:10A7D00086E38C9287E38D9288E38F9289E390924F
:10A7E0008AE391928BE392928CE393928DE394921D
:10A7F0008EE395928FE3969290E3979291E39892ED
:10A8000092E3999293E39A9294E39B9295E39C92BC
:10A8100096E39D9297E39E9298E39F9299E3A0928C
:10A820009AE3A1929BE3A2929CE3A3929DE3A4925C
:10A830009EE3A5929FE3A692A0E3A792A1E36A609C
:10A84000A2E37D60A3E39660A4E39A60A5E3AD6014
:10A85000A6E39D60A7E38360A8E39260A9E38C6010
:10A86000AAE39B60ABE3EC60ACE3BB60ADE3B1603B
:10A87000AEE3DD60AFE3D860B0E3C660B1E3DA60B9
:10A88000B2E3B460B3E32061B4E32661B5E31561DC
:10A89000B6E32361B7E3F460B8E30061B9E30E61A6
:10A8A000BAE32B61BBE34A61BCE37561BDE3AC6114
:10A8B000BEE39461BFE3A761C0E3B761C1E3D461C4
:10A8C000C2E3F561C3E3DD5FC4E3B396C5E3E99595
:10A8D000C6E3EB95C7E3F195C8E3F395C9E3F595B6
:10A8E000CAE3F695CBE3FC95CCE3FE95CDE3039666
:10A8F000CEE30496CFE30696D0E30896D1E30A961A
:10A90000D2E30B96D3E30C96D4E30D96D5E30F96E2
:10A91000D6E31296D7E31596D8E31696D9E31796A1
:10A92000DAE31996DBE31A96DCE32C4EDDE33F72A3
:10A93000DEE31562DFE3356CE0E3546CE1E35C6C6D
:10A94000E2E34A6CE3E3A36CE4E3856CE5E3906C3B
:10A95000E6E3946CE7E38C6CE8E3686CE9E3696C2C
:10A96000EAE3746CEBE3766CECE3866CEDE3A96CE4
:10A97000EEE3D06CEFE3D46CF0E3AD6CF1E3F76C95
:10A98000F2E3F86CF3E3F16CF4E3D76CF5E3B26C4B
:10A99000F6E3E06CF7E3D66CF8E3FA6CF9E3EB6C02
:10A9A000FAE3EE6CFBE3B16CFCE3D36CFDE3EF6C1C
:10A9B000FEE3FE6C40E4A89241E4A99242E4AA922C
:10A9C00043E4AB9244E4AC9245E4AD9246E4AF92EA
:10A9D00047E4B09248E4B19249E4B2924AE4B392B7
:10A9E0004BE4B4924CE4B5924DE4B6924EE4B79287
:10A9F0004FE4B89250E4B99251E4BA9252E4BB9257
:10AA000053E4BC9254E4BD9255E4BE9256E4BF9226
:10AA100057E4C09258E4C19259E4C2925AE4C392F6
:10AA20005BE4C4925CE4C5925DE4C6925EE4C792C6
:10AA30005FE4C99260E4CA9261E4CB9262E4CC9292
:10AA400063E4CD9264E4CE9265E4CF9266E4D09262
:10AA500067E4D19268E4D29269E4D3926AE4D49232
:10AA60006BE4D5926CE4D6926DE4D7926EE4D89202
:10AA70006FE4D99270E4DA9271E4DB9272E4DC92D2
:10AA800073E4DD9274E4DE9275E4DF9276E4E092A2
:10AA900077E4E19278E4E29279E4E3927AE4E49272
:10AAA0007BE4E5927CE4E6927DE4E7927EE4E89242
:10AAB00080E4E99281E4EA9282E4EB9283E4EC920E
:10AAC00084E4ED9285E4EE9286E4EF9287E4F092DE
:10AAD00088E4F19289E4F2928AE4F3928BE4F492AE
:10AAE0008CE4F5928DE4F6928EE4F7928FE4F8927E
:10AAF00090E4F99291E4FA9292E4FB9293E4FC924E
:10AB000094E4FD9295E4FE9296E4FF9297E400931C
:10AB100098E4019399E402939AE403939BE40493E9
:10AB20009CE405939DE406939EE407939FE40893B9
:10AB3000A0E40993A1E4396DA2E4276DA3E40C6DB0
:10AB4000A4E4436DA5E4486DA6E4076DA7E4046D95
:10AB5000A8E4196DA9E40E6DAAE42B6DABE44D6D6C
:10AB6000ACE42E6DADE4356DAEE41A6DAFE44F6D1F
:10AB7000B0E4526DB1E4546DB2E4336DB3E4916D61
:10AB8000B4E46F6DB5E49E6DB6E4A06DB7E45E6DA0
:10AB9000B8E4936DB9E4946DBAE45C6DBBE4606DA8
:10ABA000BCE47C6DBDE4636DBEE41A6EBFE4C76DAA
:10ABB000C0E4C56DC1E4DE6DC2E40E6EC3E4BF6DDA
:10ABC000C4E4E06DC5E4116EC6E4E66DC7E4DD6D76
:10ABD000C8E4D96DC9E4166ECAE4AB6DCBE40C6E63
:10ABE000CCE4AE6DCDE42B6ECEE46E6ECFE44E6E53
:10ABF000D0E46B6ED1E4B26ED2E45F6ED3E4866EC5
:10AC0000D4E4536ED5E4546ED6E4326ED7E4256EA8
:10AC1000D8E4446ED9E4DF6EDAE4B16EDBE4986E1A
:10AC2000DCE4E06EDDE42D6FDEE4E26EDFE4A56ED1
:10AC3000E0E4A76EE1E4BD6EE2E4BB6EE3E4B76E70
:10AC4000E4E4D76EE5E4B46EE6E4CF6EE7E48F6E3D
:10AC5000E8E4C26EE9E49F6EEAE4626FEBE4466FFB
:10AC6000ECE4476FEDE4246FEEE4156FEFE4F96E6A
:10AC7000F0E42F6FF1E4366FF2E44B6FF3E4746F9E
:10AC8000F4E42A6FF5E4096FF6E4296FF7E4896FBD
:10AC9000F8E48D6FF9E48C6FFAE4786FFBE4726F7F
:10ACA000FCE47C6FFDE47A6FFEE4D16F40E50A932B
:10ACB00041E50B9342E50C9343E50D9344E50E9378
:10ACC00045E50F9346E5109347E5119348E5129348
:10ACD00049E513934AE514934BE515934CE5169318
:10ACE0004DE517934EE518934FE5199350E51A93E8
:10ACF00051E51B9352E51C9353E51D9354E51E93B8
:10AD000055E51F9356E5209357E5219358E5229387
:10AD100059E523935AE524935BE525935CE5269357
:10AD20005DE527935EE528935FE5299360E52A9327
:10AD300061E52B9362E52C9363E52D9364E52E93F7
:10AD400065E52F9366E5309367E5319368E53293C7
:10AD500069E533936AE534936BE535936CE5369397
:10AD60006DE537936EE538936FE5399370E53A9367
:10AD700071E53B9372E53C9373E53D9374E53F9336
:10AD800075E5409376E5419377E5429378E5439303
:10AD900079E544937AE545937BE546937CE54793D3
:10ADA0007DE548937EE5499380E54A9381E54B93A1
:10ADB00082E54C9383E54D9384E54E9385E54F936F
:10ADC00086E5509387E5519388E5529389E553933F
:10ADD0008AE554938BE555938CE556938DE557930F
:10ADE0008EE558938FE5599390E55A9391E55B93DF
:10ADF00092E55C9393E55D9394E55E9395E55F93AF
:10AE000096E5609397E5619398E5629399E563937E
:10AE10009AE564939BE565939CE566939DE567934E
:10AE20009EE568939FE56993A0E56B93A1E5C96FE3
:10AE3000A2E5A76FA3E5B96FA4E5B66FA5E5C26F5C
:10AE4000A6E5E16FA7E5EE6FA8E5DE6FA9E5E06F87
:10AE5000AAE5EF6FABE51A70ACE52370ADE51B70AA
:10AE6000AEE53970AFE53570B0E54F70B1E55E70B5
:10AE7000B2E5805BB3E5845BB4E5955BB5E5935BD8
:10AE8000B6E5A55BB7E5B85BB8E52F75B9E59E9A61
:10AE9000BAE53464BBE5E45BBCE5EE5BBDE5308957
:10AEA000BEE5F05BBFE5478EC0E5078BC1E5B68F19
:10AEB000C2E5D38FC3E5D58FC4E5E58FC5E5EE8F39
:10AEC000C6E5E48FC7E5E98FC8E5E68FC9E5F38FEE
:10AED000CAE5E88FCBE50590CCE50490CDE50B9075
:10AEE000CEE52690CFE51190D0E50D90D1E51690F6
:10AEF000D2E52190D3E53590D4E53690D5E52D9077
:10AF0000D6E52F90D7E54490D8E55190D9E55290F9
:10AF1000DAE55090DBE56890DCE55890DDE562907D
:10AF2000DEE55B90DFE5B966E0E57490E1E57D90F4
:10AF3000E2E58290E3E58890E4E58390E5E58B9097
:10AF4000E6E5505FE7E5575FE8E5565FE9E5585FFE
:10AF5000EAE53B5CEBE5AB54ECE5505CEDE5595CB8
:10AF6000EEE5715BEFE5635CF0E5665CF1E5BC7F07
:10AF7000F2E52A5FF3E5295FF4E52D5FF5E57482DC
:10AF8000F6E53C5FF7E53B9BF8E56E5CF9E581593A
:10AF9000FAE58359FBE58D59FCE5A959FDE5AA5968
:10AFA000FEE5A35940E66C9341E66D9342E66E934D
:10AFB00043E66F9344E6709345E6719346E67293D9
:10AFC00047E6739348E6749349E675934AE67693A9
:10AFD0004BE677934CE678934DE679934EE67A9379
:10AFE0004FE67B9350E67C9351E67D9352E67E9349
:10AFF00053E67F9354E6809355E6819356E6829319
:10B0000057E6839358E6849359E685935AE68693E8
:10B010005BE687935CE688935DE689935EE68A93B8
:10B020005FE68B9360E68C9361E68D9362E68E9388
:10B0300063E6909364E6919365E6929366E6939354
:10B0400067E6949368E6959369E696936AE6979324
:10B050006BE698936CE699936DE69A936EE69B93F4
:10B060006FE69C9370E69D9371E69E9372E69F93C4
:10B0700073E6A09374E6A19375E6A29376E6A39394
:10B0800077E6A49378E6A59379E6A6937AE6A79364
:10B090007BE6A8937CE6A9937DE6AA937EE6AB9334
:10B0A00080E6AC9381E6AD9382E6AE9383E6AF9300
:10B0B00084E6B09385E6B19386E6B29387E6B393D0
:10B0C00088E6B49389E6B5938AE6B6938BE6B793A0
:10B0D0008CE6B8938DE6B9938EE6BA938FE6BB9370
:10B0E00090E6BC9391E6BD9392E6BE9393E6BF9340
:10B0F00094E6C09395E6C19396E6C29397E6C39310
:10B1000098E6C49399E6C5939AE6C6939BE6C793DF
:10B110009CE6C8939DE6C9939EE6CB939FE6CC93AD
:10B12000A0E6CD93A1E69759A2E6CA59A3E6AB598A
:10B13000A4E69E59A5E6A459A6E6D259A7E6B259B7
:10B14000A8E6AF59A9E6D759AAE6BE59ABE6055A13
:10B15000ACE6065AADE6DD59AEE6085AAFE6E3596D
:10B16000B0E6D859B1E6F959B2E60C5AB3E6095A35
:10B17000B4E6325AB5E6345AB6E6115AB7E6235A5F
:10B18000B8E6135AB9E6405ABAE6675ABBE64A5AD5
:10B19000BCE6555ABDE63C5ABEE6625ABFE6755A51
:10B1A000C0E6EC80C1E6AA5AC2E69B5AC3E6775ACB
:10B1B000C4E67A5AC5E6BE5AC6E6EB5AC7E6B25AA4
:10B1C000C8E6D25AC9E6D45ACAE6B85ACBE6E05A1B
:10B1D000CCE6E35ACDE6F15ACEE6D65ACFE6E65AA9
:10B1E000D0E6D85AD1E6DC5AD2E6095BD3E6175B43
:10B1F000D4E6165BD5E6325BD6E6375BD7E6405B36
:10B20000D8E6155CD9E61C5CDAE65A5BDBE6655BE2
:10B21000DCE6735BDDE6515BDEE6535BDFE6625B3B
:10B22000E0E6759AE1E6779AE2E6789AE3E67A9ABA
:10B23000E4E67F9AE5E67D9AE6E6809AE7E6819A7B
:10B24000E8E6859AE9E6889AEAE68A9AEBE6909A31
:10B25000ECE6929AEDE6939AEEE6969AEFE6989AE5
:10B26000F0E69B9AF1E69C9AF2E69D9AF3E69F9AA5
:10B27000F4E6A09AF5E6A29AF6E6A39AF7E6A59A6E
:10B28000F8E6A79AF9E69F7EFAE6A17EFBE6A37EA2
:10B29000FCE6A57EFDE6A87EFEE6A97E40E7CE930D
:10B2A00041E7CF9342E7D09343E7D19344E7D2936A
:10B2B00045E7D39346E7D49347E7D59348E7D79339
:10B2C00049E7D8934AE7D9934BE7DA934CE7DB9306
:10B2D0004DE7DC934EE7DD934FE7DE9350E7DF93D6
:10B2E00051E7E09352E7E19353E7E29354E7E393A6
:10B2F00055E7E49356E7E59357E7E69358E7E79376
:10B3000059E7E8935AE7E9935BE7EA935CE7EB9345
:10B310005DE7EC935EE7ED935FE7EE9360E7EF9315
:10B3200061E7F09362E7F19363E7F29364E7F393E5
:10B3300065E7F49366E7F59367E7F69368E7F793B5
:10B3400069E7F8936AE7F9936BE7FA936CE7FB9385
:10B350006DE7FC936EE7FD936FE7FE9370E7FF9355
:10B3600071E7009472E7019473E7029474E7039421
:10B3700075E7049476E7059477E7069478E70794F1
:10B3800079E708947AE709947BE70A947CE70B94C1
:10B390007DE70C947EE70D9480E70E9481E70F948F
:10B3A00082E7109483E7119484E7129485E713945D
:10B3B00086E7149487E7159488E7169489E717942D
:10B3C0008AE718948BE719948CE71A948DE71B94FD
:10B3D0008EE71C948FE71D9490E71E9491E71F94CD
:10B3E00092E7209493E7219494E7229495E723949D
:10B3F00096E7249497E7259498E7269499E727946D
:10B400009AE728949BE729949CE72A949DE72B943C
:10B410009EE72C949FE72D94A0E72E94A1E7AD7EA4
:10B42000A2E7B07EA3E7BE7EA4E7C07EA5E7C17E0B
:10B43000A6E7C27EA7E7C97EA8E7CB7EA9E7CC7EB8
:10B44000AAE7D07EABE7D47EACE7D77EADE7DB7E64
:10B45000AEE7E07EAFE7E17EB0E7E87EB1E7EB7E06
:10B46000B2E7EE7EB3E7EF7EB4E7F17EB5E7F27EBA
:10B47000B6E70D7FB7E7F67EB8E7FA7EB9E7FB7E61
:10B48000BAE7FE7EBBE7017FBCE7027FBDE7037F33
:10B49000BEE7077FBFE7087FC0E70B7FC1E70C7FF0
:10B4A000C2E70F7FC3E7117FC4E7127FC5E7177FAD
:10B4B000C6E7197FC7E71C7FC8E71B7FC9E71F7F67
:10B4C000CAE7217FCBE7227FCCE7237FCDE7247F2C
:10B4D000CEE7257FCFE7267FD0E7277FD1E72A7FFA
:10B4E000D2E72B7FD3E72C7FD4E72D7FD5E72F7FC3
:10B4F000D6E7307FD7E7317FD8E7327FD9E7337F90
:10B50000DAE7357FDBE77A5EDCE77F75DDE7DB5D79
:10B51000DEE73E75DFE79590E0E78E73E1E7917334
:10B52000E2E7AE73E3E7A273E4E79F73E5E7CF7367
:10B53000E6E7C273E7E7D173E8E7B773E9E7B37308
:10B54000EAE7C073EBE7C973ECE7C873EDE7E573AF
:10B55000EEE7D973EFE77C98F0E70A74F1E7E97357
:10B56000F2E7E773F3E7DE73F4E7BA73F5E7F27334
:10B57000F6E70F74F7E72A74F8E75B74F9E72674C7
:10B58000FAE72574FBE72874FCE73074FDE72E74B6
:10B59000FEE72C7440E82F9441E8309442E831945F
:10B5A00043E8329444E8339445E8349446E83594CB
:10B5B00047E8369448E8379449E838944AE839949B
:10B5C0004BE83A944CE83B944DE83C944EE83D946B
:10B5D0004FE83F9450E8409451E8419452E8429437
:10B5E00053E8439454E8449455E8459456E8469407
:10B5F00057E8479458E8489459E849945AE84A94D7
:10B600005BE84B945CE84C945DE84D945EE84E94A6
:10B610005FE84F9460E8509461E8519462E8529476
:10B6200063E8539464E8549465E8559466E8569446
:10B6300067E8579468E8589469E859946AE85A9416
:10B640006BE85B946CE85C946DE85D946EE85E94E6
:10B650006FE85F9470E8609471E8619472E86294B6
:10B6600073E8639474E8649475E8659476E8669486
:10B6700077E8679478E8689479E869947AE86A9456
:10B680007BE86C947CE86D947DE86E947EE86F9422
:10B6900080E8709481E8719482E8729483E87394EE
:10B6A00084E8749485E8759486E8769487E87794BE
:10B6B00088E8789489E879948AE87A948BE87B948E
:10B6C0008CE87C948DE87D948EE87E948FE87F945E
:10B6D00090E8809491E8819492E8829493E883942E
:10B6E00094E8849495E8919496E8969497E89894D1
:10B6F00098E8C79499E8CF949AE8D3949BE8D494B7
:10B700009CE8DA949DE8E6949EE8FB949FE81C95FB
:10B71000A0E82095A1E81B74A2E81A74A3E841747C
:10B72000A4E85C74A5E85774A6E85574A7E85974B2
:10B73000A8E87774A9E86D74AAE87E74ABE89C74F5
:10B74000ACE88E74ADE88074AEE88174AFE88774BD
:10B75000B0E88B74B1E89E74B2E8A874B3E8A97439
:10B76000B4E89074B5E8A774B6E8D274B7E8BA74D0
:10B77000B8E8EA97B9E8EB97BAE8EC97BBE84C670A
:10B78000BCE85367BDE85E67BEE84867BFE8696725
:10B79000C0E8A567C1E88767C2E86A67C3E873675E
:10B7A000C4E89867C5E8A767C6E87567C7E8A867EB
:10B7B000C8E89E67C9E8AD67CAE88B67CBE87767DA
:10B7C000CCE87C67CDE8F067CEE80968CFE8D867B9
:10B7D000D0E80A68D1E8E967D2E8B067D3E80C6836
:10B7E000D4E8D967D5E8B567D6E8DA67D7E8B367AC
:10B7F000D8E8DD67D9E80068DAE8C367DBE8B8674E
:10B80000DCE8E267DDE80E68DEE8C167DFE8FD67D7
:10B81000E0E83268E1E83368E2E86068E3E861683C
:10B82000E4E84E68E5E86268E6E84468E7E86468EA
:10B83000E8E88368E9E81D68EAE85568EBE86668C7
:10B84000ECE84168EDE86768EEE84068EFE83E68DC
:10B85000F0E84A68F1E84968F2E82968F3E8B56871
:10B86000F4E88F68F5E87468F6E87768F7E89368B5
:10B87000F8E86B68F9E8C268FAE86E69FBE8FC680A
:10B88000FCE81F69FDE82069FEE8F96840E92795B2
:10B8900041E9339542E93D9543E9439544E94895AB
:10B8A00045E94B9546E9559547E95A9548E960952C
:10B8B00049E96E954AE974954BE975954CE9779598
:10B8C0004DE978954EE979954FE97A9550E97B9560
:10B8D00051E97C9552E97D9553E97E9554E980952F
:10B8E00055E9819556E9829557E9839558E98495FC
:10B8F00059E985955AE986955BE987955CE98895CC
:10B900005DE989955EE98A955FE98B9560E98C959B
:10B9100061E98D9562E98E9563E98F9564E990956B
:10B9200065E9919566E9929567E9939568E994953B
:10B9300069E995956AE996956BE997956CE998950B
:10B940006DE999956EE99A956FE99B9570E99C95DB
:10B9500071E99D9572E99E9573E99F9574E9A095AB
:10B9600075E9A19576E9A29577E9A39578E9A4957B
:10B9700079E9A5957AE9A6957BE9A7957CE9A8954B
:10B980007DE9A9957EE9AA9580E9AB9581E9AC9519
:10B9900082E9AD9583E9AE9584E9AF9585E9B095E7
:10B9A00086E9B19587E9B29588E9B39589E9B495B7
:10B9B0008AE9B5958BE9B6958CE9B7958DE9B89587
:10B9C0008EE9B9958FE9BA9590E9BB9591E9BC9557
:10B9D00092E9BD9593E9BE9594E9BF9595E9C09527
:10B9E00096E9C19597E9C29598E9C39599E9C495F7
:10B9F0009AE9C5959BE9C6959CE9C7959DE9C895C7
:10BA00009EE9C9959FE9CA95A0E9CB95A1E924696A
:10BA1000A2E9F068A3E90B69A4E90169A5E95769FE
:10BA2000A6E9E368A7E91069A8E97169A9E9396994
:10BA3000AAE96069ABE94269ACE95D69ADE984698D
:10BA4000AEE96B69AFE98069B0E99869B1E97869F5
:10BA5000B2E93469B3E9CC69B4E98769B5E98869C1
:10BA6000B6E9CE69B7E98969B8E96669B9E9636990
:10BA7000BAE97969BBE99B69BCE9A769BDE9BB691A
:10BA8000BEE9AB69BFE9AD69C0E9D469C1E9B16993
:10BA9000C2E9C169C3E9CA69C4E9DF69C5E9956951
:10BAA000C6E9E069C7E98D69C8E9FF69C9E92F6A94
:10BAB000CAE9ED69CBE9176ACCE9186ACDE9656A8C
:10BAC000CEE9F269CFE9446AD0E93E6AD1E9A06AD9
:10BAD000D2E9506AD3E95B6AD4E9356AD5E98E6A5E
:10BAE000D6E9796AD7E93D6AD8E9286AD9E9586A76
:10BAF000DAE97C6ADBE9916ADCE9906ADDE9A96A46
:10BB0000DEE9976ADFE9AB6AE0E93773E1E952738E
:10BB1000E2E9816BE3E9826BE4E9876BE5E9846B39
:10BB2000E6E9926BE7E9936BE8E98D6BE9E99A6BDB
:10BB3000EAE99B6BEBE9A16BECE9AA6BEDE96B8F92
:10BB4000EEE96D8FEFE9718FF0E9728FF1E9738F94
:10BB5000F2E9758FF3E9768FF4E9788FF5E9778F5D
:10BB6000F6E9798FF7E97A8FF8E97C8FF9E97E8F2A
:10BB7000FAE9818FFBE9828FFCE9848FFDE9878FE9
:10BB8000FEE98B8F40EACC9541EACD9542EACE950D
:10BB900043EACF9544EAD09545EAD19546EAD29555
:10BBA00047EAD39548EAD49549EAD5954AEAD69525
:10BBB0004BEAD7954CEAD8954DEAD9954EEADA95F5
:10BBC0004FEADB9550EADC9551EADD9552EADE95C5
:10BBD00053EADF9554EAE09555EAE19556EAE29595
:10BBE00057EAE39558EAE49559EAE5955AEAE69565
:10BBF0005BEAE7955CEAEC955DEAFF955EEA0796FD
:10BC00005FEA139660EA189661EA1B9662EA1E964E
:10BC100063EA209664EA239665EA249666EA259606
:10BC200067EA269668EA279669EA28966AEA2996D4
:10BC30006BEA2B966CEA2C966DEA2D966EEA2F969F
:10BC40006FEA309670EA379671EA389672EA39965A
:10BC500073EA3A9674EA3E9675EA419676EA439616
:10BC600077EA4A9678EA4E9679EA4F967AEA5196BA
:10BC70007BEA52967CEA53967DEA56967EEA579680
:10BC800080EA589681EA599682EA5A9683EA5C9647
:10BC900084EA5D9685EA5E9686EA609687EA639610
:10BCA00088EA659689EA66968AEA6B968BEA6D96CB
:10BCB0008CEA6E968DEA6F968EEA70968FEA719690
:10BCC00090EA739691EA789692EA799693EA7A9650
:10BCD00094EA7B9695EA7C9696EA7D9697EA7E961C
:10BCE00098EA7F9699EA80969AEA81969BEA8296EC
:10BCF0009CEA83969DEA84969EEA87969FEA8996B7
:10BD0000A0EA8A96A1EA8D8FA2EA8E8FA3EA8F8F8E
:10BD1000A4EA988FA5EA9A8FA6EACE8EA7EA0B62CC
:10BD2000A8EA1762A9EA1B62AAEA1F62ABEA2262CA
:10BD3000ACEA2162ADEA2562AEEA2462AFEA2C6287
:10BD4000B0EAE781B1EAEF74B2EAF474B3EAFF74DF
:10BD5000B4EA0F75B5EA1175B6EA1375B7EA34653A
:10BD6000B8EAEE65B9EAEF65BAEAF065BBEA0A66D9
:10BD7000BCEA1966BDEA7267BEEA0366BFEA1566E9
:10BD8000C0EA0066C1EA8570C2EAF766C3EA1D66CA
:10BD9000C4EA3466C5EA3166C6EA3666C7EA35667D
:10BDA000C8EA0680C9EA5F66CAEA5466CBEA416619
:10BDB000CCEA4F66CDEA5666CEEA6166CFEA5766B0
:10BDC000D0EA7766D1EA8466D2EA8C66D3EAA766BF
:10BDD000D4EA9D66D5EABE66D6EADB66D7EADC66BB
:10BDE000D8EAE666D9EAE966DAEA328DDBEA338D2B
:10BDF000DCEA368DDDEA3B8DDEEA3D8DDFEA408D03
:10BE0000E0EA458DE1EA468DE2EA488DE3EA498DB4
:10BE1000E4EA478DE5EA4D8DE6EA558DE7EA598D6E
:10BE2000E8EAC789E9EACA89EAEACB89EBEACC8978
:10BE3000ECEACE89EDEACF89EEEAD089EFEAD18942
:10BE4000F0EA6E72F1EA9F72F2EA5D72F3EA6672EC
:10BE5000F4EA6F72F5EA7E72F6EA7F72F7EA8472AC
:10BE6000F8EA8B72F9EA8D72FAEA8F72FBEA927243
:10BE7000FCEA0863FDEA3263FEEAB06340EB8C96AD
:10BE800041EB8E9642EB919643EB929644EB939660
:10BE900045EB959646EB969647EB9A9648EB9B9624
:10BEA00049EB9D964AEB9E964BEB9F964CEBA096EA
:10BEB0004DEBA1964EEBA2964FEBA39650EBA496BA
:10BEC00051EBA59652EBA69653EBA89654EBA99688
:10BED00055EBAA9656EBAB9657EBAC9658EBAD9656
:10BEE00059EBAE965AEBAF965BEBB1965CEBB29624
:10BEF0005DEBB4965EEBB5965FEBB79660EBB896EC
:10BF000061EBBA9662EBBB9663EBBF9664EBC296AD
:10BF100065EBC39666EBC89667EBCA9668EBCB9663
:10BF200069EBD0966AEBD1966BEBD3966CEBD4961B
:10BF30006DEBD6966EEBD7966FEBD89670EBD996E5
:10BF400071EBDA9672EBDB9673EBDC9674EBDD96B5
:10BF500075EBDE9676EBDF9677EBE19678EBE29683
:10BF600079EBE3967AEBE4967BEBE5967CEBE69651
:10BF70007DEBE7967EEBEB9680EBEC9681EBED9616
:10BF800082EBEE9683EBF09684EBF19685EBF296DE
:10BF900086EBF49687EBF59688EBF89689EBFA96A4
:10BFA0008AEBFB968BEBFC968CEBFD968DEBFF966C
:10BFB0008EEB02978FEB039790EB059791EB0A9727
:10BFC00092EB0B9793EB0C9794EB109795EB1197E3
:10BFD00096EB129797EB149798EB159799EB1797A9
:10BFE0009AEB18979BEB19979CEB1A979DEB1B9775
:10BFF0009EEB1D979FEB1F97A0EB2097A1EB3F6453
:10C00000A2EBD864A3EB0480A4EBEA6BA5EBF36B83
:10C01000A6EBFD6BA7EBF56BA8EBF96BA9EB056C39
:10C02000AAEB076CABEB066CACEB0D6CADEB156CD7
:10C03000AEEB186CAFEB196CB0EB1A6CB1EB216C7A
:10C04000B2EB296CB3EB246CB4EB2A6CB5EB326C1D
:10C05000B6EB3565B7EB5565B8EB6B65B9EB4D7273
:10C06000BAEB5272BBEB5672BCEB3072BDEB628620
:10C07000BEEB1652BFEB9F80C0EB9C80C1EB938060
:10C08000C2EBBC80C3EB0A67C4EBBD80C5EBB180DB
:10C09000C6EBAB80C7EBAD80C8EBB480C9EBB78013
:10C0A000CAEBE780CBEBE880CCEBE980CDEBEA8014
:10C0B000CEEBDB80CFEBC280D0EBC480D1EBD9805C
:10C0C000D2EBCD80D3EBD780D4EB1067D5EBDD80FE
:10C0D000D6EBEB80D7EBF180D8EBF480D9EBED8099
:10C0E000DAEB0D81DBEB0E81DCEBF280DDEBFC802B
:10C0F000DEEB1567DFEB1281E0EB5A8CE1EB36816A
:10C10000E2EB1E81E3EB2C81E4EB1881E5EB32815D
:10C11000E6EB4881E7EB4C81E8EB5381E9EB748176
:10C12000EAEB5981EBEB5A81ECEB7181EDEB60812D
:10C13000EEEB6981EFEB7C81F0EB7D81F1EB6D81C2
:10C14000F2EB6781F3EB4D58F4EBB55AF5EB8881D0
:10C15000F6EB8281F7EB9181F8EBD56EF9EBA381D9
:10C16000FAEBAA81FBEBCC81FCEB2667FDEBCA81E5
:10C17000FEEBBB8140EC219741EC229742EC2397E8
:10C1800043EC249744EC259745EC269746EC2797FB
:10C1900047EC289748EC299749EC2B974AEC2C97C9
:10C1A0004BEC2E974CEC2F974DEC31974EEC339790
:10C1B0004FEC349750EC359751EC369752EC37975B
:10C1C00053EC3A9754EC3B9755EC3C9756EC3D9723
:10C1D00057EC3F9758EC409759EC41975AEC4297EF
:10C1E0005BEC43975CEC44975DEC45975EEC4697BF
:10C1F0005FEC479760EC489761EC499762EC4A978F
:10C2000063EC4B9764EC4C9765EC4D9766EC4E975E
:10C2100067EC4F9768EC509769EC51976AEC54972C
:10C220006BEC55976CEC57976DEC58976EEC5A97F2
:10C230006FEC5C9770EC5D9771EC5F9772EC6397B5
:10C2400073EC649774EC669775EC679776EC689777
:10C2500077EC6A9778EC6B9779EC6C977AEC6D9742
:10C260007BEC6E977CEC6F977DEC70977EEC719712
:10C2700080EC729781EC759782EC779783EC7897D6
:10C2800084EC799785EC7A9786EC7B9787EC7D97A1
:10C2900088EC7E9789EC7F978AEC80978BEC81976E
:10C2A0008CEC82978DEC83978EEC84978FEC86973D
:10C2B00090EC879791EC889792EC899793EC8A970A
:10C2C00094EC8C9795EC8E9796EC8F9797EC9097D3
:10C2D00098EC939799EC95979AEC96979BEC979797
:10C2E0009CEC99979DEC9A979EEC9B979FEC9C9762
:10C2F000A0EC9D97A1ECC181A2ECA681A3EC246BDC
:10C30000A4EC376BA5EC396BA6EC436BA7EC466B42
:10C31000A8EC596BA9ECD198AAECD298ABECD398C5
:10C32000ACECD598ADECD998AEECDA98AFECB36B39
:10C33000B0EC405FB1ECC26BB2ECF389B3EC90654A
:10C34000B4EC519FB5EC9365B6ECBC65B7ECC66533
:10C35000B8ECC465B9ECC365BAECCC65BBECCE6592
:10C36000BCECD265BDECD665BEEC8070BFEC9C70B9
:10C37000C0EC9670C1EC9D70C2ECBB70C3ECC07099
:10C38000C4ECB770C5ECAB70C6ECB170C7ECE8702C
:10C39000C8ECCA70C9EC1071CAEC1371CBEC167101
:10C3A000CCEC2F71CDEC3171CEEC7371CFEC5C71B4
:10C3B000D0EC6871D1EC4571D2EC7271D3EC4A715A
:10C3C000D4EC7871D5EC7A71D6EC9871D7ECB37166
:10C3D000D8ECB571D9ECA871DAECA071DBECE071A6
:10C3E000DCECD471DDECE771DEECF971DFEC1D7291
:10C3F000E0EC2872E1EC6C70E2EC1871E3EC667131
:10C40000E4ECB971E5EC3E62E6EC3D62E7EC4362D8
:10C41000E8EC4862E9EC4962EAEC3B79EBEC407904
:10C42000ECEC4679EDEC4979EEEC5B79EFEC5C797C
:10C43000F0EC5379F1EC5A79F2EC6279F3EC57793C
:10C44000F4EC6079F5EC6F79F6EC6779F7EC7A79D2
:10C45000F8EC8579F9EC8A79FAEC9A79FBECA77912
:10C46000FCECB379FDECD15FFEECD05F40ED9E9724
:10C4700041ED9F9742EDA19743EDA29744EDA4971C
:10C4800045EDA59746EDA69747EDA79748EDA897E8
:10C4900049EDA9974AEDAA974BEDAC974CEDAE97B5
:10C4A0004DEDB0974EEDB1974FEDB39750EDB59779
:10C4B00051EDB69752EDB79753EDB89754EDB99744
:10C4C00055EDBA9756EDBB9757EDBC9758EDBD9714
:10C4D00059EDBE975AEDBF975BEDC0975CEDC197E4
:10C4E0005DEDC2975EEDC3975FEDC49760EDC597B4
:10C4F00061EDC69762EDC79763EDC89764EDC99784
:10C5000065EDCA9766EDCB9767EDCC9768EDCD9753
:10C5100069EDCE976AEDCF976BEDD0976CEDD19723
:10C520006DEDD2976EEDD3976FEDD49770EDD597F3
:10C5300071EDD69772EDD79773EDD89774EDD997C3
:10C5400075EDDA9776EDDB9777EDDC9778EDDD9793
:10C5500079EDDE977AEDDF977BEDE0977CEDE19763
:10C560007DEDE2977EEDE39780EDE49781EDE59731
:10C5700082EDE89783EDEE9784EDEF9785EDF097E8
:10C5800086EDF19787EDF29788EDF49789EDF797AF
:10C590008AEDF8978BEDF9978CEDFA978DEDFB9777
:10C5A0008EEDFC978FEDFD9790EDFE9791EDFF9747
:10C5B00092ED009893ED019894ED029895ED039813
:10C5C00096ED049897ED059898ED069899ED0798E3
:10C5D0009AED08989BED09989CED0A989DED0B98B3
:10C5E0009EED0C989FED0D98A0ED0E98A1ED3C608E
:10C5F000A2ED5D60A3ED5A60A4ED6760A5ED41601A
:10C60000A6ED5960A7ED6360A8EDAB60A9ED0661EA
:10C61000AAED0D61ABED5D61ACEDA961ADED9D6184
:10C62000AEEDCB61AFEDD161B0ED0662B1ED8080D2
:10C63000B2ED7F80B3ED936CB4EDF66CB5EDFC6DAF
:10C64000B6EDF677B7EDF877B8ED0078B9ED097883
:10C65000BAED1778BBED1878BCED1178BDEDAB6580
:10C66000BEED2D78BFED1C78C0ED1D78C1ED397899
:10C67000C2ED3A78C3ED3B78C4ED1F78C5ED3C7848
:10C68000C6ED2578C7ED2C78C8ED2378C9ED29785B
:10C69000CAED4E78CBED6D78CCED5678CDED577870
:10C6A000CEED2678CFED5078D0ED4778D1ED4C78AF
:10C6B000D2ED6A78D3ED9B78D4ED9378D5ED9A7866
:10C6C000D6ED8778D7ED9C78D8EDA178D9EDA37811
:10C6D000DAEDB278DBEDB978DCEDA578DDEDD47874
:10C6E000DEEDD978DFEDC978E0EDEC78E1EDF278B8
:10C6F000E2ED0579E3EDF478E4ED1379E5ED2479E5
:10C70000E6ED1E79E7ED3479E8ED9B9FE9EDF99EC2
:10C71000EAEDFB9EEBEDFC9EECEDF176EDED0477A2
:10C72000EEED0D77EFEDF976F0ED0777F1ED0877A7
:10C73000F2ED1A77F3ED2277F4ED1977F5ED2D7719
:10C74000F6ED2677F7ED3577F8ED3877F9ED507798
:10C75000FAED5177FBED4777FCED4377FDED5A7726
:10C76000FEED687740EE0F9841EE109842EE11987A
:10C7700043EE129844EE139845EE149846EE159841
:10C7800047EE169848EE179849EE18984AEE199811
:10C790004BEE1A984CEE1B984DEE1C984EEE1D98E1
:10C7A0004FEE1E9850EE1F9851EE209852EE2198B1
:10C7B00053EE229854EE239855EE249856EE259881
:10C7C00057EE269858EE279859EE28985AEE299851
:10C7D0005BEE2A985CEE2B985DEE2C985EEE2D9821
:10C7E0005FEE2E9860EE2F9861EE309862EE3198F1
:10C7F00063EE329864EE339865EE349866EE3598C1
:10C8000067EE369868EE379869EE38986AEE399890
:10C810006BEE3A986CEE3B986DEE3C986EEE3D9860
:10C820006FEE3E9870EE3F9871EE409872EE419830
:10C8300073EE429874EE439875EE449876EE459800
:10C8400077EE469878EE479879EE48987AEE4998D0
:10C850007BEE4A987CEE4B987DEE4C987EEE4D98A0
:10C8600080EE4E9881EE4F9882EE509883EE51986C
:10C8700084EE529885EE539886EE549887EE55983C
:10C8800088EE569889EE57988AEE58988BEE59980C
:10C890008CEE5A988DEE5B988EEE5C988FEE5D98DC
:10C8A00090EE5E9891EE5F9892EE609893EE6198AC
:10C8B00094EE629895EE639896EE649897EE65987C
:10C8C00098EE669899EE67989AEE68989BEE69984C
:10C8D0009CEE6A989DEE6B989EEE6C989FEE6D981C
:10C8E000A0EE6E98A1EE6277A2EE6577A3EE7F7759
:10C8F000A4EE8D77A5EE7D77A6EE8077A7EE8C77F8
:10C90000A8EE9177A9EE9F77AAEEA077ABEEB0776D
:10C91000ACEEB577ADEEBD77AEEE3A75AFEE4075E5
:10C92000B0EE4E75B1EE4B75B2EE4875B3EE5B7579
:10C93000B4EE7275B5EE7975B6EE8375B7EE587FC5
:10C94000B8EE617FB9EE5F7FBAEE488ABBEE687FD2
:10C95000BCEE747FBDEE717FBEEE797FBFEE817F4E
:10C96000C0EE7E7FC1EECD76C2EEE576C3EE3288B4
:10C97000C4EE8594C5EE8694C6EE8794C7EE8B947C
:10C98000C8EE8A94C9EE8C94CAEE8D94CBEE8F9447
:10C99000CCEE9094CDEE9494CEEE9794CFEE959409
:10C9A000D0EE9A94D1EE9B94D2EE9C94D3EEA394C5
:10C9B000D4EEA494D5EEAB94D6EEAA94D7EEAD9473
:10C9C000D8EEAC94D9EEAF94DAEEB094DBEEB2943C
:10C9D000DCEEB494DDEEB694DEEEB794DFEEB89400
:10C9E000E0EEB994E1EEBA94E2EEBC94E3EEBD94CD
:10C9F000E4EEBF94E5EEC494E6EEC894E7EEC99485
:10CA0000E8EECA94E9EECB94EAEECC94EBEECD944A
:10CA1000ECEECE94EDEED094EEEED194EFEED29417
:10CA2000F0EED594F1EED694F2EED794F3EED994DD
:10CA3000F4EED894F5EEDB94F6EEDE94F7EEDF94A8
:10CA4000F8EEE094F9EEE294FAEEE494FBEEE5946D
:10CA5000FCEEE794FDEEE894FEEEEA9440EF6F986A
:10CA600041EF709842EF719843EF729844EF7398DA
:10CA700045EF749846EF8B9847EF8E9848EF929861
:10CA800049EF95984AEF99984BEFA3984CEFA898E7
:10CA90004DEFA9984EEFAA984FEFAB9850EFAC9896
:10CAA00051EFAD9852EFAE9853EFAF9854EFB09866
:10CAB00055EFB19856EFB29857EFB39858EFB49836
:10CAC00059EFB5985AEFB6985BEFB7985CEFB89806
:10CAD0005DEFB9985EEFBA985FEFBB9860EFBC98D6
:10CAE00061EFBD9862EFBE9863EFBF9864EFC098A6
:10CAF00065EFC19866EFC29867EFC39868EFC49876
:10CB000069EFC5986AEFC6986BEFC7986CEFC89845
:10CB10006DEFC9986EEFCA986FEFCB9870EFCC9815
:10CB200071EFCD9872EFCF9873EFD09874EFD498DF
:10CB300075EFD69876EFD79877EFDB9878EFDC989B
:10CB400079EFDD987AEFE0987BEFE1987CEFE2985F
:10CB50007DEFE3987EEFE49880EFE59881EFE6982B
:10CB600082EFE99883EFEA9884EFEB9885EFEC98F1
:10CB700086EFED9887EFEE9888EFEF9889EFF098C1
:10CB80008AEFF1988BEFF2988CEFF3988DEFF49891
:10CB90008EEFF5988FEFF69890EFF79891EFF89861
:10CBA00092EFF99893EFFA9894EFFB9895EFFC9831
:10CBB00096EFFD9897EFFE9898EFFF9899EF009900
:10CBC0009AEF01999BEF02999CEF03999DEF0499CD
:10CBD0009EEF05999FEF0699A0EF0799A1EFE994C1
:10CBE000A2EFEB94A3EFEE94A4EFEF94A5EFF394F0
:10CBF000A6EFF494A7EFF594A8EFF794A9EFF994B2
:10CC0000AAEFFC94ABEFFD94ACEFFF94ADEF03956E
:10CC1000AEEF0295AFEF0695B0EF0795B1EF09952E
:10CC2000B2EF0A95B3EF0D95B4EF0E95B5EF0F95F2
:10CC3000B6EF1295B7EF1395B8EF1495B9EF1595B8
:10CC4000BAEF1695BBEF1895BCEF1B95BDEF1D9580
:10CC5000BEEF1E95BFEF1F95C0EF2295C1EF2A953D
:10CC6000C2EF2B95C3EF2995C4EF2C95C5EF3195F5
:10CC7000C6EF3295C7EF3495C8EF3695C9EF3795B3
:10CC8000CAEF3895CBEF3C95CCEF3E95CDEF3F9575
:10CC9000CEEF4295CFEF3595D0EF4495D1EF459546
:10CCA000D2EF4695D3EF4995D4EF4C95D5EF4E95FD
:10CCB000D6EF4F95D7EF5295D8EF5395D9EF5495BE
:10CCC000DAEF5695DBEF5795DCEF5895DDEF599588
:10CCD000DEEF5B95DFEF5E95E0EF5F95E1EF5D9551
:10CCE000E2EF6195E3EF6295E4EF6495E5EF65951A
:10CCF000E6EF6695E7EF6795E8EF6895E9EF6995E8
:10CD0000EAEF6A95EBEF6B95ECEF6C95EDEF6F95B5
:10CD1000EEEF7195EFEF7295F0EF7395F1EF3A95B5
:10CD2000F2EFE777F3EFEC77F4EFC996F5EFD5790B
:10CD3000F6EFED79F7EFE379F8EFEB79F9EF067AB3
:10CD4000FAEF475DFBEF037AFCEF027AFDEF1E7A04
:10CD5000FEEF147A40F0089941F0099942F00A99DF
:10CD600043F00B9944F00C9945F00E9946F00F9959
:10CD700047F0119948F0129949F013994AF0149923
:10CD80004BF015994CF016994DF017994EF01899F3
:10CD90004FF0199950F01A9951F01B9952F01C99C3
:10CDA00053F01D9954F01E9955F01F9956F0209993
:10CDB00057F0219958F0229959F023995AF0249963
:10CDC0005BF025995CF026995DF027995EF0289933
:10CDD0005FF0299960F02A9961F02B9962F02C9903
:10CDE00063F02D9964F02F9965F0309966F03199D0
:10CDF00067F0329968F0339969F034996AF035999F
:10CE00006BF036996CF037996DF038996EF039996E
:10CE10006FF03A9970F03B9971F03C9972F03D993E
:10CE200073F03E9974F03F9975F0409976F041990E
:10CE300077F0429978F0439979F044997AF04599DE
:10CE40007BF046997CF047997DF048997EF04999AE
:10CE500080F04A9981F04B9982F04C9983F04D997A
:10CE600084F04E9985F04F9986F0509987F051994A
:10CE700088F0529989F053998AF056998BF0579916
:10CE80008CF058998DF059998EF05A998FF05B99E2
:10CE900090F05C9991F05D9992F05E9993F05F99B2
:10CEA00094F0609995F0619996F0629997F0649981
:10CEB00098F0669999F073999AF078999BF079991E
:10CEC0009CF07B999DF07E999EF082999FF08399CA
:10CED000A0F08999A1F0397AA2F0377AA3F0517ABB
:10CEE000A4F0CF9EA5F0A599A6F0707AA7F0887659
:10CEF000A8F08E76A9F09376AAF09976ABF0A47696
:10CF0000ACF0DE74ADF0E074AEF02C75AFF0209EA6
:10CF1000B0F0229EB1F0289EB2F0299EB3F02A9E76
:10CF2000B4F02B9EB5F02C9EB6F0329EB7F0319E39
:10CF3000B8F0369EB9F0389EBAF0379EBBF0399EF5
:10CF4000BCF03A9EBDF03E9EBEF0419EBFF0429EB8
:10CF5000C0F0449EC1F0469EC2F0479EC3F0489E7A
:10CF6000C4F0499EC5F04B9EC6F04C9EC7F04E9E45
:10CF7000C8F0519EC9F0559ECAF0579ECBF05A9EFC
:10CF8000CCF05B9ECDF05C9ECEF05E9ECFF0639EBB
:10CF9000D0F0669ED1F0679ED2F0689ED3F0699E75
:10CFA000D4F06A9ED5F06B9ED6F06C9ED7F0719E41
:10CFB000D8F06D9ED9F0739EDAF09275DBF094751F
:10CFC000DCF09675DDF0A075DEF09D75DFF0AC75D8
:10CFD000E0F0A375E1F0B375E2F0B475E3F0B87575
:10CFE000E4F0C475E5F0B175E6F0B075E7F0C3752F
:10CFF000E8F0C275E9F0D675EAF0CD75EBF0E375AF
:10D00000ECF0E875EDF0E675EEF0E475EFF0EB7539
:10D01000F0F0E775F1F00376F2F0F175F3F0FC75DE
:10D02000F4F0FF75F5F01076F6F00076F7F005767F
:10D03000F8F00C76F9F01776FAF00A76FBF0257620
:10D04000FCF01876FDF01576FEF0197640F18C991B
:10D0500041F18E9942F19A9943F19B9944F19C993F
:10D0600045F19D9946F19E9947F19F9948F1A09904
:10D0700049F1A1994AF1A2994BF1A3994CF1A499D4
:10D080004DF1A6994EF1A7994FF1A99950F1AA999E
:10D0900051F1AB9952F1AC9953F1AD9954F1AE996C
:10D0A00055F1AF9956F1B09957F1B19958F1B2993C
:10D0B00059F1B3995AF1B4995BF1B5995CF1B6990C
:10D0C0005DF1B7995EF1B8995FF1B99960F1BA99DC
:10D0D00061F1BB9962F1BC9963F1BD9964F1BE99AC
:10D0E00065F1BF9966F1C09967F1C19968F1C2997C
:10D0F00069F1C3996AF1C4996BF1C5996CF1C6994C
:10D100006DF1C7996EF1C8996FF1C99970F1CA991B
:10D1100071F1CB9972F1CC9973F1CD9974F1CE99EB
:10D1200075F1CF9976F1D09977F1D19978F1D299BB
:10D1300079F1D3997AF1D4997BF1D5997CF1D6998B
:10D140007DF1D7997EF1D89980F1D99981F1DA9959
:10D1500082F1DB9983F1DC9984F1DD9985F1DE9927
:10D1600086F1DF9987F1E09988F1E19989F1E299F7
:10D170008AF1E3998BF1E4998CF1E5998DF1E699C7
:10D180008EF1E7998FF1E89990F1E99991F1EA9997
:10D1900092F1EB9993F1EC9994F1ED9995F1EE9967
:10D1A00096F1EF9997F1F09998F1F19999F1F29937
:10D1B0009AF1F3999BF1F4999CF1F5999DF1F69907
:10D1C0009EF1F7999FF1F899A0F1F999A1F11B76D9
:10D1D000A2F13C76A3F12276A4F12076A5F1407667
:10D1E000A6F12D76A7F13076A8F13F76A9F1357634
:10D1F000AAF14376ABF13E76ACF13376ADF14D76E4
:10D20000AEF15E76AFF15476B0F15C76B1F1567660
:10D21000B2F16B76B3F16F76B4F1CA7FB5F1E67A0D
:10D22000B6F1787AB7F1797AB8F1807AB9F1867A7D
:10D23000BAF1887ABBF1957ABCF1A67ABDF1A07AF1
:10D24000BEF1AC7ABFF1A87AC0F1AD7AC1F1B37A80
:10D25000C2F16488C3F16988C4F17288C5F17D8820
:10D26000C6F17F88C7F18288C8F1A288C9F1C68853
:10D27000CAF1B788CBF1BC88CCF1C988CDF1E2887E
:10D28000CEF1CE88CFF1E388D0F1E588D1F1F188F5
:10D29000D2F11A89D3F1FC88D4F1E888D5F1FE885F
:10D2A000D6F1F088D7F12189D8F11989D9F11389FC
:10D2B000DAF11B89DBF10A89DCF13489DDF12B8994
:10D2C000DEF13689DFF14189E0F16689E1F17B89A0
:10D2D000E2F18B75E3F1E580E4F1B276E5F1B47645
:10D2E000E6F1DC77E7F11280E8F11480E9F11680CD
:10D2F000EAF11C80EBF12080ECF12280EDF1258039
:10D30000EEF12680EFF12780F0F12980F1F12880FD
:10D31000F2F13180F3F10B80F4F13580F5F14380C7
:10D32000F6F14680F7F14D80F8F15280F9F169800D
:10D33000FAF17180FBF18389FCF17898FDF1809816
:10D34000FEF1839840F2FA9941F2FB9942F2FC997E
:10D3500043F2FD9944F2FE9945F2FF9946F2009A94
:10D3600047F2019A48F2029A49F2039A4AF2049A61
:10D370004BF2059A4CF2069A4DF2079A4EF2089A31
:10D380004FF2099A50F20A9A51F20B9A52F20C9A01
:10D3900053F20D9A54F20E9A55F20F9A56F2109AD1
:10D3A00057F2119A58F2129A59F2139A5AF2149AA1
:10D3B0005BF2159A5CF2169A5DF2179A5EF2189A71
:10D3C0005FF2199A60F21A9A61F21B9A62F21C9A41
:10D3D00063F21D9A64F21E9A65F21F9A66F2209A11
:10D3E00067F2219A68F2229A69F2239A6AF2249AE1
:10D3F0006BF2259A6CF2269A6DF2279A6EF2289AB1
:10D400006FF2299A70F22A9A71F22B9A72F22C9A80
:10D4100073F22D9A74F22E9A75F22F9A76F2309A50
:10D4200077F2319A78F2329A79F2339A7AF2349A20
:10D430007BF2359A7CF2369A7DF2379A7EF2389AF0
:10D4400080F2399A81F23A9A82F23B9A83F23C9ABC
:10D4500084F23D9A85F23E9A86F23F9A87F2409A8C
:10D4600088F2419A89F2429A8AF2439A8BF2449A5C
:10D470008CF2459A8DF2469A8EF2479A8FF2489A2C
:10D4800090F2499A91F24A9A92F24B9A93F24C9AFC
:10D4900094F24D9A95F24E9A96F24F9A97F2509ACC
:10D4A00098F2519A99F2529A9AF2539A9BF2549A9C
:10D4B0009CF2559A9DF2569A9EF2579A9FF2589A6C
:10D4C000A0F2599AA1F28998A2F28C98A3F28D98B1
:10D4D000A4F28F98A5F29498A6F29A98A7F29B9836
:10D4E000A8F29E98A9F29F98AAF2A198ABF2A298EE
:10D4F000ACF2A598ADF2A698AEF24D86AFF2548686
:10D50000B0F26C86B1F26E86B2F27F86B3F27A86A2
:10D51000B4F27C86B5F27B86B6F2A886B7F28D8629
:10D52000B8F28B86B9F2AC86BAF29D86BBF2A786BA
:10D53000BCF2A386BDF2AA86BEF29386BFF2A9868C
:10D54000C0F2B686C1F2C486C2F2B586C3F2CE86F8
:10D55000C4F2B086C5F2BA86C6F2B186C7F2AF860B
:10D56000C8F2C986C9F2CF86CAF2B486CBF2E98680
:10D57000CCF2F186CDF2F286CEF2ED86CFF2F386D2
:10D58000D0F2D086D1F21387D2F2DE86D3F2F486BF
:10D59000D4F2DF86D5F2D886D6F2D186D7F20387C9
:10D5A000D8F20787D9F2F886DAF20887DBF20A8721
:10D5B000DCF20D87DDF20987DEF22387DFF23B879D
:10D5C000E0F21E87E1F22587E2F22E87E3F21A8766
:10D5D000E4F23E87E5F24887E6F23487E7F23187E6
:10D5E000E8F22987E9F23787EAF23F87EBF2828790
:10D5F000ECF22287EDF27D87EEF27E87EFF27B87F9
:10D60000F0F26087F1F27087F2F24C87F3F26E87E6
:10D61000F4F28B87F5F25387F6F26387F7F27C8793
:10D62000F8F26487F9F25987FAF26587FBF293877B
:10D63000FCF2AF87FDF2A887FEF2D28740F35A9A38
:10D6400041F35B9A42F35C9A43F35D9A44F35E9A2A
:10D6500045F35F9A46F3609A47F3619A48F3629AFA
:10D6600049F3639A4AF3649A4BF3659A4CF3669ACA
:10D670004DF3679A4EF3689A4FF3699A50F36A9A9A
:10D6800051F36B9A52F3729A53F3839A54F3899A33
:10D6900055F38D9A56F38E9A57F3949A58F3959AB8
:10D6A00059F3999A5AF3A69A5BF3A99A5CF3AA9A4A
:10D6B0005DF3AB9A5EF3AC9A5FF3AD9A60F3AE9A0A
:10D6C00061F3AF9A62F3B29A63F3B39A64F3B49AD4
:10D6D00065F3B59A66F3B99A67F3BB9A68F3BD9A96
:10D6E00069F3BE9A6AF3BF9A6BF3C39A6CF3C49A58
:10D6F0006DF3C69A6EF3C79A6FF3C89A70F3C99A1E
:10D7000071F3CA9A72F3CD9A73F3CE9A74F3CF9AE7
:10D7100075F3D09A76F3D29A77F3D49A78F3D59AB0
:10D7200079F3D69A7AF3D79A7BF3D99A7CF3DA9A7B
:10D730007DF3DB9A7EF3DC9A80F3DD9A81F3DE9A47
:10D7400082F3E09A83F3E29A84F3E39A85F3E49A0E
:10D7500086F3E59A87F3E79A88F3E89A89F3E99ADA
:10D760008AF3EA9A8BF3EC9A8CF3EE9A8DF3F09AA3
:10D770008EF3F19A8FF3F29A90F3F39A91F3F49A6D
:10D7800092F3F59A93F3F69A94F3F79A95F3F89A3D
:10D7900096F3FA9A97F3FC9A98F3FD9A99F3FE9A06
:10D7A0009AF3FF9A9BF3009B9CF3019B9DF3029BD2
:10D7B0009EF3049B9FF3059BA0F3069BA1F3C687F2
:10D7C000A2F38887A3F38587A4F3AD87A5F3978792
:10D7D000A6F38387A7F3AB87A8F3E587A9F3AC8704
:10D7E000AAF3B587ABF3B387ACF3CB87ADF3D3879D
:10D7F000AEF3BD87AFF3D187B0F3C087B1F3CA876B
:10D80000B2F3DB87B3F3EA87B4F3E087B5F3EE87CF
:10D81000B6F31688B7F31388B8F3FE87B9F30A880E
:10D82000BAF31B88BBF32188BCF33988BDF33C886D
:10D83000BEF3367FBFF3427FC0F3447FC1F3457F21
:10D84000C2F31082C3F3FA7AC4F3FD7AC5F3087BFE
:10D85000C6F3037BC7F3047BC8F3157BC9F30A7BCC
:10D86000CAF32B7BCBF30F7BCCF3477BCDF3387B19
:10D87000CEF32A7BCFF3197BD0F32E7BD1F3317B10
:10D88000D2F3207BD3F3257BD4F3247BD5F3337BF6
:10D89000D6F33E7BD7F31E7BD8F3587BD9F35A7B64
:10D8A000DAF3457BDBF3757BDCF34C7BDDF35D7BEF
:10D8B000DEF3607BDFF36E7BE0F37B7BE1F3627B87
:10D8C000E2F3727BE3F3717BE4F3907BE5F3A67BF9
:10D8D000E6F3A77BE7F3B87BE8F3AC7BE9F39D7B4A
:10D8E000EAF3A87BEBF3857BECF3AA7BEDF39C7B5F
:10D8F000EEF3A27BEFF3AB7BF0F3B47BF1F3D17BE0
:10D90000F2F3C17BF3F3CC7BF4F3DD7BF5F3DA7B4D
:10D91000F6F3E57BF7F3E67BF8F3EA7BF9F30C7CAF
:10D92000FAF3FE7BFBF3FC7BFCF30F7CFDF3167C30
:10D93000FEF30B7C40F4079B41F4099B42F40A9BE5
:10D9400043F40B9B44F40C9B45F40D9B46F40E9B57
:10D9500047F4109B48F4119B49F4129B4AF4149B22
:10D960004BF4159B4CF4169B4DF4179B4EF4189BEF
:10D970004FF4199B50F41A9B51F41B9B52F41C9BBF
:10D9800053F41D9B54F41E9B55F4209B56F4219B8D
:10D9900057F4229B58F4249B59F4259B5AF4269B58
:10D9A0005BF4279B5CF4289B5DF4299B5EF42A9B27
:10D9B0005FF42B9B60F42C9B61F42D9B62F42E9BF7
:10D9C00063F4309B64F4319B65F4339B66F4349BC1
:10D9D00067F4359B68F4369B69F4379B6AF4389B8F
:10D9E0006BF4399B6CF43A9B6DF43D9B6EF43E9B5B
:10D9F0006FF43F9B70F4409B71F4469B72F44A9B1A
:10DA000073F44B9B74F44C9B75F44E9B76F4509BD3
:10DA100077F4529B78F4539B79F4559B7AF4569B98
:10DA20007BF4579B7CF4589B7DF4599B7EF45A9B66
:10DA300080F45B9B81F45C9B82F45D9B83F45E9B32
:10DA400084F45F9B85F4609B86F4619B87F4629B02
:10DA500088F4639B89F4649B8AF4659B8BF4669BD2
:10DA60008CF4679B8DF4689B8EF4699B8FF46A9BA2
:10DA700090F46B9B91F46C9B92F46D9B93F46E9B72
:10DA800094F46F9B95F4709B96F4719B97F4729B42
:10DA900098F4739B99F4749B9AF4759B9BF4769B12
:10DAA0009CF4779B9DF4789B9EF4799B9FF47A9BE2
:10DAB000A0F47B9BA1F41F7CA2F42A7CA3F4267C17
:10DAC000A4F4387CA5F4417CA6F4407CA7F4FE8144
:10DAD000A8F40182A9F40282AAF40482ABF4EC81D6
:10DAE000ACF44488ADF42182AEF42282AFF42382F8
:10DAF000B0F42D82B1F42F82B2F42882B3F42B82D9
:10DB0000B4F43882B5F43B82B6F43382B7F434828D
:10DB1000B8F43E82B9F44482BAF44982BBF44B8231
:10DB2000BCF44F82BDF45A82BEF45F82BFF46882B7
:10DB3000C0F47E88C1F48588C2F48888C3F4D8888C
:10DB4000C4F4DF88C5F45E89C6F49D7FC7F49F7F67
:10DB5000C8F4A77FC9F4AF7FCAF4B07FCBF4B27F1B
:10DB6000CCF47C7CCDF44965CEF4917CCFF49D7CE3
:10DB7000D0F49C7CD1F49E7CD2F4A27CD3F4B27C11
:10DB8000D4F4BC7CD5F4BD7CD6F4C17CD7F4C77C7E
:10DB9000D8F4CC7CD9F4CD7CDAF4C87CDBF4C57C39
:10DBA000DCF4D77CDDF4E87CDEF46E82DFF4A8667A
:10DBB000E0F4BF7FE1F4CE7FE2F4D57FE3F4E57FCC
:10DBC000E4F4E17FE5F4E67FE6F4E97FE7F4EE7F55
:10DBD000E8F4F37FE9F4F87CEAF4777DEBF4A67DD2
:10DBE000ECF4AE7DEDF4477EEEF49B7EEFF4B89E50
:10DBF000F0F4B49EF1F4738DF2F4848DF3F4948D0B
:10DC0000F4F4918DF5F4B18DF6F4678DF7F46D8D24
:10DC1000F8F4478CF9F4498CFAF44A91FBF45091EA
:10DC2000FCF44E91FDF44F91FEF4649140F57C9B21
:10DC300041F57D9B42F57E9B43F57F9B44F5809BA0
:10DC400045F5819B46F5829B47F5839B48F5849B70
:10DC500049F5859B4AF5869B4BF5879B4CF5889B40
:10DC60004DF5899B4EF58A9B4FF58B9B50F58C9B10
:10DC700051F58D9B52F58E9B53F58F9B54F5909BE0
:10DC800055F5919B56F5929B57F5939B58F5949BB0
:10DC900059F5959B5AF5969B5BF5979B5CF5989B80
:10DCA0005DF5999B5EF59A9B5FF59B9B60F59C9B50
:10DCB00061F59D9B62F59E9B63F59F9B64F5A09B20
:10DCC00065F5A19B66F5A29B67F5A39B68F5A49BF0
:10DCD00069F5A59B6AF5A69B6BF5A79B6CF5A89BC0
:10DCE0006DF5A99B6EF5AA9B6FF5AB9B70F5AC9B90
:10DCF00071F5AD9B72F5AE9B73F5AF9B74F5B09B60
:10DD000075F5B19B76F5B29B77F5B39B78F5B49B2F
:10DD100079F5B59B7AF5B69B7BF5B79B7CF5B89BFF
:10DD20007DF5B99B7EF5BA9B80F5BB9B81F5BC9BCD
:10DD300082F5BD9B83F5BE9B84F5BF9B85F5C09B9B
:10DD400086F5C19B87F5C29B88F5C39B89F5C49B6B
:10DD50008AF5C59B8BF5C69B8CF5C79B8DF5C89B3B
:10DD60008EF5C99B8FF5CA9B90F5CB9B91F5CC9B0B
:10DD700092F5CD9B93F5CE9B94F5CF9B95F5D09BDB
:10DD800096F5D19B97F5D29B98F5D39B99F5D49BAB
:10DD90009AF5D59B9BF5D69B9CF5D79B9DF5D89B7B
:10DDA0009EF5D99B9FF5DA9BA0F5DB9BA1F56291CF
:10DDB000A2F56191A3F57091A4F56991A5F56F9114
:10DDC000A6F57D91A7F57E91A8F57291A9F57491BC
:10DDD000AAF57991ABF58C91ACF58591ADF5909163
:10DDE000AEF58D91AFF59191B0F5A291B1F5A391FA
:10DDF000B2F5AA91B3F5AD91B4F5AE91B5F5AF9189
:10DE0000B6F5B591B7F5B491B8F5BA91B9F5558CA9
:10DE1000BAF57E9EBBF5B88DBCF5EB8DBDF5058ED4
:10DE2000BEF5598EBFF5698EC0F5B58DC1F5BF8DB4
:10DE3000C2F5BC8DC3F5BA8DC4F5C48DC5F5D68DBC
:10DE4000C6F5D78DC7F5DA8DC8F5DE8DC9F5CE8D4F
:10DE5000CAF5CF8DCBF5DB8DCCF5C68DCDF5EC8D30
:10DE6000CEF5F78DCFF5F88DD0F5E38DD1F5F98DA1
:10DE7000D2F5FB8DD3F5E48DD4F5098ED5F5FD8D66
:10DE8000D6F5148ED7F51D8ED8F51F8ED9F52C8EAC
:10DE9000DAF52E8EDBF5238EDCF52F8EDDF53A8E4E
:10DEA000DEF5408EDFF5398EE0F5358EE1F53D8EFD
:10DEB000E2F5318EE3F5498EE4F5418EE5F5428ECB
:10DEC000E6F5518EE7F5528EE8F54A8EE9F5708E4B
:10DED000EAF5768EEBF57C8EECF56F8EEDF5748EB3
:10DEE000EEF5858EEFF58F8EF0F5948EF1F5908E30
:10DEF000F2F59C8EF3F59E8EF4F5788CF5F5828C18
:10DF0000F6F58A8CF7F5858CF8F5988CF9F5948CF4
:10DF1000FAF59B65FBF5D689FCF5DE89FDF5DA8916
:10DF2000FEF5DC8940F6DC9B41F6DD9B42F6DE9B8C
:10DF300043F6DF9B44F6E09B45F6E19B46F6E29B09
:10DF400047F6E39B48F6E49B49F6E59B4AF6E69BD9
:10DF50004BF6E79B4CF6E89B4DF6E99B4EF6EA9BA9
:10DF60004FF6EB9B50F6EC9B51F6ED9B52F6EE9B79
:10DF700053F6EF9B54F6F09B55F6F19B56F6F29B49
:10DF800057F6F39B58F6F49B59F6F59B5AF6F69B19
:10DF90005BF6F79B5CF6F89B5DF6F99B5EF6FA9BE9
:10DFA0005FF6FB9B60F6FC9B61F6FD9B62F6FE9BB9
:10DFB00063F6FF9B64F6009C65F6019C66F6029C86
:10DFC00067F6039C68F6049C69F6059C6AF6069C55
:10DFD0006BF6079C6CF6089C6DF6099C6EF60A9C25
:10DFE0006FF60B9C70F60C9C71F60D9C72F60E9CF5
:10DFF00073F60F9C74F6109C75F6119C76F6129CC5
:10E0000077F6139C78F6149C79F6159C7AF6169C94
:10E010007BF6179C7CF6189C7DF6199C7EF61A9C64
:10E0200080F61B9C81F61C9C82F61D9C83F61E9C30
:10E0300084F61F9C85F6209C86F6219C87F6229C00
:10E0400088F6239C89F6249C8AF6259C8BF6269CD0
:10E050008CF6279C8DF6289C8EF6299C8FF62A9CA0
:10E0600090F62B9C91F62C9C92F62D9C93F62E9C70
:10E0700094F62F9C95F6309C96F6319C97F6329C40
:10E0800098F6339C99F6349C9AF6359C9BF6369C10
:10E090009CF6379C9DF6389C9EF6399C9FF63A9CE0
:10E0A000A0F63B9CA1F6E589A2F6EB89A3F6EF89E1
:10E0B000A4F63E8AA5F6268BA6F65397A7F6E99610
:10E0C000A8F6F396A9F6EF96AAF60697ABF601978F
:10E0D000ACF60897ADF60F97AEF60E97AFF62A9707
:10E0E000B0F62D97B1F63097B2F63E97B3F6809F13
:10E0F000B4F6839FB5F6859FB6F6869FB7F6879FE1
:10E10000B8F6889FB9F6899FBAF68A9FBBF68C9FAE
:10E11000BCF6FE9EBDF60B9FBEF60D9FBFF6B996F0
:10E12000C0F6BC96C1F6BD96C2F6CE96C3F6D296A0
:10E13000C4F6BF77C5F6E096C6F68E92C7F6AE92E5
:10E14000C8F6C892C9F63E93CAF66A93CBF6CA934C
:10E15000CCF68F93CDF63E94CEF66B94CFF67F9CA3
:10E16000D0F6829CD1F6859CD2F6869CD3F6879C0D
:10E17000D4F6889CD5F6237AD6F68B9CD7F68E9C5F
:10E18000D8F6909CD9F6919CDAF6929CDBF6949C9A
:10E19000DCF6959CDDF69A9CDEF69B9CDFF69E9C59
:10E1A000E0F69F9CE1F6A09CE2F6A19CE3F6A29C1F
:10E1B000E4F6A39CE5F6A59CE6F6A69CE7F6A79CEC
:10E1C000E8F6A89CE9F6A99CEAF6AB9CEBF6AD9CB8
:10E1D000ECF6AE9CEDF6B09CEEF6B19CEFF6B29C80
:10E1E000F0F6B39CF1F6B49CF2F6B59CF3F6B69C4F
:10E1F000F4F6B79CF5F6BA9CF6F6BB9CF7F6BC9C19
:10E20000F8F6BD9CF9F6C49CFAF6C59CFBF6C69CD4
:10E21000FCF6C79CFDF6CA9CFEF6CB9C40F73C9CE6
:10E2200041F73D9C42F73E9C43F73F9C44F7409C9E
:10E2300045F7419C46F7429C47F7439C48F7449C6E
:10E2400049F7459C4AF7469C4BF7479C4CF7489C3E
:10E250004DF7499C4EF74A9C4FF74B9C50F74C9C0E
:10E2600051F74D9C52F74E9C53F74F9C54F7509CDE
:10E2700055F7519C56F7529C57F7539C58F7549CAE
:10E2800059F7559C5AF7569C5BF7579C5CF7589C7E
:10E290005DF7599C5EF75A9C5FF75B9C60F75C9C4E
:10E2A00061F75D9C62F75E9C63F75F9C64F7609C1E
:10E2B00065F7619C66F7629C67F7639C68F7649CEE
:10E2C00069F7659C6AF7669C6BF7679C6CF7689CBE
:10E2D0006DF7699C6EF76A9C6FF76B9C70F76C9C8E
:10E2E00071F76D9C72F76E9C73F76F9C74F7709C5E
:10E2F00075F7719C76F7729C77F7739C78F7749C2E
:10E3000079F7759C7AF7769C7BF7779C7CF7789CFD
:10E310007DF7799C7EF77A9C80F77B9C81F77D9CCA
:10E3200082F77E9C83F7809C84F7839C85F7849C8E
:10E3300086F7899C87F78A9C88F78C9C89F78F9C45
:10E340008AF7939C8BF7969C8CF7979C8DF7989CFB
:10E350008EF7999C8FF79D9C90F7AA9C91F7AC9CA7
:10E3600092F7AF9C93F7B99C94F7BE9C95F7BF9C2E
:10E3700096F7C09C97F7C19C98F7C29C99F7C89CE8
:10E380009AF7C99C9BF7D19C9CF7D29C9DF7DA9C8D
:10E390009EF7DB9C9FF7E09CA0F7E19CA1F7CC9C4B
:10E3A000A2F7CD9CA3F7CE9CA4F7CF9CA5F7D09C59
:10E3B000A6F7D39CA7F7D49CA8F7D59CA9F7D79C20
:10E3C000AAF7D89CABF7D99CACF7DC9CADF7DD9CE9
:10E3D000AEF7DF9CAFF7E29CB0F77C97B1F785977B
:10E3E000B2F79197B3F79297B4F79497B5F7AF97C1
:10E3F000B6F7AB97B7F7A397B8F7B297B9F7B49753
:10E40000BAF7B19ABBF7B09ABCF7B79ABDF7589E66
:10E41000BEF7B69ABFF7BA9AC0F7BC9AC1F7C19ACD
:10E42000C2F7C09AC3F7C59AC4F7C29AC5F7CB9A88
:10E43000C6F7CC9AC7F7D19AC8F7459BC9F7439B53
:10E44000CAF7479BCBF7499BCCF7489BCDF74D9B31
:10E45000CEF7519BCFF7E898D0F70D99D1F72E99C9
:10E46000D2F75599D3F75499D4F7DF9AD5F7E19AB3
:10E47000D6F7E69AD7F7EF9AD8F7EB9AD9F7FB9A3F
:10E48000DAF7ED9ADBF7F99ADCF7089BDDF70F9BDB
:10E49000DEF7139BDFF71F9BE0F7239BE1F7BD9EA1
:10E4A000E2F7BE9EE3F73B7EE4F7829EE5F7879EA8
:10E4B000E6F7889EE7F78B9EE8F7929EE9F7D693FA
:10E4C000EAF79D9EEBF79F9EECF7DB9EEDF7DC9E57
:10E4D000EEF7DD9EEFF7E09EF0F7DF9EF1F7E29EAC
:10E4E000F2F7E99EF3F7E79EF4F7E59EF5F7EA9E6B
:10E4F000F6F7EF9EF7F7229FF8F72C9FF9F72F9F7B
:10E50000FAF7399FFBF7379FFCF73D9FFDF73E9FDA
:10E51000FEF7449F40F8E39C41F8E49C42F8E59CF8
:10E5200043F8E69C44F8E79C45F8E89C46F8E99CEB
:10E5300047F8EA9C48F8EB9C49F8EC9C4AF8ED9CBB
:10E540004BF8EE9C4CF8EF9C4DF8F09C4EF8F19C8B
:10E550004FF8F29C50F8F39C51F8F49C52F8F59C5B
:10E5600053F8F69C54F8F79C55F8F89C56F8F99C2B
:10E5700057F8FA9C58F8FB9C59F8FC9C5AF8FD9CFB
:10E580005BF8FE9C5CF8FF9C5DF8009D5EF8019DC9
:10E590005FF8029D60F8039D61F8049D62F8059D97
:10E5A00063F8069D64F8079D65F8089D66F8099D67
:10E5B00067F80A9D68F80B9D69F80C9D6AF80D9D37
:10E5C0006BF80E9D6CF80F9D6DF8109D6EF8119D07
:10E5D0006FF8129D70F8139D71F8149D72F8159DD7
:10E5E00073F8169D74F8179D75F8189D76F8199DA7
:10E5F00077F81A9D78F81B9D79F81C9D7AF81D9D77
:10E600007BF81E9D7CF81F9D7DF8209D7EF8219D46
:10E6100080F8229D81F8239D82F8249D83F8259D12
:10E6200084F8269D85F8279D86F8289D87F8299DE2
:10E6300088F82A9D89F82B9D8AF82C9D8BF82D9DB2
:10E640008CF82E9D8DF82F9D8EF8309D8FF8319D82
:10E6500090F8329D91F8339D92F8349D93F8359D52
:10E6600094F8369D95F8379D96F8389D97F8399D22
:10E6700098F83A9D99F83B9D9AF83C9D9BF83D9DF2
:10E680009CF83E9D9DF83F9D9EF8409D9FF8419DC2
:10E69000A0F8429D40F9439D41F9449D42F9459DB2
:10E6A00043F9469D44F9479D45F9489D46F9499DE2
:10E6B00047F94A9D48F94B9D49F94C9D4AF94D9DB2
:10E6C0004BF94E9D4CF94F9D4DF9509D4EF9519D82
:10E6D0004FF9529D50F9539D51F9549D52F9559D52
:10E6E00053F9569D54F9579D55F9589D56F9599D22
:10E6F00057F95A9D58F95B9D59F95C9D5AF95D9DF2
:10E700005BF95E9D5CF95F9D5DF9609D5EF9619DC1
:10E710005FF9629D60F9639D61F9649D62F9659D91
:10E7200063F9669D64F9679D65F9689D66F9699D61
:10E7300067F96A9D68F96B9D69F96C9D6AF96D9D31
:10E740006BF96E9D6CF96F9D6DF9709D6EF9719D01
:10E750006FF9729D70F9739D71F9749D72F9759DD1
:10E7600073F9769D74F9779D75F9789D76F9799DA1
:10E7700077F97A9D78F97B9D79F97C9D7AF97D9D71
:10E780007BF97E9D7CF97F9D7DF9809D7EF9819D41
:10E7900080F9829D81F9839D82F9849D83F9859D0D
:10E7A00084F9869D85F9879D86F9889D87F9899DDD
:10E7B00088F98A9D89F98B9D8AF98C9D8BF98D9DAD
:10E7C0008CF98E9D8DF98F9D8EF9909D8FF9919D7D
:10E7D00090F9929D91F9939D92F9949D93F9959D4D
:10E7E00094F9969D95F9979D96F9989D97F9999D1D
:10E7F00098F99A9D99F99B9D9AF99C9D9BF99D9DED
:10E800009CF99E9D9DF99F9D9EF9A09D9FF9A19DBC
:10E81000A0F9A29D40FAA39D41FAA49D42FAA59DAC
:10E8200043FAA69D44FAA79D45FAA89D46FAA99DDC
:10E8300047FAAA9D48FAAB9D49FAAC9D4AFAAD9DAC
:10E840004BFAAE9D4CFAAF9D4DFAB09D4EFAB19D7C
:10E850004FFAB29D50FAB39D51FAB49D52FAB59D4C
:10E8600053FAB69D54FAB79D55FAB89D56FAB99D1C
:10E8700057FABA9D58FABB9D59FABC9D5AFABD9DEC
:10E880005BFABE9D5CFABF9D5DFAC09D5EFAC19DBC
:10E890005FFAC29D60FAC39D61FAC49D62FAC59D8C
:10E8A00063FAC69D64FAC79D65FAC89D66FAC99D5C
:10E8B00067FACA9D68FACB9D69FACC9D6AFACD9D2C
:10E8C0006BFACE9D6CFACF9D6DFAD09D6EFAD19DFC
:10E8D0006FFAD29D70FAD39D71FAD49D72FAD59DCC
:10E8E00073FAD69D74FAD79D75FAD89D76FAD99D9C
:10E8F00077FADA9D78FADB9D79FADC9D7AFADD9D6C
:10E900007BFADE9D7CFADF9D7DFAE09D7EFAE19D3B
:10E9100080FAE29D81FAE39D82FAE49D83FAE59D07
:10E9200084FAE69D85FAE79D86FAE89D87FAE99DD7
:10E9300088FAEA9D89FAEB9D8AFAEC9D8BFAED9DA7
:10E940008CFAEE9D8DFAEF9D8EFAF09D8FFAF19D77
:10E9500090FAF29D91FAF39D92FAF49D93FAF59D47
:10E9600094FAF69D95FAF79D96FAF89D97FAF99D17
:10E9700098FAFA9D99FAFB9D9AFAFC9D9BFAFD9DE7
:10E980009CFAFE9D9DFAFF9D9EFA009E9FFA019EB5
:10E99000A0FA029E40FB039E41FB049E42FB059EA3
:10E9A00043FB069E44FB079E45FB089E46FB099ED3
:10E9B00047FB0A9E48FB0B9E49FB0C9E4AFB0D9EA3
:10E9C0004BFB0E9E4CFB0F9E4DFB109E4EFB119E73
:10E9D0004FFB129E50FB139E51FB149E52FB159E43
:10E9E00053FB169E54FB179E55FB189E56FB199E13
:10E9F00057FB1A9E58FB1B9E59FB1C9E5AFB1D9EE3
:10EA00005BFB1E9E5CFB249E5DFB279E5EFB2E9E99
:10EA10005FFB309E60FB349E61FB3B9E62FB3C9E35
:10EA200063FB409E64FB4D9E65FB509E66FB529EC1
:10EA300067FB539E68FB549E69FB569E6AFB599E7A
:10EA40006BFB5D9E6CFB5F9E6DFB609E6EFB619E33
:10EA50006FFB629E70FB659E71FB6E9E72FB6F9EEC
:10EA600073FB729E74FB749E75FB759E76FB769E9F
:10EA700077FB779E78FB789E79FB799E7AFB7A9E6E
:10EA80007BFB7B9E7CFB7C9E7DFB7D9E7EFB809E3C
:10EA900080FB819E81FB839E82FB849E83FB859EFF
:10EAA00084FB869E85FB899E86FB8A9E87FB8C9EC7
:10EAB00088FB8D9E89FB8E9E8AFB8F9E8BFB909E92
:10EAC0008CFB919E8DFB949E8EFB959E8FFB969E5C
:10EAD00090FB979E91FB989E92FB999E93FB9A9E2A
:10EAE00094FB9B9E95FB9C9E96FB9E9E97FBA09EF7
:10EAF00098FBA19E99FBA29E9AFBA39E9BFBA49EC2
:10EB00009CFBA59E9DFBA79E9EFBA89E9FFBA99E8E
:10EB1000A0FBAA9E40FCAB9E41FCAC9E42FCAD9E7D
:10EB200043FCAE9E44FCAF9E45FCB09E46FCB19EAD
:10EB300047FCB29E48FCB39E49FCB59E4AFCB69E7B
:10EB40004BFCB79E4CFCB99E4DFCBA9E4EFCBC9E45
:10EB50004FFCBF9E50FCC09E51FCC19E52FCC29E09
:10EB600053FCC39E54FCC59E55FCC69E56FCC79ED6
:10EB700057FCC89E58FCCA9E59FCCB9E5AFCCC9EA2
:10EB80005BFCD09E5CFCD29E5DFCD39E5EFCD59E61
:10EB90005FFCD69E60FCD79E61FCD99E62FCDA9E2B
:10EBA00063FCDE9E64FCE19E65FCE39E66FCE49EE5
:10EBB00067FCE69E68FCE89E69FCEB9E6AFCEC9EA6
:10EBC0006BFCED9E6CFCEE9E6DFCF09E6EFCF19E6F
:10EBD0006FFCF29E70FCF39E71FCF49E72FCF59E3D
:10EBE00073FCF69E74FCF79E75FCF89E76FCFA9E0C
:10EBF00077FCFD9E78FCFF9E79FC009F7AFC019FCC
:10EC00007BFC029F7CFC039F7DFC049F7EFC059F98
:10EC100080FC069F81FC079F82FC089F83FC099F64
:10EC200084FC0A9F85FC0C9F86FC0F9F87FC119F2C
:10EC300088FC129F89FC149F8AFC159F8BFC169FF1
:10EC40008CFC189F8DFC1A9F8EFC1B9F8FFC1C9FB9
:10EC500090FC1D9F91FC1E9F92FC1F9F93FC219F87
:10EC600094FC239F95FC249F96FC259F97FC269F50
:10EC700098FC279F99FC289F9AFC299F9BFC2A9F20
:10EC80009CFC2B9F9DFC2D9F9EFC2E9F9FFC309FEC
:10EC9000A0FC319F40FD329F41FD339F42FD349FD8
:10ECA00043FD359F44FD369F45FD389F46FD3A9F05
:10ECB00047FD3C9F48FD3F9F49FD409F4AFD419FC6
:10ECC0004BFD429F4CFD439F4DFD459F4EFD469F92
:10ECD0004FFD479F50FD489F51FD499F52FD4A9F60
:10ECE00053FD4B9F54FD4C9F55FD4D9F56FD4E9F30
:10ECF00057FD4F9F58FD529F59FD539F5AFD549FFA
:10ED00005BFD559F5CFD569F5DFD579F5EFD589FC7
:10ED10005FFD599F60FD5A9F61FD5B9F62FD5C9F97
:10ED200063FD5D9F64FD5E9F65FD5F9F66FD609F67
:10ED300067FD619F68FD629F69FD639F6AFD649F37
:10ED40006BFD659F6CFD669F6DFD679F6EFD689F07
:10ED50006FFD699F70FD6A9F71FD6B9F72FD6C9FD7
:10ED600073FD6D9F74FD6E9F75FD6F9F76FD709FA7
:10ED700077FD719F78FD729F79FD739F7AFD749F77
:10ED80007BFD759F7CFD769F7DFD779F7EFD789F47
:10ED900080FD799F81FD7A9F82FD7B9F83FD7C9F13
:10EDA00084FD7D9F85FD7E9F86FD819F87FD829FDF
:10EDB00088FD8D9F89FD8E9F8AFD8F9F8BFD909F83
:10EDC0008CFD919F8DFD929F8EFD939F8FFD949F53
:10EDD00090FD959F91FD969F92FD979F93FD989F23
:10EDE00094FD9C9F95FD9D9F96FD9E9F97FDA19FE5
:10EDF00098FDA29F99FDA39F9AFDA49F9BFDA59FAF
:10EE00009CFD2CF99DFD79F99EFD95F99FFDE7F993
:10EE1000A0FDF1F940FE0CFA41FE0DFA42FE0EFA99
:10EE200043FE0FFA44FE11FA45FE13FA46FE14FAA9
:10EE300047FE18FA48FE1FFA49FE20FA4AFE21FA58
:10EE40004BFE23FA4CFE24FA4DFE27FA4EFE28FA1A
:10EE50004FFE29FA0000000061001A03E0001703CA
:10EE6000F8000703FF0001007801000130013201C2
:10EE70000601390110014A012E01790106018001C4
:10EE80004D004302810182018201840184018601D7
:10EE90008701870189018A018B018B018D018E0118
:10EEA0008F0190019101910193019401F601960166
:10EEB0009701980198013D029B019C019D01200250
:10EEC0009F01A001A001A201A201A401A401A60129
:10EED000A701A701A901AA01AB01AC01AC01AE01D8
:10EEE000AF01AF01B101B201B301B301B501B50189
:10EEF000B701B801B801BA01BB01BC01BC01BE0138
:10EF0000F701C001C101C201C301C401C501C401AF
:10EF1000C701C801C701CA01CB01CA01CD01100157
:10EF2000DD0101008E01DE011201F3010300F10198
:10EF3000F401F401F8012801220212013A02090049
:10EF4000652C3B023B023D02662C3F02400241021F
:10EF5000410246020A015302400081018601550226
:10EF600089018A0158028F015A0290015C025D02F8
:10EF70005E025F0293016102620294016402650213
:10EF800066026702970196016A02622C6C026D02AA
:10EF90006E029C01700271029D01730274029F0156
:10EFA00076027702780279027A027B027C02642C74
:10EFB0007E027F02A60181028202A90184028502EB
:10EFC00086028702AE014402B101B20145028D0200
:10EFD0008E028F0290029102B7017B030300FD03B2
:10EFE000FE03FF03AC0304008603880389038A033E
:10EFF000B1031103C2030200A303A303C403080364
:10F00000CC0303008C038E038F03D8031801F20393
:10F010000A00F903F303F403F503F603F703F70318
:10F02000F903FA03FA0330042003500410076004C4
:10F0300022018A043601C1040E01CF040100C0047C
:10F04000D00444016105260400007D1D0100632CED
:10F05000001E9601A01E5A01001F0806101F06067A
:10F06000201F0806301F0806401F0606511F070014
:10F07000591F521F5B1F541F5D1F561F5F1F601FCC
:10F080000806701F0E00BA1FBB1FC81FC91FCA1F6A
:10F09000CB1FDA1FDB1FF81FF91FEA1FEB1FFA1F38
:10F0A000FB1F801F0806901F0806A01F0806B01F40
:10F0B0000400B81FB91FB21FBC1FCC1F0100C31F23
:10F0C000D01F0206E01F0206E51F0100EC1FF31F20
:10F0D0000100FC1F4E210100322170211002842109
:10F0E00001008321D0241A05302C2F04602C02014A
:10F0F000672C0601752C0201802C6401002D260866
:10F1000041FF1A030000000028F10208000000205F
:10F1100040000000C410000868F102084000002010
:10F1200060480000D4100008000000000102030441
:10F130000102030406070809020406080000000093
:10F1400000000000666166747320746573740D0AB4
:10F1500000000000000000000000000000000000AF
:08F160000000000000000000A7
:0400000508000131BD
:00000001FF
